"row_type","path","bytes","sha256","functional_block","current_responsibility","authority_or_owner","phase3_target_destination","phase4_classification","phase4_evidence","characterization_state","compatibility_obligation","current_or_future_action","expected_successor","coverage_mode","block_level_invariant_reference","notes","protected_contract_behavior","target_test_taxonomy","characterization_role","associated_production_block","migration_relevance","future_action","compatibility_migration_protection","support_class","sub_responsibility","reads_or_depends_on","writes_or_controls","runtime_or_regression_protection","migration_prerequisite","protected_contract_or_behavior","test_taxonomy","compatibility_or_migration_role","phase4_relevance","future_migration_relevance","active_or_support_status","phase_coverage","unique_surface_analysis"
"HANDWRITTEN_PRODUCTION_DART","lib/app.dart","10032","1089E0511CBB2B90D90F0A9D59931E05A4F22D51BB0447049511FE3AF98CEF9A","app shell / composition","Composes the Flutter application shell, routes, theme and top-level feature wiring.","Engineering Profile and owning module contract","app/composition","TARGET FIT / RETAIN","Phase 4 evidence for app shell / composition; direct declaration/import scan of lib/app.dart (10032 bytes; SHA-256 1089E0511CBB2B90D90F0A9D59931E05A4F22D51BB0447049511FE3AF98CEF9A).","SUFFICIENT FOR CLASSIFICATION — implementation remains phase-gated","Owning module API and regression behavior","Retain under mapped target block; include in seam characterization","Application shell/runtime acceptance","DIRECTLY ANALYZED","","File-specific reconciliation: lib/app.dart responsibility, target and disposition checked against declarations/imports and the owning contract.","","","","","","","","","file-specific app implementation","no local project import; framework/primitive boundary","controls its named sub-responsibility without changing PREDMET authority","owning-block tests plus Phase 4 characterization register","target-block contract and regression evidence","","","","","","","",""
"HANDWRITTEN_PRODUCTION_DART","lib/main.dart","737","CB63B123970AA8BDB5D4E96D35ED73D5941A79E56DAFF034E7ADD33B7B7C17F3","app shell / composition","Bootstraps the Flutter process and launches the application shell.","Engineering Profile and owning module contract","app/composition","TARGET FIT / RETAIN","Phase 4 evidence for app shell / composition; direct declaration/import scan of lib/main.dart (737 bytes; SHA-256 CB63B123970AA8BDB5D4E96D35ED73D5941A79E56DAFF034E7ADD33B7B7C17F3).","SUFFICIENT FOR CLASSIFICATION — implementation remains phase-gated","Owning module API and regression behavior","Retain under mapped target block; include in seam characterization","Application shell/runtime acceptance","DIRECTLY ANALYZED","","File-specific reconciliation: lib/main.dart responsibility, target and disposition checked against declarations/imports and the owning contract.","","","","","","","","","file-specific main implementation","no local project import; framework/primitive boundary","controls its named sub-responsibility without changing PREDMET authority","owning-block tests plus Phase 4 characterization register","target-block contract and regression evidence","","","","","","","",""
"HANDWRITTEN_PRODUCTION_DART","lib/core/catalog/stock_catalog_identity.dart","3848","16845025BAB82360745CCD1A661A958F3D9A70906130CF65045D5B13A2696C50","KATALOG / catalog identity","Implements the stock catalog identity responsibility in its owning block.","Engineering Profile and owning module contract","features/katalog","TARGET FIT / RETAIN","Phase 4 evidence for KATALOG / catalog identity; direct declaration/import scan of lib/core/catalog/stock_catalog_identity.dart (3848 bytes; SHA-256 16845025BAB82360745CCD1A661A958F3D9A70906130CF65045D5B13A2696C50).","SUFFICIENT FOR CLASSIFICATION — implementation remains phase-gated","Owning module API and regression behavior","Retain under mapped target block; include in seam characterization","KATALOG acceptance matrix","DIRECTLY ANALYZED","","File-specific reconciliation: lib/core/catalog/stock_catalog_identity.dart responsibility, target and disposition checked against declarations/imports and the owning contract.","","","","","","","","","file-specific stock catalog identity implementation","no local project import; framework/primitive boundary","controls its named sub-responsibility without changing PREDMET authority","owning-block tests plus Phase 4 characterization register","target-block contract and regression evidence","","","","","","","",""
"HANDWRITTEN_PRODUCTION_DART","lib/core/config/app_config.dart","3526","95786D90F5A006F0B7B2771709D18BB7D79A0C23EEF5217328D1A4A6769F6B28","core/platform support","Implements the app config responsibility in its owning block.","Engineering Profile and owning module contract","core/platform support behind ports","TARGET FIT / RETAIN","Phase 4 evidence for core/platform support; direct declaration/import scan of lib/core/config/app_config.dart (3526 bytes; SHA-256 95786D90F5A006F0B7B2771709D18BB7D79A0C23EEF5217328D1A4A6769F6B28).","SUFFICIENT FOR CLASSIFICATION — implementation remains phase-gated","Owning module API and regression behavior","Retain under mapped target block; include in seam characterization","Core/platform compatibility characterization","DIRECTLY ANALYZED","","File-specific reconciliation: lib/core/config/app_config.dart responsibility, target and disposition checked against declarations/imports and the owning contract.","","","","","","","","","file-specific app config implementation","no local project import; framework/primitive boundary","controls its named sub-responsibility without changing PREDMET authority","owning-block tests plus Phase 4 characterization register","target-block contract and regression evidence","","","","","","","",""
"HANDWRITTEN_PRODUCTION_DART","lib/core/constants/iriu_constants.dart","3957","88570BC9DD1897CB1F378F03806ED88000ED62C3FB58EA04A2D14EAD4549598D","core/platform support","Implements the iriu constants responsibility in its owning block.","Engineering Profile and owning module contract","core/platform support behind ports","SPLIT / MERGE — IRiU CONTRACT BOUNDARY","Phase 4 evidence for core/platform support; direct declaration/import scan of lib/core/constants/iriu_constants.dart (3957 bytes; SHA-256 88570BC9DD1897CB1F378F03806ED88000ED62C3FB58EA04A2D14EAD4549598D).","PARTIAL — seam characterization required before migration","IRiU ordering/provenance/price and PREDMET truth contracts","Complete IRiU seam characterization before refactor","IRiU seam characterization","DIRECTLY ANALYZED","","File-specific reconciliation: lib/core/constants/iriu_constants.dart responsibility, target and disposition checked against declarations/imports and the owning contract.","","","","","","","","","IRiU truth/selection/lifecycle","no local project import; framework/primitive boundary","controls its named sub-responsibility without changing PREDMET authority","owning-block tests plus Phase 4 characterization register","IRiU ordering/provenance characterization","","","","","","","",""
"HANDWRITTEN_PRODUCTION_DART","lib/core/database/database.dart","86416","CB6408CA7A5FD1C5EDC6ADBC4BBA65AC3C2F2374E94901B25A5C30F7347D0A2A","infrastructure persistence / database","Owns Drift schema versioning, migrations, seed/repair hooks and database lifecycle.","Persistence/interoperability contracts; owner policy for external semantics","infrastructure/persistence","PARTIAL REWRITE CANDIDATE / SPLIT","Phase 4 evidence for infrastructure persistence / database; direct declaration/import scan of lib/core/database/database.dart (86416 bytes; SHA-256 CB6408CA7A5FD1C5EDC6ADBC4BBA65AC3C2F2374E94901B25A5C30F7347D0A2A).","PARTIAL — seam characterization required before migration","Schema v27, migration chain, generated Drift and recovery invariants","Characterize schema/migration/recovery before rewrite","Current-tip migration/recovery relational-integrity closure rehearsal","DIRECTLY ANALYZED","","File-specific reconciliation: lib/core/database/database.dart responsibility, target and disposition checked against declarations/imports and the owning contract.","","","","","","","","","schema versioning, migrations, seed and recovery coordination","relative imports: ../catalog/stock_catalog_identity.dart; ../config/app_config.dart; ../constants/iriu_constants.dart; ../utils/stable_id_generator.dart","controls schema/migration/recovery lane","migration, restore, round-trip and compatibility evidence required","characterization fixtures plus parity and rollback rehearsal","","","","","","","",""
"GENERATED_PRODUCTION_DART","lib/core/database/database.g.dart","984255","DE6F0AB03EBB6CB359E2EEDF9B52E448B6E0A37D866686B05E1F53099F434703","infrastructure persistence / generated Drift","Generated Drift implementation for database.dart schema and table accessors.","database.dart schema and generator/toolchain","infrastructure/generated","COMPATIBILITY INFRASTRUCTURE / RETAIN GENERATED","Generated-source boundary in Phase 4 DB report; lib/core/database/database.g.dart (984255 bytes; SHA-256 DE6F0AB03EBB6CB359E2EEDF9B52E448B6E0A37D866686B05E1F53099F434703).","GENERATED — validate by regeneration","Generated output must match schema v27 and generator version","Regenerate and compare after schema changes","Database generation/regeneration comparison","BLOCK-LEVEL INVARIANT","GEN-DB-001: database.g.dart is generated from database.dart and never hand-edited","Checked-in generated artifact; never hand-edited; regeneration must match database.dart schema and generator version.","","","","","","","","","","generated from lib/core/database/database.dart by Drift/build_runner; checked in for runtime compatibility","","","","","","","","","","",""
"HANDWRITTEN_PRODUCTION_DART","lib/core/database/database_lane_diagnostics.dart","2573","F70313D8C6E9BE71F318B82269A95A5321F98FA44CF6C803815607E548A8644D","infrastructure persistence / database","Reports database lane diagnostics for runtime and migration paths.","Persistence/interoperability contracts; owner policy for external semantics","infrastructure/persistence","COMPATIBILITY INFRASTRUCTURE / RETAIN-REFACTOR","Phase 4 evidence for infrastructure persistence / database; direct declaration/import scan of lib/core/database/database_lane_diagnostics.dart (2573 bytes; SHA-256 F70313D8C6E9BE71F318B82269A95A5321F98FA44CF6C803815607E548A8644D).","PARTIAL — seam characterization required before migration","Schema v27, migration chain, generated Drift and recovery invariants","Characterize schema/migration/recovery before rewrite","Current-tip migration/recovery relational-integrity closure rehearsal","DIRECTLY ANALYZED","","File-specific reconciliation: lib/core/database/database_lane_diagnostics.dart responsibility, target and disposition checked against declarations/imports and the owning contract.","","","","","","","","","file-specific database lane diagnostics implementation","relative imports: ../config/app_config.dart","controls schema/migration/recovery lane","migration, restore, round-trip and compatibility evidence required","schema migration/recovery fixture and restore rehearsal","","","","","","","",""
"HANDWRITTEN_PRODUCTION_DART","lib/core/database/migration_test_database_selector.dart","4282","0E248851F98A5DD8F684BDAC51FCB9879C43F314A677F269AB3DC6293D53E3FE","infrastructure persistence / database","Selects isolated migration-test database lanes.","Persistence/interoperability contracts; owner policy for external semantics","infrastructure/persistence","COMPATIBILITY INFRASTRUCTURE / RETAIN-REFACTOR","Phase 4 evidence for infrastructure persistence / database; direct declaration/import scan of lib/core/database/migration_test_database_selector.dart (4282 bytes; SHA-256 0E248851F98A5DD8F684BDAC51FCB9879C43F314A677F269AB3DC6293D53E3FE).","PARTIAL — seam characterization required before migration","Schema v27, migration chain, generated Drift and recovery invariants","Characterize schema/migration/recovery before rewrite","Current-tip migration/recovery relational-integrity closure rehearsal","DIRECTLY ANALYZED","","File-specific reconciliation: lib/core/database/migration_test_database_selector.dart responsibility, target and disposition checked against declarations/imports and the owning contract.","","","","","","","","","file-specific migration test database selector implementation","relative imports: ../config/app_config.dart","controls schema/migration/recovery lane","migration, restore, round-trip and compatibility evidence required","schema migration/recovery fixture and restore rehearsal","","","","","","","",""
"HANDWRITTEN_PRODUCTION_DART","lib/core/database/schema_recovery.dart","12829","C91ADAF3D17542CAD3E1702B7CCF2495F3830CAA8DFED5415992F2EEE9DB3B34","infrastructure persistence / database","Validates schema/recovery conditions and fails closed on incompatible state.","Persistence/interoperability contracts; owner policy for external semantics","infrastructure/persistence","COMPATIBILITY INFRASTRUCTURE / RETAIN-REFACTOR","Phase 4 evidence for infrastructure persistence / database; direct declaration/import scan of lib/core/database/schema_recovery.dart (12829 bytes; SHA-256 C91ADAF3D17542CAD3E1702B7CCF2495F3830CAA8DFED5415992F2EEE9DB3B34).","PARTIAL — seam characterization required before migration","Schema v27, migration chain, generated Drift and recovery invariants","Characterize schema/migration/recovery before rewrite","Current-tip migration/recovery relational-integrity closure rehearsal","DIRECTLY ANALYZED","","File-specific reconciliation: lib/core/database/schema_recovery.dart responsibility, target and disposition checked against declarations/imports and the owning contract.","","","","","","","","","schema validation and recovery gate","no local project import; framework/primitive boundary","controls schema/migration/recovery lane","migration, restore, round-trip and compatibility evidence required","schema migration/recovery fixture and restore rehearsal","","","","","","","",""
"HANDWRITTEN_PRODUCTION_DART","lib/core/database/tables/app_podesavanja_table.dart","927","C36027EE475FA963F7860F5F6F1B0EA63ECBF74AB22ECE8B8F48DACEE1997072","infrastructure persistence / database","Declares the Drift table for app podesavanja table persistence records.","Persistence/interoperability contracts; owner policy for external semantics","infrastructure/persistence","COMPATIBILITY INFRASTRUCTURE / RETAIN-REFACTOR","Phase 4 evidence for infrastructure persistence / database; direct declaration/import scan of lib/core/database/tables/app_podesavanja_table.dart (927 bytes; SHA-256 C36027EE475FA963F7860F5F6F1B0EA63ECBF74AB22ECE8B8F48DACEE1997072).","PARTIAL — seam characterization required before migration","Schema v27, migration chain, generated Drift and recovery invariants","Characterize schema/migration/recovery before rewrite","Current-tip migration/recovery relational-integrity closure rehearsal","DIRECTLY ANALYZED","","File-specific reconciliation: lib/core/database/tables/app_podesavanja_table.dart responsibility, target and disposition checked against declarations/imports and the owning contract.","","","","","","","","","persistence table: app podesavanja table","no local project import; framework/primitive boundary","controls persistence schema/table shape","migration, restore, round-trip and compatibility evidence required","schema migration/recovery fixture and restore rehearsal","","","","","","","",""
"HANDWRITTEN_PRODUCTION_DART","lib/core/database/tables/firma_podaci_table.dart","950","E1EF36140C0D6F0F74712B178BAF6DE673244D1963FE77787058A47634DD4316","infrastructure persistence / database","Declares the Drift table for firma podaci table persistence records.","Persistence/interoperability contracts; owner policy for external semantics","infrastructure/persistence","COMPATIBILITY INFRASTRUCTURE / RETAIN-REFACTOR","Phase 4 evidence for infrastructure persistence / database; direct declaration/import scan of lib/core/database/tables/firma_podaci_table.dart (950 bytes; SHA-256 E1EF36140C0D6F0F74712B178BAF6DE673244D1963FE77787058A47634DD4316).","PARTIAL — seam characterization required before migration","Schema v27, migration chain, generated Drift and recovery invariants","Characterize schema/migration/recovery before rewrite","Current-tip migration/recovery relational-integrity closure rehearsal","DIRECTLY ANALYZED","","File-specific reconciliation: lib/core/database/tables/firma_podaci_table.dart responsibility, target and disposition checked against declarations/imports and the owning contract.","","","","","","","","","persistence table: firma podaci table","no local project import; framework/primitive boundary","controls persistence schema/table shape","migration, restore, round-trip and compatibility evidence required","schema migration/recovery fixture and restore rehearsal","","","","","","","",""
"HANDWRITTEN_PRODUCTION_DART","lib/core/database/tables/iriu_katalog_config_table.dart","1271","4A475BD7E617AD770B08A4B66925BA839908DF611C7D5CCAD51F80C368361E36","infrastructure persistence / database","Declares the Drift table for iriu katalog config table persistence records.","Persistence/interoperability contracts; owner policy for external semantics","infrastructure/persistence","COMPATIBILITY INFRASTRUCTURE / RETAIN-REFACTOR","Phase 4 evidence for infrastructure persistence / database; direct declaration/import scan of lib/core/database/tables/iriu_katalog_config_table.dart (1271 bytes; SHA-256 4A475BD7E617AD770B08A4B66925BA839908DF611C7D5CCAD51F80C368361E36).","PARTIAL — seam characterization required before migration","Schema v27, migration chain, generated Drift and recovery invariants","Characterize schema/migration/recovery before rewrite","Current-tip migration/recovery relational-integrity closure rehearsal","DIRECTLY ANALYZED","","File-specific reconciliation: lib/core/database/tables/iriu_katalog_config_table.dart responsibility, target and disposition checked against declarations/imports and the owning contract.","","","","","","","","","persistence table: iriu katalog config table","no local project import; framework/primitive boundary","controls persistence schema/table shape","migration, restore, round-trip and compatibility evidence required","schema migration/recovery fixture and restore rehearsal","","","","","","","",""
"HANDWRITTEN_PRODUCTION_DART","lib/core/database/tables/iriu_provenance_table.dart","756","764346A2A6473F2F67C9961224D7E9699BC091140F77E44A02E70603FB60BDA7","infrastructure persistence / database","Declares the Drift table for iriu provenance table persistence records.","Persistence/interoperability contracts; owner policy for external semantics","infrastructure/persistence","COMPATIBILITY INFRASTRUCTURE / RETAIN-REFACTOR","Phase 4 evidence for infrastructure persistence / database; direct declaration/import scan of lib/core/database/tables/iriu_provenance_table.dart (756 bytes; SHA-256 764346A2A6473F2F67C9961224D7E9699BC091140F77E44A02E70603FB60BDA7).","PARTIAL — seam characterization required before migration","Schema v27, migration chain, generated Drift and recovery invariants","Characterize schema/migration/recovery before rewrite","Current-tip migration/recovery relational-integrity closure rehearsal","DIRECTLY ANALYZED","","File-specific reconciliation: lib/core/database/tables/iriu_provenance_table.dart responsibility, target and disposition checked against declarations/imports and the owning contract.","","","","","","","","","persistence table: iriu provenance table","no local project import; framework/primitive boundary","controls persistence schema/table shape","migration, restore, round-trip and compatibility evidence required","schema migration/recovery fixture and restore rehearsal","","","","","","","",""
"HANDWRITTEN_PRODUCTION_DART","lib/core/database/tables/iriu_table.dart","2591","596A994C08D290B3E1C22EB7F7C10855FEECC68577C11034EA03E638FD7CAECD","infrastructure persistence / database","Declares the Drift table for iriu table persistence records.","Persistence/interoperability contracts; owner policy for external semantics","infrastructure/persistence","COMPATIBILITY INFRASTRUCTURE / RETAIN-REFACTOR","Phase 4 evidence for infrastructure persistence / database; direct declaration/import scan of lib/core/database/tables/iriu_table.dart (2591 bytes; SHA-256 596A994C08D290B3E1C22EB7F7C10855FEECC68577C11034EA03E638FD7CAECD).","PARTIAL — seam characterization required before migration","Schema v27, migration chain, generated Drift and recovery invariants","Characterize schema/migration/recovery before rewrite","Current-tip migration/recovery relational-integrity closure rehearsal","DIRECTLY ANALYZED","","File-specific reconciliation: lib/core/database/tables/iriu_table.dart responsibility, target and disposition checked against declarations/imports and the owning contract.","","","","","","","","","persistence table: iriu table","no local project import; framework/primitive boundary","controls persistence schema/table shape","migration, restore, round-trip and compatibility evidence required","schema migration/recovery fixture and restore rehearsal","","","","","","","",""
"HANDWRITTEN_PRODUCTION_DART","lib/core/database/tables/katalog_artikli_table.dart","660","B54EE24162487D087DD9443AA96B32F9F753D7A18CB950028AA263F4598491B7","infrastructure persistence / database","Declares the Drift table for katalog artikli table persistence records.","Persistence/interoperability contracts; owner policy for external semantics","infrastructure/persistence","COMPATIBILITY INFRASTRUCTURE / RETAIN-REFACTOR","Phase 4 evidence for infrastructure persistence / database; direct declaration/import scan of lib/core/database/tables/katalog_artikli_table.dart (660 bytes; SHA-256 B54EE24162487D087DD9443AA96B32F9F753D7A18CB950028AA263F4598491B7).","PARTIAL — seam characterization required before migration","Schema v27, migration chain, generated Drift and recovery invariants","Characterize schema/migration/recovery before rewrite","Current-tip migration/recovery relational-integrity closure rehearsal","DIRECTLY ANALYZED","","File-specific reconciliation: lib/core/database/tables/katalog_artikli_table.dart responsibility, target and disposition checked against declarations/imports and the owning contract.","","","","","","","","","persistence table: katalog artikli table","no local project import; framework/primitive boundary","controls persistence schema/table shape","migration, restore, round-trip and compatibility evidence required","schema migration/recovery fixture and restore rehearsal","","","","","","","",""
"HANDWRITTEN_PRODUCTION_DART","lib/core/database/tables/kontakt_lica_table.dart","674","23E4E9272D216D00434636D4BE55B34671E8C00FECDBB9F351E48F4EC6CE0429","infrastructure persistence / database","Declares the Drift table for kontakt lica table persistence records.","Persistence/interoperability contracts; owner policy for external semantics","infrastructure/persistence","COMPATIBILITY INFRASTRUCTURE / RETAIN-REFACTOR","Phase 4 evidence for infrastructure persistence / database; direct declaration/import scan of lib/core/database/tables/kontakt_lica_table.dart (674 bytes; SHA-256 23E4E9272D216D00434636D4BE55B34671E8C00FECDBB9F351E48F4EC6CE0429).","PARTIAL — seam characterization required before migration","Schema v27, migration chain, generated Drift and recovery invariants","Characterize schema/migration/recovery before rewrite","Current-tip migration/recovery relational-integrity closure rehearsal","DIRECTLY ANALYZED","","File-specific reconciliation: lib/core/database/tables/kontakt_lica_table.dart responsibility, target and disposition checked against declarations/imports and the owning contract.","","","","","","","","","persistence table: kontakt lica table","no local project import; framework/primitive boundary","controls persistence schema/table shape","migration, restore, round-trip and compatibility evidence required","schema migration/recovery fixture and restore rehearsal","","","","","","","",""
"HANDWRITTEN_PRODUCTION_DART","lib/core/database/tables/korisnici_table.dart","384","B35FA5B5243D04A701BFC3A78ADF55F2840945EC81DB384397C27E0F87A98AE7","infrastructure persistence / database","Declares the Drift table for korisnici table persistence records.","Persistence/interoperability contracts; owner policy for external semantics","infrastructure/persistence","COMPATIBILITY INFRASTRUCTURE / RETAIN-REFACTOR","Phase 4 evidence for infrastructure persistence / database; direct declaration/import scan of lib/core/database/tables/korisnici_table.dart (384 bytes; SHA-256 B35FA5B5243D04A701BFC3A78ADF55F2840945EC81DB384397C27E0F87A98AE7).","PARTIAL — seam characterization required before migration","Schema v27, migration chain, generated Drift and recovery invariants","Characterize schema/migration/recovery before rewrite","Current-tip migration/recovery relational-integrity closure rehearsal","DIRECTLY ANALYZED","","File-specific reconciliation: lib/core/database/tables/korisnici_table.dart responsibility, target and disposition checked against declarations/imports and the owning contract.","","","","","","","","","persistence table: korisnici table","no local project import; framework/primitive boundary","controls persistence schema/table shape","migration, restore, round-trip and compatibility evidence required","schema migration/recovery fixture and restore rehearsal","","","","","","","",""
"HANDWRITTEN_PRODUCTION_DART","lib/core/database/tables/log_izmena_table.dart","526","D44F4998143E41FD240B920A6A5229E999FA57474EA54CE06C7B4DAC64469D6C","infrastructure persistence / database","Declares the Drift table for log izmena table persistence records.","Persistence/interoperability contracts; owner policy for external semantics","infrastructure/persistence","COMPATIBILITY INFRASTRUCTURE / RETAIN-REFACTOR","Phase 4 evidence for infrastructure persistence / database; direct declaration/import scan of lib/core/database/tables/log_izmena_table.dart (526 bytes; SHA-256 D44F4998143E41FD240B920A6A5229E999FA57474EA54CE06C7B4DAC64469D6C).","PARTIAL — seam characterization required before migration","Schema v27, migration chain, generated Drift and recovery invariants","Characterize schema/migration/recovery before rewrite","Current-tip migration/recovery relational-integrity closure rehearsal","DIRECTLY ANALYZED","","File-specific reconciliation: lib/core/database/tables/log_izmena_table.dart responsibility, target and disposition checked against declarations/imports and the owning contract.","","","","","","","","","persistence table: log izmena table","no local project import; framework/primitive boundary","controls persistence schema/table shape","migration, restore, round-trip and compatibility evidence required","schema migration/recovery fixture and restore rehearsal","","","","","","","",""
"HANDWRITTEN_PRODUCTION_DART","lib/core/database/tables/parte_predlosci_table.dart","627","DDC21A4B0E84B8479B93EE94EDFD12F97490C02C8747B1ACF1140E3CCE3E2777","infrastructure persistence / database","Declares the Drift table for parte predlosci table persistence records.","Persistence/interoperability contracts; owner policy for external semantics","infrastructure/persistence","COMPATIBILITY INFRASTRUCTURE / RETAIN-REFACTOR","Phase 4 evidence for infrastructure persistence / database; direct declaration/import scan of lib/core/database/tables/parte_predlosci_table.dart (627 bytes; SHA-256 DDC21A4B0E84B8479B93EE94EDFD12F97490C02C8747B1ACF1140E3CCE3E2777).","PARTIAL — seam characterization required before migration","Schema v27, migration chain, generated Drift and recovery invariants","Characterize schema/migration/recovery before rewrite","Current-tip migration/recovery relational-integrity closure rehearsal","DIRECTLY ANALYZED","","File-specific reconciliation: lib/core/database/tables/parte_predlosci_table.dart responsibility, target and disposition checked against declarations/imports and the owning contract.","","","","","","","","","persistence table: parte predlosci table","no local project import; framework/primitive boundary","controls persistence schema/table shape","migration, restore, round-trip and compatibility evidence required","schema migration/recovery fixture and restore rehearsal","","","","","","","",""
"HANDWRITTEN_PRODUCTION_DART","lib/core/database/tables/parte_pripreme_table.dart","1912","3D87A9C15AF816EB1CEA3739EED548D493C77FFBBCA2626184E5FBD4705ABFD6","infrastructure persistence / database","Declares the Drift table for parte pripreme table persistence records.","Persistence/interoperability contracts; owner policy for external semantics","infrastructure/persistence","COMPATIBILITY INFRASTRUCTURE / RETAIN-REFACTOR","Phase 4 evidence for infrastructure persistence / database; direct declaration/import scan of lib/core/database/tables/parte_pripreme_table.dart (1912 bytes; SHA-256 3D87A9C15AF816EB1CEA3739EED548D493C77FFBBCA2626184E5FBD4705ABFD6).","PARTIAL — seam characterization required before migration","Schema v27, migration chain, generated Drift and recovery invariants","Characterize schema/migration/recovery before rewrite","Current-tip migration/recovery relational-integrity closure rehearsal","DIRECTLY ANALYZED","","File-specific reconciliation: lib/core/database/tables/parte_pripreme_table.dart responsibility, target and disposition checked against declarations/imports and the owning contract.","","","","","","","","","persistence table: parte pripreme table","no local project import; framework/primitive boundary","controls persistence schema/table shape","migration, restore, round-trip and compatibility evidence required","schema migration/recovery fixture and restore rehearsal","","","","","","","",""
"HANDWRITTEN_PRODUCTION_DART","lib/core/database/tables/predlosci_dokumenata_table.dart","777","C76207B8628478419FFB86DBD80F5A137E29E2CAA59CEBF809A9C36A0F55E0B4","infrastructure persistence / database","Declares the Drift table for predlosci dokumenata table persistence records.","Persistence/interoperability contracts; owner policy for external semantics","infrastructure/persistence","COMPATIBILITY INFRASTRUCTURE / RETAIN-REFACTOR","Phase 4 evidence for infrastructure persistence / database; direct declaration/import scan of lib/core/database/tables/predlosci_dokumenata_table.dart (777 bytes; SHA-256 C76207B8628478419FFB86DBD80F5A137E29E2CAA59CEBF809A9C36A0F55E0B4).","PARTIAL — seam characterization required before migration","Schema v27, migration chain, generated Drift and recovery invariants","Characterize schema/migration/recovery before rewrite","Current-tip migration/recovery relational-integrity closure rehearsal","DIRECTLY ANALYZED","","File-specific reconciliation: lib/core/database/tables/predlosci_dokumenata_table.dart responsibility, target and disposition checked against declarations/imports and the owning contract.","","","","","","","","","persistence table: predlosci dokumenata table","no local project import; framework/primitive boundary","controls persistence schema/table shape","migration, restore, round-trip and compatibility evidence required","schema migration/recovery fixture and restore rehearsal","","","","","","","",""
"HANDWRITTEN_PRODUCTION_DART","lib/core/database/tables/predmeti_table.dart","12458","817DAC0F56A02F48F1F86BDCA7FD4B57F66D72CF8A10052DCEEA62B7F2901A4D","infrastructure persistence / database","Declares the Drift table for predmeti table persistence records.","Persistence/interoperability contracts; owner policy for external semantics","infrastructure/persistence","COMPATIBILITY INFRASTRUCTURE / RETAIN-REFACTOR","Phase 4 evidence for infrastructure persistence / database; direct declaration/import scan of lib/core/database/tables/predmeti_table.dart (12458 bytes; SHA-256 817DAC0F56A02F48F1F86BDCA7FD4B57F66D72CF8A10052DCEEA62B7F2901A4D).","PARTIAL — seam characterization required before migration","Schema v27, migration chain, generated Drift and recovery invariants","Characterize schema/migration/recovery before rewrite","Current-tip migration/recovery relational-integrity closure rehearsal","DIRECTLY ANALYZED","","File-specific reconciliation: lib/core/database/tables/predmeti_table.dart responsibility, target and disposition checked against declarations/imports and the owning contract.","","","","","","","","","persistence table: predmeti table","no local project import; framework/primitive boundary","controls persistence schema/table shape","migration, restore, round-trip and compatibility evidence required","schema migration/recovery fixture and restore rehearsal","","","","","","","",""
"HANDWRITTEN_PRODUCTION_DART","lib/core/database/tables/predmet_scenario_snapshots_table.dart","804","4B2418220FDCDD447D3562B2C199631AFFBE9739852E6B79DE3C575553DFC33C","infrastructure persistence / database","Declares the Drift table for predmet scenario snapshots table persistence records.","Persistence/interoperability contracts; owner policy for external semantics","infrastructure/persistence","COMPATIBILITY INFRASTRUCTURE / RETAIN-REFACTOR","Phase 4 evidence for infrastructure persistence / database; direct declaration/import scan of lib/core/database/tables/predmet_scenario_snapshots_table.dart (804 bytes; SHA-256 4B2418220FDCDD447D3562B2C199631AFFBE9739852E6B79DE3C575553DFC33C).","PARTIAL — seam characterization required before migration","Schema v27, migration chain, generated Drift and recovery invariants","Characterize schema/migration/recovery before rewrite","Current-tip migration/recovery relational-integrity closure rehearsal","DIRECTLY ANALYZED","","File-specific reconciliation: lib/core/database/tables/predmet_scenario_snapshots_table.dart responsibility, target and disposition checked against declarations/imports and the owning contract.","","","","","","","","","persistence table: predmet scenario snapshots table","no local project import; framework/primitive boundary","controls persistence schema/table shape","locked SCENARIO tests, golden fixtures and runtime contracts","explicit SCENARIO unlock only; otherwise none","","","","","","","",""
"HANDWRITTEN_PRODUCTION_DART","lib/core/database/tables/scenario_definitions_table.dart","1037","0164DEDEEEE50427E67F5CD269413AE264FC9FD157DF4BB1AE52C6157A9B21C1","infrastructure persistence / database","Declares the Drift table for scenario definitions table persistence records.","Persistence/interoperability contracts; owner policy for external semantics","infrastructure/persistence","COMPATIBILITY INFRASTRUCTURE / RETAIN-REFACTOR","Phase 4 evidence for infrastructure persistence / database; direct declaration/import scan of lib/core/database/tables/scenario_definitions_table.dart (1037 bytes; SHA-256 0164DEDEEEE50427E67F5CD269413AE264FC9FD157DF4BB1AE52C6157A9B21C1).","PARTIAL — seam characterization required before migration","Schema v27, migration chain, generated Drift and recovery invariants","Characterize schema/migration/recovery before rewrite","Current-tip migration/recovery relational-integrity closure rehearsal","DIRECTLY ANALYZED","","File-specific reconciliation: lib/core/database/tables/scenario_definitions_table.dart responsibility, target and disposition checked against declarations/imports and the owning contract.","","","","","","","","","persistence table: scenario definitions table","no local project import; framework/primitive boundary","controls persistence schema/table shape","locked SCENARIO tests, golden fixtures and runtime contracts","explicit SCENARIO unlock only; otherwise none","","","","","","","",""
"HANDWRITTEN_PRODUCTION_DART","lib/core/database/tables/scenario_modules_table.dart","654","2FE4EBDF11C841CBA5DCAF598CC49EB2C32D955A92FC771A1D44A6A1899CD7B7","infrastructure persistence / database","Declares the Drift table for scenario modules table persistence records.","Persistence/interoperability contracts; owner policy for external semantics","infrastructure/persistence","COMPATIBILITY INFRASTRUCTURE / RETAIN-REFACTOR","Phase 4 evidence for infrastructure persistence / database; direct declaration/import scan of lib/core/database/tables/scenario_modules_table.dart (654 bytes; SHA-256 2FE4EBDF11C841CBA5DCAF598CC49EB2C32D955A92FC771A1D44A6A1899CD7B7).","PARTIAL — seam characterization required before migration","Schema v27, migration chain, generated Drift and recovery invariants","Characterize schema/migration/recovery before rewrite","Current-tip migration/recovery relational-integrity closure rehearsal","DIRECTLY ANALYZED","","File-specific reconciliation: lib/core/database/tables/scenario_modules_table.dart responsibility, target and disposition checked against declarations/imports and the owning contract.","","","","","","","","","persistence table: scenario modules table","no local project import; framework/primitive boundary","controls persistence schema/table shape","locked SCENARIO tests, golden fixtures and runtime contracts","explicit SCENARIO unlock only; otherwise none","","","","","","","",""
"HANDWRITTEN_PRODUCTION_DART","lib/core/database/tables/stanje_robe_applied_effects_table.dart","972","72482238585E0F9EFA29380CD601074E0FE36171C81572D35AE5B47607DF1001","infrastructure persistence / database","Declares the Drift table for stanje robe applied effects table persistence records.","Persistence/interoperability contracts; owner policy for external semantics","infrastructure/persistence","COMPATIBILITY INFRASTRUCTURE / RETAIN-REFACTOR","Phase 4 evidence for infrastructure persistence / database; direct declaration/import scan of lib/core/database/tables/stanje_robe_applied_effects_table.dart (972 bytes; SHA-256 72482238585E0F9EFA29380CD601074E0FE36171C81572D35AE5B47607DF1001).","PARTIAL — seam characterization required before migration","Schema v27, migration chain, generated Drift and recovery invariants","Characterize schema/migration/recovery before rewrite","Current-tip migration/recovery relational-integrity closure rehearsal","DIRECTLY ANALYZED","","File-specific reconciliation: lib/core/database/tables/stanje_robe_applied_effects_table.dart responsibility, target and disposition checked against declarations/imports and the owning contract.","","","","","","","","","persistence table: stanje robe applied effects table","no local project import; framework/primitive boundary","controls persistence schema/table shape","migration, restore, round-trip and compatibility evidence required","schema migration/recovery fixture and restore rehearsal","","","","","","","",""
"HANDWRITTEN_PRODUCTION_DART","lib/core/database/tables/stanje_robe_posledice_table.dart","1776","014B95FDFF994A99873A30E7138C2B7E02CBF53A92A5C508CB0FDF012623CF0A","infrastructure persistence / database","Declares the Drift table for stanje robe posledice table persistence records.","Persistence/interoperability contracts; owner policy for external semantics","infrastructure/persistence","COMPATIBILITY INFRASTRUCTURE / RETAIN-REFACTOR","Phase 4 evidence for infrastructure persistence / database; direct declaration/import scan of lib/core/database/tables/stanje_robe_posledice_table.dart (1776 bytes; SHA-256 014B95FDFF994A99873A30E7138C2B7E02CBF53A92A5C508CB0FDF012623CF0A).","PARTIAL — seam characterization required before migration","Schema v27, migration chain, generated Drift and recovery invariants","Characterize schema/migration/recovery before rewrite","Current-tip migration/recovery relational-integrity closure rehearsal","DIRECTLY ANALYZED","","File-specific reconciliation: lib/core/database/tables/stanje_robe_posledice_table.dart responsibility, target and disposition checked against declarations/imports and the owning contract.","","","","","","","","","persistence table: stanje robe posledice table","no local project import; framework/primitive boundary","controls persistence schema/table shape","migration, restore, round-trip and compatibility evidence required","schema migration/recovery fixture and restore rehearsal","","","","","","","",""
"HANDWRITTEN_PRODUCTION_DART","lib/core/database/tables/stanje_robe_stavke_table.dart","812","75E71A6A267557ABF0A01AD1717E3B682BB05960DD894140BDED1FAEBBA77406","infrastructure persistence / database","Declares the Drift table for stanje robe stavke table persistence records.","Persistence/interoperability contracts; owner policy for external semantics","infrastructure/persistence","COMPATIBILITY INFRASTRUCTURE / RETAIN-REFACTOR","Phase 4 evidence for infrastructure persistence / database; direct declaration/import scan of lib/core/database/tables/stanje_robe_stavke_table.dart (812 bytes; SHA-256 75E71A6A267557ABF0A01AD1717E3B682BB05960DD894140BDED1FAEBBA77406).","PARTIAL — seam characterization required before migration","Schema v27, migration chain, generated Drift and recovery invariants","Characterize schema/migration/recovery before rewrite","Current-tip migration/recovery relational-integrity closure rehearsal","DIRECTLY ANALYZED","","File-specific reconciliation: lib/core/database/tables/stanje_robe_stavke_table.dart responsibility, target and disposition checked against declarations/imports and the owning contract.","","","","","","","","","persistence table: stanje robe stavke table","no local project import; framework/primitive boundary","controls persistence schema/table shape","migration, restore, round-trip and compatibility evidence required","schema migration/recovery fixture and restore rehearsal","","","","","","","",""
"HANDWRITTEN_PRODUCTION_DART","lib/core/entitlements/opc_canonical_json.dart","1305","210068BD8DC9B1A1D7FE83FADC59C1EB0AC1F05C954BFE2A3E203924191D437F","identity/settings / entitlements","Implements the opc canonical json responsibility in its owning block.","Engineering Profile plus owner-gated package semantics","features/identity_settings","MOVE / SPLIT — IDENTITY/SETTINGS BOUNDARY","Phase 4 evidence for identity/settings / entitlements; direct declaration/import scan of lib/core/entitlements/opc_canonical_json.dart (1305 bytes; SHA-256 210068BD8DC9B1A1D7FE83FADC59C1EB0AC1F05C954BFE2A3E203924191D437F).","SUFFICIENT FOR CLASSIFICATION — implementation remains phase-gated","Entitlement payload/signature/install binding","Retain under mapped target block; include in seam characterization","Identity/recovery and entitlement acceptance","DIRECTLY ANALYZED","","File-specific reconciliation: lib/core/entitlements/opc_canonical_json.dart responsibility, target and disposition checked against declarations/imports and the owning contract.","","","","","","","","","serialization/versioning/validation boundary","no local project import; framework/primitive boundary","controls its named sub-responsibility without changing PREDMET authority","migration, restore, round-trip and compatibility evidence required","versioned JSON fixtures and round-trip compatibility harness","","","","","","","",""
"HANDWRITTEN_PRODUCTION_DART","lib/core/entitlements/opc_entitlement_policy.dart","18255","696EE7CC89DB7DC4322FD773DFE58852A22EC6349D79D04455A67C8E37CA611F","identity/settings / entitlements","Evaluates opc entitlement policy policy without changing owner meaning.","Engineering Profile plus owner-gated package semantics","features/identity_settings","MOVE / SPLIT — IDENTITY/SETTINGS BOUNDARY","Phase 4 evidence for identity/settings / entitlements; direct declaration/import scan of lib/core/entitlements/opc_entitlement_policy.dart (18255 bytes; SHA-256 696EE7CC89DB7DC4322FD773DFE58852A22EC6349D79D04455A67C8E37CA611F).","SUFFICIENT FOR CLASSIFICATION — implementation remains phase-gated","Entitlement payload/signature/install binding","Retain under mapped target block; include in seam characterization","Identity/recovery and entitlement acceptance","DIRECTLY ANALYZED","","File-specific reconciliation: lib/core/entitlements/opc_entitlement_policy.dart responsibility, target and disposition checked against declarations/imports and the owning contract.","","","","","","","","","file-specific opc entitlement policy implementation","no local project import; framework/primitive boundary","controls policy evaluation/financial projection","owning-block tests plus Phase 4 characterization register","target-block contract and regression evidence","","","","","","","",""
"HANDWRITTEN_PRODUCTION_DART","lib/core/entitlements/opc_license_public_key_registry.dart","1348","C751308CE1A4B80AABAEE04E02BCF31ECF987FC39378B4E35CB1DE4816658CF3","identity/settings / entitlements","Implements the opc license public key registry responsibility in its owning block.","Engineering Profile plus owner-gated package semantics","features/identity_settings","MOVE / SPLIT — IDENTITY/SETTINGS BOUNDARY","Phase 4 evidence for identity/settings / entitlements; direct declaration/import scan of lib/core/entitlements/opc_license_public_key_registry.dart (1348 bytes; SHA-256 C751308CE1A4B80AABAEE04E02BCF31ECF987FC39378B4E35CB1DE4816658CF3).","SUFFICIENT FOR CLASSIFICATION — implementation remains phase-gated","Entitlement payload/signature/install binding","Retain under mapped target block; include in seam characterization","Identity/recovery and entitlement acceptance","DIRECTLY ANALYZED","","File-specific reconciliation: lib/core/entitlements/opc_license_public_key_registry.dart responsibility, target and disposition checked against declarations/imports and the owning contract.","","","","","","","","","file-specific opc license public key registry implementation","no local project import; framework/primitive boundary","controls its named sub-responsibility without changing PREDMET authority","owning-block tests plus Phase 4 characterization register","target-block contract and regression evidence","","","","","","","",""
"HANDWRITTEN_PRODUCTION_DART","lib/core/entitlements/opc_license_signature_verifier.dart","4265","F11F3767BAE330DC0E4FEFE3503E2AE06EFE10DB9245AB7DBDC4050CB638A190","identity/settings / entitlements","Implements the opc license signature verifier responsibility in its owning block.","Engineering Profile plus owner-gated package semantics","features/identity_settings","MOVE / SPLIT — IDENTITY/SETTINGS BOUNDARY","Phase 4 evidence for identity/settings / entitlements; direct declaration/import scan of lib/core/entitlements/opc_license_signature_verifier.dart (4265 bytes; SHA-256 F11F3767BAE330DC0E4FEFE3503E2AE06EFE10DB9245AB7DBDC4050CB638A190).","SUFFICIENT FOR CLASSIFICATION — implementation remains phase-gated","Entitlement payload/signature/install binding","Retain under mapped target block; include in seam characterization","Identity/recovery and entitlement acceptance","DIRECTLY ANALYZED","","File-specific reconciliation: lib/core/entitlements/opc_license_signature_verifier.dart responsibility, target and disposition checked against declarations/imports and the owning contract.","","","","","","","","","file-specific opc license signature verifier implementation","no local project import; framework/primitive boundary","controls its named sub-responsibility without changing PREDMET authority","owning-block tests plus Phase 4 characterization register","target-block contract and regression evidence","","","","","","","",""
"HANDWRITTEN_PRODUCTION_DART","lib/core/entitlements/opc_local_license_bootstrap_service.dart","5267","F78F426253B342D57066702B50794C49933BD3478D65F6AC9A11799E954284A9","identity/settings / entitlements","Implements the opc local license bootstrap service state transition or projection service.","Engineering Profile plus owner-gated package semantics","features/identity_settings","MOVE / SPLIT — IDENTITY/SETTINGS BOUNDARY","Phase 4 evidence for identity/settings / entitlements; direct declaration/import scan of lib/core/entitlements/opc_local_license_bootstrap_service.dart (5267 bytes; SHA-256 F78F426253B342D57066702B50794C49933BD3478D65F6AC9A11799E954284A9).","SUFFICIENT FOR CLASSIFICATION — implementation remains phase-gated","Entitlement payload/signature/install binding","Retain under mapped target block; include in seam characterization","Identity/recovery and entitlement acceptance","DIRECTLY ANALYZED","","File-specific reconciliation: lib/core/entitlements/opc_local_license_bootstrap_service.dart responsibility, target and disposition checked against declarations/imports and the owning contract.","","","","","","","","","domain/application service","relative imports: ../installation/opc_installation_id_repository.dart","controls its named sub-responsibility without changing PREDMET authority","owning-block tests plus Phase 4 characterization register","target-block contract and regression evidence","","","","","","","",""
"HANDWRITTEN_PRODUCTION_DART","lib/core/entitlements/opc_local_license_model.dart","3581","2F0285B1488ABC5910B665EEC15716D919296E4C6A3970F6F428C13895919724","identity/settings / entitlements","Defines typed opc local license model values.","Engineering Profile plus owner-gated package semantics","features/identity_settings","MOVE / SPLIT — IDENTITY/SETTINGS BOUNDARY","Phase 4 evidence for identity/settings / entitlements; direct declaration/import scan of lib/core/entitlements/opc_local_license_model.dart (3581 bytes; SHA-256 2F0285B1488ABC5910B665EEC15716D919296E4C6A3970F6F428C13895919724).","SUFFICIENT FOR CLASSIFICATION — implementation remains phase-gated","Entitlement payload/signature/install binding","Retain under mapped target block; include in seam characterization","Identity/recovery and entitlement acceptance","DIRECTLY ANALYZED","","File-specific reconciliation: lib/core/entitlements/opc_local_license_model.dart responsibility, target and disposition checked against declarations/imports and the owning contract.","","","","","","","","","typed domain model","no local project import; framework/primitive boundary","controls its named sub-responsibility without changing PREDMET authority","owning-block tests plus Phase 4 characterization register","target-block contract and regression evidence","","","","","","","",""
"HANDWRITTEN_PRODUCTION_DART","lib/core/entitlements/opc_local_license_parser.dart","10534","76E4CCEB6D2E6398722155F234D540DEEF8FCCC0288583C4909376AE0264B379","identity/settings / entitlements","Implements opc local license parser transformation or resolution behavior.","Engineering Profile plus owner-gated package semantics","features/identity_settings","MOVE / SPLIT — IDENTITY/SETTINGS BOUNDARY","Phase 4 evidence for identity/settings / entitlements; direct declaration/import scan of lib/core/entitlements/opc_local_license_parser.dart (10534 bytes; SHA-256 76E4CCEB6D2E6398722155F234D540DEEF8FCCC0288583C4909376AE0264B379).","SUFFICIENT FOR CLASSIFICATION — implementation remains phase-gated","Entitlement payload/signature/install binding","Retain under mapped target block; include in seam characterization","Identity/recovery and entitlement acceptance","DIRECTLY ANALYZED","","File-specific reconciliation: lib/core/entitlements/opc_local_license_parser.dart responsibility, target and disposition checked against declarations/imports and the owning contract.","","","","","","","","","file-specific opc local license parser implementation","no local project import; framework/primitive boundary","controls its named sub-responsibility without changing PREDMET authority","owning-block tests plus Phase 4 characterization register","target-block contract and regression evidence","","","","","","","",""
"HANDWRITTEN_PRODUCTION_DART","lib/core/entitlements/opc_local_license_repository.dart","1235","E76685434BAE66B359AE17BE5052D9051266F341A2267038BFC3360E3361B544","identity/settings / entitlements","Provides the opc local license repository data-access boundary.","Engineering Profile plus owner-gated package semantics","features/identity_settings","MOVE / SPLIT — IDENTITY/SETTINGS BOUNDARY","Phase 4 evidence for identity/settings / entitlements; direct declaration/import scan of lib/core/entitlements/opc_local_license_repository.dart (1235 bytes; SHA-256 E76685434BAE66B359AE17BE5052D9051266F341A2267038BFC3360E3361B544).","SUFFICIENT FOR CLASSIFICATION — implementation remains phase-gated","Entitlement payload/signature/install binding","Retain under mapped target block; include in seam characterization","Identity/recovery and entitlement acceptance","DIRECTLY ANALYZED","","File-specific reconciliation: lib/core/entitlements/opc_local_license_repository.dart responsibility, target and disposition checked against declarations/imports and the owning contract.","","","","","","","","","repository/data access","no local project import; framework/primitive boundary","writes/reads owning block data boundary","owning-block tests plus Phase 4 characterization register","target-block contract and regression evidence","","","","","","","",""
"HANDWRITTEN_PRODUCTION_DART","lib/core/entitlements/opc_runtime_entitlement_resolver.dart","1357","AC836C5CC174FF30BB377253245C88E9BFB7DBCF4356753376B2DE2E46229774","identity/settings / entitlements","Implements opc runtime entitlement resolver transformation or resolution behavior.","Engineering Profile plus owner-gated package semantics","features/identity_settings","MOVE / SPLIT — IDENTITY/SETTINGS BOUNDARY","Phase 4 evidence for identity/settings / entitlements; direct declaration/import scan of lib/core/entitlements/opc_runtime_entitlement_resolver.dart (1357 bytes; SHA-256 AC836C5CC174FF30BB377253245C88E9BFB7DBCF4356753376B2DE2E46229774).","SUFFICIENT FOR CLASSIFICATION — implementation remains phase-gated","Entitlement payload/signature/install binding","Retain under mapped target block; include in seam characterization","Identity/recovery and entitlement acceptance","DIRECTLY ANALYZED","","File-specific reconciliation: lib/core/entitlements/opc_runtime_entitlement_resolver.dart responsibility, target and disposition checked against declarations/imports and the owning contract.","","","","","","","","","file-specific opc runtime entitlement resolver implementation","no local project import; framework/primitive boundary","controls its named sub-responsibility without changing PREDMET authority","owning-block tests plus Phase 4 characterization register","target-block contract and regression evidence","","","","","","","",""
"HANDWRITTEN_PRODUCTION_DART","lib/core/format/app_date_format.dart","2801","58EE5AEE27C6DC73E655C2AE4BA3FA8CEBDC1D89FDC7FADCA5CBA6FB7A242A08","core/platform support","Implements app date format transformation or resolution behavior.","Engineering Profile and owning module contract","core/platform support behind ports","TARGET FIT / RETAIN","Phase 4 evidence for core/platform support; direct declaration/import scan of lib/core/format/app_date_format.dart (2801 bytes; SHA-256 58EE5AEE27C6DC73E655C2AE4BA3FA8CEBDC1D89FDC7FADCA5CBA6FB7A242A08).","NOT APPLICABLE — declarative/value boundary covered by contract","Owning module API and regression behavior","Retain under mapped target block; include in seam characterization","Core/platform compatibility characterization","DIRECTLY ANALYZED","","File-specific reconciliation: lib/core/format/app_date_format.dart responsibility, target and disposition checked against declarations/imports and the owning contract.","","","","","","","","","file-specific app date format implementation","no local project import; framework/primitive boundary","controls its named sub-responsibility without changing PREDMET authority","owning-block tests plus Phase 4 characterization register","target-block contract and regression evidence","","","","","","","",""
"HANDWRITTEN_PRODUCTION_DART","lib/core/format/app_filename_format.dart","2172","3D4DCFD98D2E009071E1FCAEA36B75499741FF801BC3C1725B7283F75ECFF09A","core/platform support","Implements app filename format transformation or resolution behavior.","Engineering Profile and owning module contract","core/platform support behind ports","TARGET FIT / RETAIN","Phase 4 evidence for core/platform support; direct declaration/import scan of lib/core/format/app_filename_format.dart (2172 bytes; SHA-256 3D4DCFD98D2E009071E1FCAEA36B75499741FF801BC3C1725B7283F75ECFF09A).","NOT APPLICABLE — declarative/value boundary covered by contract","Owning module API and regression behavior","Retain under mapped target block; include in seam characterization","Core/platform compatibility characterization","DIRECTLY ANALYZED","","File-specific reconciliation: lib/core/format/app_filename_format.dart responsibility, target and disposition checked against declarations/imports and the owning contract.","","","","","","","","","file-specific app filename format implementation","relative imports: ../utils/document_text_codec.dart","controls its named sub-responsibility without changing PREDMET authority","owning-block tests plus Phase 4 characterization register","target-block contract and regression evidence","","","","","","","",""
"HANDWRITTEN_PRODUCTION_DART","lib/core/format/app_format.dart","944","3F4ADA612D722CFB988F1AEB4FBBF8887C9339428388721018E570074F582EDE","core/platform support","Implements app format transformation or resolution behavior.","Engineering Profile and owning module contract","core/platform support behind ports","TARGET FIT / RETAIN","Phase 4 evidence for core/platform support; direct declaration/import scan of lib/core/format/app_format.dart (944 bytes; SHA-256 3F4ADA612D722CFB988F1AEB4FBBF8887C9339428388721018E570074F582EDE).","NOT APPLICABLE — declarative/value boundary covered by contract","Owning module API and regression behavior","Retain under mapped target block; include in seam characterization","Core/platform compatibility characterization","DIRECTLY ANALYZED","","File-specific reconciliation: lib/core/format/app_format.dart responsibility, target and disposition checked against declarations/imports and the owning contract.","","","","","","","","","file-specific app format implementation","no local project import; framework/primitive boundary","controls its named sub-responsibility without changing PREDMET authority","owning-block tests plus Phase 4 characterization register","target-block contract and regression evidence","","","","","","","",""
"HANDWRITTEN_PRODUCTION_DART","lib/core/format/app_identifier_format.dart","1258","791AD11BD42C8F8D52AB2C87683F6311746DA50C84EFC812B26BB963433AC1F2","core/platform support","Implements app identifier format transformation or resolution behavior.","Engineering Profile and owning module contract","core/platform support behind ports","TARGET FIT / RETAIN","Phase 4 evidence for core/platform support; direct declaration/import scan of lib/core/format/app_identifier_format.dart (1258 bytes; SHA-256 791AD11BD42C8F8D52AB2C87683F6311746DA50C84EFC812B26BB963433AC1F2).","NOT APPLICABLE — declarative/value boundary covered by contract","Owning module API and regression behavior","Retain under mapped target block; include in seam characterization","Core/platform compatibility characterization","DIRECTLY ANALYZED","","File-specific reconciliation: lib/core/format/app_identifier_format.dart responsibility, target and disposition checked against declarations/imports and the owning contract.","","","","","","","","","file-specific app identifier format implementation","no local project import; framework/primitive boundary","controls its named sub-responsibility without changing PREDMET authority","owning-block tests plus Phase 4 characterization register","target-block contract and regression evidence","","","","","","","",""
"HANDWRITTEN_PRODUCTION_DART","lib/core/format/app_money_format.dart","2589","A63AD553053E76C7663D63D725DA88FE39D5626CFCDEB9373D9C81D9010C312C","core/platform support","Implements app money format transformation or resolution behavior.","Engineering Profile and owning module contract","core/platform support behind ports","TARGET FIT / RETAIN","Phase 4 evidence for core/platform support; direct declaration/import scan of lib/core/format/app_money_format.dart (2589 bytes; SHA-256 A63AD553053E76C7663D63D725DA88FE39D5626CFCDEB9373D9C81D9010C312C).","NOT APPLICABLE — declarative/value boundary covered by contract","Owning module API and regression behavior","Retain under mapped target block; include in seam characterization","Core/platform compatibility characterization","DIRECTLY ANALYZED","","File-specific reconciliation: lib/core/format/app_money_format.dart responsibility, target and disposition checked against declarations/imports and the owning contract.","","","","","","","","","file-specific app money format implementation","no local project import; framework/primitive boundary","controls its named sub-responsibility without changing PREDMET authority","owning-block tests plus Phase 4 characterization register","target-block contract and regression evidence","","","","","","","",""
"HANDWRITTEN_PRODUCTION_DART","lib/core/format/app_parse.dart","391","EEE9FC96255063633A7FE28AE97E87BBFE7445E8E2BA8AEB77AAD0AFB21D5916","core/platform support","Implements app parse transformation or resolution behavior.","Engineering Profile and owning module contract","core/platform support behind ports","TARGET FIT / RETAIN","Phase 4 evidence for core/platform support; direct declaration/import scan of lib/core/format/app_parse.dart (391 bytes; SHA-256 EEE9FC96255063633A7FE28AE97E87BBFE7445E8E2BA8AEB77AAD0AFB21D5916).","NOT APPLICABLE — declarative/value boundary covered by contract","Owning module API and regression behavior","Retain under mapped target block; include in seam characterization","Core/platform compatibility characterization","DIRECTLY ANALYZED","","File-specific reconciliation: lib/core/format/app_parse.dart responsibility, target and disposition checked against declarations/imports and the owning contract.","","","","","","","","","file-specific app parse implementation","no local project import; framework/primitive boundary","controls its named sub-responsibility without changing PREDMET authority","owning-block tests plus Phase 4 characterization register","target-block contract and regression evidence","","","","","","","",""
"HANDWRITTEN_PRODUCTION_DART","lib/core/format/app_text_format.dart","5582","38E85A3632A7D786FDA47A86F18B8DFF0764F3205D66D1E1C49F99C3A3FAB9A9","core/platform support","Implements app text format transformation or resolution behavior.","Engineering Profile and owning module contract","core/platform support behind ports","TARGET FIT / RETAIN","Phase 4 evidence for core/platform support; direct declaration/import scan of lib/core/format/app_text_format.dart (5582 bytes; SHA-256 38E85A3632A7D786FDA47A86F18B8DFF0764F3205D66D1E1C49F99C3A3FAB9A9).","NOT APPLICABLE — declarative/value boundary covered by contract","Owning module API and regression behavior","Retain under mapped target block; include in seam characterization","Core/platform compatibility characterization","DIRECTLY ANALYZED","","File-specific reconciliation: lib/core/format/app_text_format.dart responsibility, target and disposition checked against declarations/imports and the owning contract.","","","","","","","","","file-specific app text format implementation","no local project import; framework/primitive boundary","controls its named sub-responsibility without changing PREDMET authority","owning-block tests plus Phase 4 characterization register","target-block contract and regression evidence","","","","","","","",""
"HANDWRITTEN_PRODUCTION_DART","lib/core/format/app_time_format.dart","1888","6F58C1260CC44DEA1D67A64ADC44014CA613AECA78D1D0A5FE6E0244E7D261F8","core/platform support","Implements app time format transformation or resolution behavior.","Engineering Profile and owning module contract","core/platform support behind ports","TARGET FIT / RETAIN","Phase 4 evidence for core/platform support; direct declaration/import scan of lib/core/format/app_time_format.dart (1888 bytes; SHA-256 6F58C1260CC44DEA1D67A64ADC44014CA613AECA78D1D0A5FE6E0244E7D261F8).","NOT APPLICABLE — declarative/value boundary covered by contract","Owning module API and regression behavior","Retain under mapped target block; include in seam characterization","Core/platform compatibility characterization","DIRECTLY ANALYZED","","File-specific reconciliation: lib/core/format/app_time_format.dart responsibility, target and disposition checked against declarations/imports and the owning contract.","","","","","","","","","file-specific app time format implementation","no local project import; framework/primitive boundary","controls its named sub-responsibility without changing PREDMET authority","owning-block tests plus Phase 4 characterization register","target-block contract and regression evidence","","","","","","","",""
"HANDWRITTEN_PRODUCTION_DART","lib/core/installation/opc_installation_id_repository.dart","1704","912CFD5E7C2D55690C54325FF6DEBF51BCE3FC6EF41CCBD65C829C6353E33851","core/platform support","Provides the opc installation id repository data-access boundary.","Engineering Profile and owning module contract","features/identity_settings","TARGET FIT / RETAIN","Phase 4 evidence for core/platform support; direct declaration/import scan of lib/core/installation/opc_installation_id_repository.dart (1704 bytes; SHA-256 912CFD5E7C2D55690C54325FF6DEBF51BCE3FC6EF41CCBD65C829C6353E33851).","SUFFICIENT FOR CLASSIFICATION — implementation remains phase-gated","Owning module API and regression behavior","Retain under mapped target block; include in seam characterization","Core/platform compatibility characterization","DIRECTLY ANALYZED","","File-specific reconciliation: lib/core/installation/opc_installation_id_repository.dart responsibility, target and disposition checked against declarations/imports and the owning contract.","","","","","","","","","repository/data access","no local project import; framework/primitive boundary","writes/reads owning block data boundary","owning-block tests plus Phase 4 characterization register","target-block contract and regression evidence","","","","","","","",""
"HANDWRITTEN_PRODUCTION_DART","lib/core/json_transfer/iriu_json_compat.dart","821","4014CA1576CBCB372F71B82847985155C7F03E904D6CBD487A5FD8F47966B70A","interoperability / typed transfer","Implements the iriu json compat responsibility in its owning block.","Persistence/interoperability contracts; owner policy for external semantics","features/interoperability/application + infrastructure","SPLIT / MERGE — IRiU CONTRACT BOUNDARY","Phase 4 evidence for interoperability / typed transfer; direct declaration/import scan of lib/core/json_transfer/iriu_json_compat.dart (821 bytes; SHA-256 4014CA1576CBCB372F71B82847985155C7F03E904D6CBD487A5FD8F47966B70A).","PARTIAL — seam characterization required before migration","Versioned JSON/transfer envelope, round-trip, media, auth and restore compatibility","Complete IRiU seam characterization before refactor","IRiU seam characterization","DIRECTLY ANALYZED","","File-specific reconciliation: lib/core/json_transfer/iriu_json_compat.dart responsibility, target and disposition checked against declarations/imports and the owning contract.","","","","","","","","","IRiU truth/selection/lifecycle","relative imports: ../database/database.dart","controls its named sub-responsibility without changing PREDMET authority","migration, restore, round-trip and compatibility evidence required","versioned JSON fixtures and round-trip compatibility harness","","","","","","","",""
"HANDWRITTEN_PRODUCTION_DART","lib/core/json_transfer/predmet_json_transfer_core.dart","17894","3E59FD88306AF5F520E2C6C1468C6580426048D0A936EA24375CB4A9F9F2C67A","interoperability / typed transfer","Implements the predmet json transfer core responsibility in its owning block.","Persistence/interoperability contracts; owner policy for external semantics","features/interoperability/application + infrastructure","TARGET FIT / RETAIN","Phase 4 evidence for interoperability / typed transfer; direct declaration/import scan of lib/core/json_transfer/predmet_json_transfer_core.dart (17894 bytes; SHA-256 3E59FD88306AF5F520E2C6C1468C6580426048D0A936EA24375CB4A9F9F2C67A).","SUFFICIENT FOR CLASSIFICATION — implementation remains phase-gated","Versioned JSON/transfer envelope, round-trip, media, auth and restore compatibility","Retain under mapped target block; include in seam characterization","JSON interoperability characterization","DIRECTLY ANALYZED","","File-specific reconciliation: lib/core/json_transfer/predmet_json_transfer_core.dart responsibility, target and disposition checked against declarations/imports and the owning contract.","","","","","","","","","serialization/versioning/validation boundary","no local project import; framework/primitive boundary","controls its named sub-responsibility without changing PREDMET authority","migration, restore, round-trip and compatibility evidence required","versioned JSON fixtures and round-trip compatibility harness","","","","","","","",""
"HANDWRITTEN_PRODUCTION_DART","lib/core/theme/app_typography.dart","288","B92DF1C1B2936AF512BCC6956A59A72165B6F987CDCCD0C0C214D08F0DAF4D10","core/platform support","Implements the app typography responsibility in its owning block.","Engineering Profile and owning module contract","core/platform support behind ports","TARGET FIT / RETAIN","Phase 4 evidence for core/platform support; direct declaration/import scan of lib/core/theme/app_typography.dart (288 bytes; SHA-256 B92DF1C1B2936AF512BCC6956A59A72165B6F987CDCCD0C0C214D08F0DAF4D10).","SUFFICIENT FOR CLASSIFICATION — implementation remains phase-gated","Owning module API and regression behavior","Retain under mapped target block; include in seam characterization","Core/platform compatibility characterization","DIRECTLY ANALYZED","","File-specific reconciliation: lib/core/theme/app_typography.dart responsibility, target and disposition checked against declarations/imports and the owning contract.","","","","","","","","","file-specific app typography implementation","no local project import; framework/primitive boundary","controls its named sub-responsibility without changing PREDMET authority","owning-block tests plus Phase 4 characterization register","target-block contract and regression evidence","","","","","","","",""
"HANDWRITTEN_PRODUCTION_DART","lib/core/utils/document_text_codec.dart","2399","D354F3339804CDAB81707BB54E7CEEBD3AB6C96D807C82387F73BAC9F553C6CA","documents/core utilities","Implements document text codec transformation or resolution behavior.","Engineering Profile and owning module contract","features/documents + infrastructure/rendering","TARGET FIT / RETAIN","Phase 4 evidence for documents/core utilities; direct declaration/import scan of lib/core/utils/document_text_codec.dart (2399 bytes; SHA-256 D354F3339804CDAB81707BB54E7CEEBD3AB6C96D807C82387F73BAC9F553C6CA).","SUFFICIENT FOR CLASSIFICATION — implementation remains phase-gated","Owning module API and regression behavior","Retain under mapped target block; include in seam characterization","Document fidelity characterization before adapter split","DIRECTLY ANALYZED","","File-specific reconciliation: lib/core/utils/document_text_codec.dart responsibility, target and disposition checked against declarations/imports and the owning contract.","","","","","","","","","file-specific document text codec implementation","no local project import; framework/primitive boundary","controls its named sub-responsibility without changing PREDMET authority","owning-block tests plus Phase 4 characterization register","target-block contract and regression evidence","","","","","","","",""
"HANDWRITTEN_PRODUCTION_DART","lib/core/utils/export_utils.dart","9681","7B5AE83367C0AE9B81F60FD96D8742DA980E6774F6188E93BB284CF2F1C59463","documents/core utilities","Builds or exports export utils artifacts from authoritative snapshots.","Engineering Profile and owning module contract","features/documents + infrastructure/rendering","TARGET FIT / RETAIN","Phase 4 evidence for documents/core utilities; direct declaration/import scan of lib/core/utils/export_utils.dart (9681 bytes; SHA-256 7B5AE83367C0AE9B81F60FD96D8742DA980E6774F6188E93BB284CF2F1C59463).","SUFFICIENT FOR CLASSIFICATION — implementation remains phase-gated","Owning module API and regression behavior","Retain under mapped target block; include in seam characterization","Document fidelity characterization before adapter split","DIRECTLY ANALYZED","","File-specific reconciliation: lib/core/utils/export_utils.dart responsibility, target and disposition checked against declarations/imports and the owning contract.","","","","","","","","","file-specific export utils implementation","relative imports: ../database/database.dart; ../format/app_filename_format.dart","controls derived document/artifact output","owning-block tests plus Phase 4 characterization register","target-block contract and regression evidence","","","","","","","",""
"HANDWRITTEN_PRODUCTION_DART","lib/core/utils/export_utils_replacement.dart","79","BC84E929FD5DFCB0859A324ED929845D943A63C2CC57F3FABAE9D9791B8E6E43","documents/core utilities","Builds or exports export utils replacement artifacts from authoritative snapshots.","Engineering Profile and owning module contract","features/documents + infrastructure/rendering","PROVEN DEAD (not removed)","Phase 4 evidence for documents/core utilities; direct declaration/import scan of lib/core/utils/export_utils_replacement.dart (79 bytes; SHA-256 BC84E929FD5DFCB0859A324ED929845D943A63C2CC57F3FABAE9D9791B8E6E43).","NOT APPLICABLE — proven-dead forensic candidate","Owning module API and regression behavior","Retain evidence; no deletion in this control task","separate authorized dead-code removal task","DIRECTLY ANALYZED","","File-specific reconciliation: lib/core/utils/export_utils_replacement.dart responsibility, target and disposition checked against declarations/imports and the owning contract.","","","","","","","","","file-specific export utils replacement implementation","no local project import; framework/primitive boundary","controls derived document/artifact output","owning-block tests plus Phase 4 characterization register","global reference, packaging, history and documentation proof before separate removal authorization","","","","","","","",""
"HANDWRITTEN_PRODUCTION_DART","lib/core/utils/formatters.dart","36","6D3B9B4F98A02B61788F5BD080F99BB3A64B4AF9696CE7A5A819FE884A7CE7FA","documents/core utilities","Implements formatters transformation or resolution behavior.","Engineering Profile and owning module contract","core/platform support behind ports","TARGET FIT / RETAIN","Phase 4 evidence for documents/core utilities; direct declaration/import scan of lib/core/utils/formatters.dart (36 bytes; SHA-256 6D3B9B4F98A02B61788F5BD080F99BB3A64B4AF9696CE7A5A819FE884A7CE7FA).","SUFFICIENT FOR CLASSIFICATION — implementation remains phase-gated","Owning module API and regression behavior","Retain under mapped target block; include in seam characterization","Document fidelity characterization before adapter split","DIRECTLY ANALYZED","","File-specific reconciliation: lib/core/utils/formatters.dart responsibility, target and disposition checked against declarations/imports and the owning contract.","","","","","","","","","file-specific formatters implementation","no local project import; framework/primitive boundary","controls its named sub-responsibility without changing PREDMET authority","owning-block tests plus Phase 4 characterization register","target-block contract and regression evidence","","","","","","","",""
"HANDWRITTEN_PRODUCTION_DART","lib/core/utils/json_export_import.dart","90854","B7E2B0B20F1F14659579E3C90F5B04C03F2EC58E12B75525586B60D39A6FBD4B","interoperability / transfer and backup","Builds or exports json export import artifacts from authoritative snapshots.","Persistence/interoperability contracts; owner policy for external semantics","features/interoperability/application + infrastructure","PARTIAL REWRITE CANDIDATE / SPLIT","Phase 4 evidence for interoperability / transfer and backup; direct declaration/import scan of lib/core/utils/json_export_import.dart (90854 bytes; SHA-256 B7E2B0B20F1F14659579E3C90F5B04C03F2EC58E12B75525586B60D39A6FBD4B).","PARTIAL — seam characterization required before migration","Versioned JSON/transfer envelope, round-trip, media, auth and restore compatibility","Characterize versioned fixtures and split orchestration/adapters","JSON interoperability characterization","DIRECTLY ANALYZED","","File-specific reconciliation: lib/core/utils/json_export_import.dart responsibility, target and disposition checked against declarations/imports and the owning contract.","","","","","","","","","serialization/versioning/validation boundary","relative imports: ../database/database.dart; ../json_transfer/iriu_json_compat.dart; ../constants/iriu_constants.dart; ../format/app_filename_format.dart; ../json_transfer/predmet_json_transfer_core.dart; ../../features/auth/data/auth_security_repository.dart; ../../features/predmeti/application/full_backup_restore_coordinator.dart; ../../features/predmeti/data/predmeti_repository.dart; ../../features/predmeti/core_v2/scenario/scenario_persistence_contract.dart; ../../features/predmeti/core_v2/scenario/scenario_transfer_envelope.dart; ../../features/predmeti/core_v2/scenario/single_predmet_scenario_carrier_contract.dart; ../../features/predmeti/parte/data/parte_media_store.dart; ../../features/predmeti/parte/domain/parte_models.dart; ../../features/predmeti/reminders/ceremony_notification_gateway.dart; ../../features/predmeti/reminders/ceremony_reminder_model.dart; ../../features/stanje_robe/data/stanje_robe_posledice_repository.dart","controls derived document/artifact output","migration, restore, round-trip and compatibility evidence required","characterization fixtures plus parity and rollback rehearsal","","","","","","","",""
"HANDWRITTEN_PRODUCTION_DART","lib/core/utils/stable_id_generator.dart","368","15CDB83D7E8ED844A3139E034A1A0E6C40E8B4BC4EEC7D3F0F588FB76942D40F","documents/core utilities","Implements the stable id generator responsibility in its owning block.","Engineering Profile and owning module contract","core/platform support behind ports","TARGET FIT / RETAIN","Phase 4 evidence for documents/core utilities; direct declaration/import scan of lib/core/utils/stable_id_generator.dart (368 bytes; SHA-256 15CDB83D7E8ED844A3139E034A1A0E6C40E8B4BC4EEC7D3F0F588FB76942D40F).","SUFFICIENT FOR CLASSIFICATION — implementation remains phase-gated","Owning module API and regression behavior","Retain under mapped target block; include in seam characterization","Document fidelity characterization before adapter split","DIRECTLY ANALYZED","","File-specific reconciliation: lib/core/utils/stable_id_generator.dart responsibility, target and disposition checked against declarations/imports and the owning contract.","","","","","","","","","file-specific stable id generator implementation","no local project import; framework/primitive boundary","controls its named sub-responsibility without changing PREDMET authority","owning-block tests plus Phase 4 characterization register","target-block contract and regression evidence","","","","","","","",""
"HANDWRITTEN_PRODUCTION_DART","lib/features/auth/data/auth_repository.dart","14331","0BA80BBD035386D9A3685C5F41C74F69C2DF70DD2BA8994CD64F56D7274C2D3D","identity/settings / authentication","Provides the auth repository data-access boundary.","Identity/security contract; owner approval for recovery policy","features/identity_settings","MOVE / SPLIT — IDENTITY/SETTINGS BOUNDARY","Phase 4 evidence for identity/settings / authentication; direct declaration/import scan of lib/features/auth/data/auth_repository.dart (14331 bytes; SHA-256 0BA80BBD035386D9A3685C5F41C74F69C2DF70DD2BA8994CD64F56D7274C2D3D).","SUFFICIENT FOR CLASSIFICATION — implementation remains phase-gated","PIN/session/recovery payload and local identity persistence","Run identity/recovery security acceptance","Identity/recovery and entitlement acceptance","DIRECTLY ANALYZED","","File-specific reconciliation: lib/features/auth/data/auth_repository.dart responsibility, target and disposition checked against declarations/imports and the owning contract.","","","","","","","","","repository/data access","relative imports: ../../../core/database/database.dart","writes/reads owning block data boundary","owning-block tests plus Phase 4 characterization register","target-block contract and regression evidence","","","","","","","",""
"HANDWRITTEN_PRODUCTION_DART","lib/features/auth/data/auth_security_repository.dart","7502","E0798A48DF338664150669FD9E5B138D01EEAD429BDCC8996583036DD3B7F4AD","identity/settings / authentication","Provides the auth security repository data-access boundary.","Identity/security contract; owner approval for recovery policy","features/identity_settings","MOVE / SPLIT — IDENTITY/SETTINGS BOUNDARY","Phase 4 evidence for identity/settings / authentication; direct declaration/import scan of lib/features/auth/data/auth_security_repository.dart (7502 bytes; SHA-256 E0798A48DF338664150669FD9E5B138D01EEAD429BDCC8996583036DD3B7F4AD).","SUFFICIENT FOR CLASSIFICATION — implementation remains phase-gated","PIN/session/recovery payload and local identity persistence","Run identity/recovery security acceptance","Identity/recovery and entitlement acceptance","DIRECTLY ANALYZED","","File-specific reconciliation: lib/features/auth/data/auth_security_repository.dart responsibility, target and disposition checked against declarations/imports and the owning contract.","","","","","","","","","repository/data access","relative imports: ../../../core/database/database.dart; ../domain/recovery_material_codec.dart; ../domain/temporary_pin_generator.dart","writes/reads owning block data boundary","owning-block tests plus Phase 4 characterization register","target-block contract and regression evidence","","","","","","","",""
"HANDWRITTEN_PRODUCTION_DART","lib/features/auth/domain/recovery_material_codec.dart","3293","222CE3B5CD79586B0FFC50F357BD758E3E3BE226787B926E99FB56CAB1D7DAAC","identity/settings / authentication","Implements recovery material codec transformation or resolution behavior.","Identity/security contract; owner approval for recovery policy","features/identity_settings","MOVE / SPLIT — IDENTITY/SETTINGS BOUNDARY","Phase 4 evidence for identity/settings / authentication; direct declaration/import scan of lib/features/auth/domain/recovery_material_codec.dart (3293 bytes; SHA-256 222CE3B5CD79586B0FFC50F357BD758E3E3BE226787B926E99FB56CAB1D7DAAC).","SUFFICIENT FOR CLASSIFICATION — implementation remains phase-gated","PIN/session/recovery payload and local identity persistence","Run identity/recovery security acceptance","Identity/recovery and entitlement acceptance","DIRECTLY ANALYZED","","File-specific reconciliation: lib/features/auth/domain/recovery_material_codec.dart responsibility, target and disposition checked against declarations/imports and the owning contract.","","","","","","","","","file-specific recovery material codec implementation","no local project import; framework/primitive boundary","controls its named sub-responsibility without changing PREDMET authority","owning-block tests plus Phase 4 characterization register","target-block contract and regression evidence","","","","","","","",""
"HANDWRITTEN_PRODUCTION_DART","lib/features/auth/domain/session_service.dart","558","BE6938E46AA9422713483CE3F8026FBE1F018068EA3A08846B27204A509A9100","identity/settings / authentication","Implements the session service state transition or projection service.","Identity/security contract; owner approval for recovery policy","features/identity_settings","MOVE / SPLIT — IDENTITY/SETTINGS BOUNDARY","Phase 4 evidence for identity/settings / authentication; direct declaration/import scan of lib/features/auth/domain/session_service.dart (558 bytes; SHA-256 BE6938E46AA9422713483CE3F8026FBE1F018068EA3A08846B27204A509A9100).","SUFFICIENT FOR CLASSIFICATION — implementation remains phase-gated","PIN/session/recovery payload and local identity persistence","Run identity/recovery security acceptance","Identity/recovery and entitlement acceptance","DIRECTLY ANALYZED","","File-specific reconciliation: lib/features/auth/domain/session_service.dart responsibility, target and disposition checked against declarations/imports and the owning contract.","","","","","","","","","domain/application service","relative imports: ../../../core/database/database.dart","controls its named sub-responsibility without changing PREDMET authority","owning-block tests plus Phase 4 characterization register","target-block contract and regression evidence","","","","","","","",""
"HANDWRITTEN_PRODUCTION_DART","lib/features/auth/domain/temporary_pin_generator.dart","416","DFBE998F2C9450DFB0901B045FC817133D8F72046D457F28EF91AD0F2FAC34BD","identity/settings / authentication","Implements the temporary pin generator responsibility in its owning block.","Identity/security contract; owner approval for recovery policy","features/identity_settings","MOVE / SPLIT — IDENTITY/SETTINGS BOUNDARY","Phase 4 evidence for identity/settings / authentication; direct declaration/import scan of lib/features/auth/domain/temporary_pin_generator.dart (416 bytes; SHA-256 DFBE998F2C9450DFB0901B045FC817133D8F72046D457F28EF91AD0F2FAC34BD).","SUFFICIENT FOR CLASSIFICATION — implementation remains phase-gated","PIN/session/recovery payload and local identity persistence","Run identity/recovery security acceptance","Identity/recovery and entitlement acceptance","DIRECTLY ANALYZED","","File-specific reconciliation: lib/features/auth/domain/temporary_pin_generator.dart responsibility, target and disposition checked against declarations/imports and the owning contract.","","","","","","","","","file-specific temporary pin generator implementation","no local project import; framework/primitive boundary","controls its named sub-responsibility without changing PREDMET authority","owning-block tests plus Phase 4 characterization register","target-block contract and regression evidence","","","","","","","",""
"HANDWRITTEN_PRODUCTION_DART","lib/features/auth/presentation/first_launch_screen.dart","6929","143EC0EE4011E71C68EFD364FD8313B63AF09301EAB255E18FBE5CB2E0A63B13","identity/settings / authentication","Renders the first launch screen workflow and coordinates user actions.","Identity/security contract; owner approval for recovery policy","features/identity_settings","MOVE / SPLIT — IDENTITY/SETTINGS BOUNDARY","Phase 4 evidence for identity/settings / authentication; direct declaration/import scan of lib/features/auth/presentation/first_launch_screen.dart (6929 bytes; SHA-256 143EC0EE4011E71C68EFD364FD8313B63AF09301EAB255E18FBE5CB2E0A63B13).","SUFFICIENT FOR CLASSIFICATION — implementation remains phase-gated","PIN/session/recovery payload and local identity persistence","Run identity/recovery security acceptance","Identity/recovery and entitlement acceptance","DIRECTLY ANALYZED","","File-specific reconciliation: lib/features/auth/presentation/first_launch_screen.dart responsibility, target and disposition checked against declarations/imports and the owning contract.","","","","","","","","","feature workflow/UI","relative imports: ../data/auth_repository.dart; ../domain/session_service.dart","controls user workflow state and commands","owning-block tests plus Phase 4 characterization register","target-block contract and regression evidence","","","","","","","",""
"HANDWRITTEN_PRODUCTION_DART","lib/features/auth/presentation/forced_pin_change_screen.dart","5436","AE268889397F5EC7CAC1AE8CDCE9A9D7AD0C25ECE2B0F5345897C74524EFC819","identity/settings / authentication","Renders the forced pin change screen workflow and coordinates user actions.","Identity/security contract; owner approval for recovery policy","features/identity_settings","MOVE / SPLIT — IDENTITY/SETTINGS BOUNDARY","Phase 4 evidence for identity/settings / authentication; direct declaration/import scan of lib/features/auth/presentation/forced_pin_change_screen.dart (5436 bytes; SHA-256 AE268889397F5EC7CAC1AE8CDCE9A9D7AD0C25ECE2B0F5345897C74524EFC819).","SUFFICIENT FOR CLASSIFICATION — implementation remains phase-gated","PIN/session/recovery payload and local identity persistence","Run identity/recovery security acceptance","Identity/recovery and entitlement acceptance","DIRECTLY ANALYZED","","File-specific reconciliation: lib/features/auth/presentation/forced_pin_change_screen.dart responsibility, target and disposition checked against declarations/imports and the owning contract.","","","","","","","","","feature workflow/UI","relative imports: ../data/auth_repository.dart; ../domain/session_service.dart","controls user workflow state and commands","owning-block tests plus Phase 4 characterization register","target-block contract and regression evidence","","","","","","","",""
"HANDWRITTEN_PRODUCTION_DART","lib/features/auth/presentation/forgot_pin_recovery_dialog.dart","9434","6AE60A0577962EF86A4CBFE6DAD70157A23AE2EE2087ADB61BB0AD514071F748","identity/settings / authentication","Implements the forgot pin recovery dialog responsibility in its owning block.","Identity/security contract; owner approval for recovery policy","features/identity_settings","MOVE / SPLIT — IDENTITY/SETTINGS BOUNDARY","Phase 4 evidence for identity/settings / authentication; direct declaration/import scan of lib/features/auth/presentation/forgot_pin_recovery_dialog.dart (9434 bytes; SHA-256 6AE60A0577962EF86A4CBFE6DAD70157A23AE2EE2087ADB61BB0AD514071F748).","SUFFICIENT FOR CLASSIFICATION — implementation remains phase-gated","PIN/session/recovery payload and local identity persistence","Run identity/recovery security acceptance","Identity/recovery and entitlement acceptance","DIRECTLY ANALYZED","","File-specific reconciliation: lib/features/auth/presentation/forgot_pin_recovery_dialog.dart responsibility, target and disposition checked against declarations/imports and the owning contract.","","","","","","","","","file-specific forgot pin recovery dialog implementation","relative imports: ../../../core/database/database.dart; ../data/auth_repository.dart","controls its named sub-responsibility without changing PREDMET authority","owning-block tests plus Phase 4 characterization register","target-block contract and regression evidence","","","","","","","",""
"HANDWRITTEN_PRODUCTION_DART","lib/features/auth/presentation/korisnici_screen.dart","23091","96A14A8C7B80FCB23F3E586AF761F7B8623CF7B03C3A294FA64D643DD611AD44","identity/settings / authentication","Renders the korisnici screen workflow and coordinates user actions.","Identity/security contract; owner approval for recovery policy","features/identity_settings","MOVE / SPLIT — IDENTITY/SETTINGS BOUNDARY","Phase 4 evidence for identity/settings / authentication; direct declaration/import scan of lib/features/auth/presentation/korisnici_screen.dart (23091 bytes; SHA-256 96A14A8C7B80FCB23F3E586AF761F7B8623CF7B03C3A294FA64D643DD611AD44).","SUFFICIENT FOR CLASSIFICATION — implementation remains phase-gated","PIN/session/recovery payload and local identity persistence","Run identity/recovery security acceptance","Identity/recovery and entitlement acceptance","DIRECTLY ANALYZED","","File-specific reconciliation: lib/features/auth/presentation/korisnici_screen.dart responsibility, target and disposition checked against declarations/imports and the owning contract.","","","","","","","","","feature workflow/UI","relative imports: ../../../core/database/database.dart; ../data/auth_repository.dart; ../domain/session_service.dart","controls user workflow state and commands","owning-block tests plus Phase 4 characterization register","target-block contract and regression evidence","","","","","","","",""
"HANDWRITTEN_PRODUCTION_DART","lib/features/auth/presentation/login_screen.dart","9741","A4389808054B1D0EF6933E6C40AE2C50B9AF347D834D4DCBD1D5AED2C569FC70","identity/settings / authentication","Renders the login screen workflow and coordinates user actions.","Identity/security contract; owner approval for recovery policy","features/identity_settings","MOVE / SPLIT — IDENTITY/SETTINGS BOUNDARY","Phase 4 evidence for identity/settings / authentication; direct declaration/import scan of lib/features/auth/presentation/login_screen.dart (9741 bytes; SHA-256 A4389808054B1D0EF6933E6C40AE2C50B9AF347D834D4DCBD1D5AED2C569FC70).","SUFFICIENT FOR CLASSIFICATION — implementation remains phase-gated","PIN/session/recovery payload and local identity persistence","Run identity/recovery security acceptance","Identity/recovery and entitlement acceptance","DIRECTLY ANALYZED","","File-specific reconciliation: lib/features/auth/presentation/login_screen.dart responsibility, target and disposition checked against declarations/imports and the owning contract.","","","","","","","","","feature workflow/UI","relative imports: ../../../core/database/database.dart; ../data/auth_repository.dart; ../domain/session_service.dart","controls user workflow state and commands","owning-block tests plus Phase 4 characterization register","target-block contract and regression evidence","","","","","","","",""
"HANDWRITTEN_PRODUCTION_DART","lib/features/auth/presentation/pin_input_widget.dart","8166","14EA99798535798E1B12C66C6DADC244E13E2F71EBF977AAF20B96C1E9215056","identity/settings / authentication","Implements the pin input widget responsibility in its owning block.","Identity/security contract; owner approval for recovery policy","features/identity_settings","MOVE / SPLIT — IDENTITY/SETTINGS BOUNDARY","Phase 4 evidence for identity/settings / authentication; direct declaration/import scan of lib/features/auth/presentation/pin_input_widget.dart (8166 bytes; SHA-256 14EA99798535798E1B12C66C6DADC244E13E2F71EBF977AAF20B96C1E9215056).","SUFFICIENT FOR CLASSIFICATION — implementation remains phase-gated","PIN/session/recovery payload and local identity persistence","Run identity/recovery security acceptance","Identity/recovery and entitlement acceptance","DIRECTLY ANALYZED","","File-specific reconciliation: lib/features/auth/presentation/pin_input_widget.dart responsibility, target and disposition checked against declarations/imports and the owning contract.","","","","","","","","","file-specific pin input widget implementation","no local project import; framework/primitive boundary","controls its named sub-responsibility without changing PREDMET authority","owning-block tests plus Phase 4 characterization register","target-block contract and regression evidence","","","","","","","",""
"HANDWRITTEN_PRODUCTION_DART","lib/features/podesavanja/data/podesavanja_repository.dart","16849","0B3BFC965C33506235F6D45AD254CDBEE85F1377C6B5924A620B7F56F0A0FA1E","identity/settings / configuration","Provides the podesavanja repository data-access boundary.","PREDMET business authority","features/identity_settings","MOVE / SPLIT — IDENTITY/SETTINGS BOUNDARY","Phase 4 evidence for identity/settings / configuration; direct declaration/import scan of lib/features/podesavanja/data/podesavanja_repository.dart (16849 bytes; SHA-256 0B3BFC965C33506235F6D45AD254CDBEE85F1377C6B5924A620B7F56F0A0FA1E).","PARTIAL — seam characterization required before migration","Owning module API and regression behavior","Retain under mapped target block; include in seam characterization","Identity/recovery and entitlement acceptance","DIRECTLY ANALYZED","","File-specific reconciliation: lib/features/podesavanja/data/podesavanja_repository.dart responsibility, target and disposition checked against declarations/imports and the owning contract.","","","","","","","","","repository/data access","relative imports: ../../../core/database/database.dart; ../../../core/constants/iriu_constants.dart; ../../../core/utils/stable_id_generator.dart","writes/reads owning block data boundary","owning-block tests plus Phase 4 characterization register","target-block contract and regression evidence","","","","","","","",""
"HANDWRITTEN_PRODUCTION_DART","lib/features/podesavanja/domain/nbs_ips_qr_payload_builder.dart","3253","FFE42EE661042576F8FB54897F380FC8750DB926D664AD870EECDDE6D3CD475F","identity/settings / configuration","Implements nbs ips qr payload builder transformation or resolution behavior.","PREDMET business authority","features/identity_settings","MOVE / SPLIT — IDENTITY/SETTINGS BOUNDARY","Phase 4 evidence for identity/settings / configuration; direct declaration/import scan of lib/features/podesavanja/domain/nbs_ips_qr_payload_builder.dart (3253 bytes; SHA-256 FFE42EE661042576F8FB54897F380FC8750DB926D664AD870EECDDE6D3CD475F).","PARTIAL — seam characterization required before migration","Owning module API and regression behavior","Retain under mapped target block; include in seam characterization","Identity/recovery and entitlement acceptance","DIRECTLY ANALYZED","","File-specific reconciliation: lib/features/podesavanja/domain/nbs_ips_qr_payload_builder.dart responsibility, target and disposition checked against declarations/imports and the owning contract.","","","","","","","","","file-specific nbs ips qr payload builder implementation","relative imports: ../../../core/database/database.dart","controls its named sub-responsibility without changing PREDMET authority","owning-block tests plus Phase 4 characterization register","target-block contract and regression evidence","","","","","","","",""
"HANDWRITTEN_PRODUCTION_DART","lib/features/podesavanja/presentation/katalog_photo_policy.dart","1950","1128B1C411D59758E4B9C3E185CF775EDA7BDFFFFB1810CC1155336F8A2610BA","KATALOG / settings catalog","Evaluates katalog photo policy policy without changing owner meaning.","PREDMET business authority","features/identity_settings","MOVE / SPLIT — IDENTITY/SETTINGS BOUNDARY","Phase 4 evidence for KATALOG / settings catalog; direct declaration/import scan of lib/features/podesavanja/presentation/katalog_photo_policy.dart (1950 bytes; SHA-256 1128B1C411D59758E4B9C3E185CF775EDA7BDFFFFB1810CC1155336F8A2610BA).","PARTIAL — seam characterization required before migration","Owning module API and regression behavior","Retain under mapped target block; include in seam characterization","KATALOG acceptance matrix","DIRECTLY ANALYZED","","File-specific reconciliation: lib/features/podesavanja/presentation/katalog_photo_policy.dart responsibility, target and disposition checked against declarations/imports and the owning contract.","","","","","","","","","catalog identity/labels/current values","no local project import; framework/primitive boundary","controls policy evaluation/financial projection","owning-block tests plus Phase 4 characterization register","target-block contract and regression evidence","","","","","","","",""
"HANDWRITTEN_PRODUCTION_DART","lib/features/podesavanja/presentation/katalog_tab.dart","30390","05F68C03BB4A94CCD79568E293C07D29A871132DE424994A86CA0E52B847D44F","KATALOG / settings catalog","Implements the katalog tab responsibility in its owning block.","PREDMET business authority","features/identity_settings","MOVE / SPLIT — IDENTITY/SETTINGS BOUNDARY","Phase 4 evidence for KATALOG / settings catalog; direct declaration/import scan of lib/features/podesavanja/presentation/katalog_tab.dart (30390 bytes; SHA-256 05F68C03BB4A94CCD79568E293C07D29A871132DE424994A86CA0E52B847D44F).","PARTIAL — seam characterization required before migration","Owning module API and regression behavior","Retain under mapped target block; include in seam characterization","KATALOG acceptance matrix","DIRECTLY ANALYZED","","File-specific reconciliation: lib/features/podesavanja/presentation/katalog_tab.dart responsibility, target and disposition checked against declarations/imports and the owning contract.","","","","","","","","","catalog identity/labels/current values","relative imports: ../../../core/database/database.dart; ../../../core/format/app_format.dart; ../data/podesavanja_repository.dart","controls its named sub-responsibility without changing PREDMET authority","owning-block tests plus Phase 4 characterization register","target-block contract and regression evidence","","","","","","","",""
"HANDWRITTEN_PRODUCTION_DART","lib/features/podesavanja/presentation/podesavanja_screen.dart","83612","56DF7F13B45EF6D322D05C11B9B9CC7AF2E25ED8F76069C7277F87BDD5E11876","identity/settings / configuration","Renders the podesavanja screen workflow and coordinates user actions.","PREDMET business authority","features/identity_settings","MOVE / SPLIT — IDENTITY/SETTINGS BOUNDARY","Phase 4 evidence for identity/settings / configuration; direct declaration/import scan of lib/features/podesavanja/presentation/podesavanja_screen.dart (83612 bytes; SHA-256 56DF7F13B45EF6D322D05C11B9B9CC7AF2E25ED8F76069C7277F87BDD5E11876).","PARTIAL — seam characterization required before migration","Owning module API and regression behavior","Retain under mapped target block; include in seam characterization","Identity/recovery and entitlement acceptance","DIRECTLY ANALYZED","","File-specific reconciliation: lib/features/podesavanja/presentation/podesavanja_screen.dart responsibility, target and disposition checked against declarations/imports and the owning contract.","","","","","","","","","feature workflow/UI","relative imports: ../../../core/database/database.dart; ../../../core/database/database_lane_diagnostics.dart; ../../../core/entitlements/opc_entitlement_policy.dart; ../../../core/entitlements/opc_license_public_key_registry.dart; ../../../core/entitlements/opc_local_license_bootstrap_service.dart; ../../../core/installation/opc_installation_id_repository.dart; ../../../core/format/app_format.dart; ../../../core/utils/json_export_import.dart; ../../auth/data/auth_repository.dart; ../../auth/data/auth_security_repository.dart; ../../auth/domain/session_service.dart; ../../auth/presentation/korisnici_screen.dart; ../../podsetnik/presentation/podsetnik_module_screen.dart; ../../predmeti/parte/presentation/parte_module_screen.dart; ../../predmeti/data/predmeti_repository.dart; ../../stanje_robe/application/stanje_robe_operational_availability.dart; ../../stanje_robe/data/stanje_robe_posledice_repository.dart; ../../stanje_robe/data/stanje_robe_repository.dart; ../../stanje_robe/presentation/stanje_robe_admin_screen.dart; ../data/podesavanja_repository.dart; ../domain/nbs_ips_qr_payload_builder.dart","controls user workflow state and commands","owning-block tests plus Phase 4 characterization register","target-block contract and regression evidence","","","","","","","",""
"HANDWRITTEN_PRODUCTION_DART","lib/features/podsetnik/presentation/podsetnik_module_screen.dart","8820","33B7F8F02F336C2759D6159CB142DE1600F135F2F786D25FFBBE120B13F5C592","PODSETNIK / reminder delivery","Renders the podsetnik module screen workflow and coordinates user actions.","PREDMET facts; PODSETNIK derived state; signal meaning owner-gated","features/podsetnik","SPLIT / MERGE — DERIVED REMINDER STATE","Phase 4 evidence for PODSETNIK / reminder delivery; direct declaration/import scan of lib/features/podsetnik/presentation/podsetnik_module_screen.dart (8820 bytes; SHA-256 33B7F8F02F336C2759D6159CB142DE1600F135F2F786D25FFBBE120B13F5C592).","SUFFICIENT FOR CLASSIFICATION — implementation remains phase-gated","Derived scheduling/delivery/confirmation; signal taxonomy owner-gated","Keep derived state separate; obtain signal taxonomy decision","PODSETNIK signal owner decision task","DIRECTLY ANALYZED","","File-specific reconciliation: lib/features/podsetnik/presentation/podsetnik_module_screen.dart responsibility, target and disposition checked against declarations/imports and the owning contract.","","","","","","","","","feature workflow/UI","relative imports: ../../../core/database/database.dart; ../../predmeti/data/predmeti_repository.dart; ../../predmeti/reminders/ceremony_notification_gateway.dart; ../../predmeti/reminders/ceremony_reminder_coordinator.dart; ../../predmeti/reminders/ceremony_reminder_model.dart; ../../predmeti/reminders/ceremony_reminder_repository.dart","controls user workflow state and commands","owning-block tests plus Phase 4 characterization register","target-block contract and regression evidence","","","","","","","",""
"HANDWRITTEN_PRODUCTION_DART","lib/features/setup/application/setup_readiness_service.dart","1251","687CBD167EC9D3F01265986F30C058EED2EEA232BA606F0351C67B44BC4730A7","setup / readiness","Implements the setup readiness service state transition or projection service.","Engineering Profile and owning module contract","core/platform support behind ports","TARGET FIT / RETAIN","Phase 4 evidence for setup / readiness; direct declaration/import scan of lib/features/setup/application/setup_readiness_service.dart (1251 bytes; SHA-256 687CBD167EC9D3F01265986F30C058EED2EEA232BA606F0351C67B44BC4730A7).","SUFFICIENT FOR CLASSIFICATION — implementation remains phase-gated","Owning module API and regression behavior","Retain under mapped target block; include in seam characterization","Release readiness acceptance","DIRECTLY ANALYZED","","File-specific reconciliation: lib/features/setup/application/setup_readiness_service.dart responsibility, target and disposition checked against declarations/imports and the owning contract.","","","","","","","","","domain/application service","relative imports: ../../auth/data/auth_security_repository.dart; ../../auth/domain/session_service.dart","controls its named sub-responsibility without changing PREDMET authority","owning-block tests plus Phase 4 characterization register","target-block contract and regression evidence","","","","","","","",""
"HANDWRITTEN_PRODUCTION_DART","lib/features/stanje_robe/application/stanje_robe_lifecycle_service.dart","22968","67A6AC6EC450361D0D3083479B407AC0B8D5A149B797320313DD97AADC418EB6","STANJE ROBE / derived stock state","Implements the stanje robe lifecycle service state transition or projection service.","PREDMET business authority","features/stanje_robe","REFACTOR CANDIDATE","Phase 4 evidence for STANJE ROBE / derived stock state; direct declaration/import scan of lib/features/stanje_robe/application/stanje_robe_lifecycle_service.dart (22968 bytes; SHA-256 67A6AC6EC450361D0D3083479B407AC0B8D5A149B797320313DD97AADC418EB6).","PARTIAL — seam characterization required before migration","Derived effects/availability rebuild; PREDMET facts authoritative","Characterize derived-state rebuild and source-fact boundary","STANJE ROBE derived-state characterization","DIRECTLY ANALYZED","","File-specific reconciliation: lib/features/stanje_robe/application/stanje_robe_lifecycle_service.dart responsibility, target and disposition checked against declarations/imports and the owning contract.","","","","","","","","","stock lifecycle and operational availability","relative imports: ../../../core/database/database.dart; ../data/stanje_robe_effects_repository.dart; ../data/stanje_robe_posledice_repository.dart; ../data/stanje_robe_repository.dart","controls derived stock effects/availability","owning-block tests plus Phase 4 characterization register","derived-state rebuild/reconciliation characterization","","","","","","","",""
"HANDWRITTEN_PRODUCTION_DART","lib/features/stanje_robe/application/stanje_robe_operational_availability.dart","1769","BE815B8ADF2F74B463553CFEC0486417AAC90ED7A8F93DA81BB215F7D449DD2A","STANJE ROBE / derived stock state","Implements the stanje robe operational availability responsibility in its owning block.","PREDMET business authority","features/stanje_robe","REFACTOR CANDIDATE","Phase 4 evidence for STANJE ROBE / derived stock state; direct declaration/import scan of lib/features/stanje_robe/application/stanje_robe_operational_availability.dart (1769 bytes; SHA-256 BE815B8ADF2F74B463553CFEC0486417AAC90ED7A8F93DA81BB215F7D449DD2A).","PARTIAL — seam characterization required before migration","Derived effects/availability rebuild; PREDMET facts authoritative","Characterize derived-state rebuild and source-fact boundary","STANJE ROBE derived-state characterization","DIRECTLY ANALYZED","","File-specific reconciliation: lib/features/stanje_robe/application/stanje_robe_operational_availability.dart responsibility, target and disposition checked against declarations/imports and the owning contract.","","","","","","","","","stock lifecycle and operational availability","relative imports: ../../../core/entitlements/opc_entitlement_policy.dart; ../../podesavanja/data/podesavanja_repository.dart","controls derived stock effects/availability","owning-block tests plus Phase 4 characterization register","derived-state rebuild/reconciliation characterization","","","","","","","",""
"HANDWRITTEN_PRODUCTION_DART","lib/features/stanje_robe/data/stanje_robe_effects_repository.dart","4550","11509D27DD00D35900D64C79D00406085AC9622A56F5F8E80C6E58DBD5291BCD","STANJE ROBE / derived stock state","Provides the stanje robe effects repository data-access boundary.","PREDMET business authority","features/stanje_robe","REFACTOR CANDIDATE","Phase 4 evidence for STANJE ROBE / derived stock state; direct declaration/import scan of lib/features/stanje_robe/data/stanje_robe_effects_repository.dart (4550 bytes; SHA-256 11509D27DD00D35900D64C79D00406085AC9622A56F5F8E80C6E58DBD5291BCD).","PARTIAL — seam characterization required before migration","Derived effects/availability rebuild; PREDMET facts authoritative","Characterize derived-state rebuild and source-fact boundary","STANJE ROBE derived-state characterization","DIRECTLY ANALYZED","","File-specific reconciliation: lib/features/stanje_robe/data/stanje_robe_effects_repository.dart responsibility, target and disposition checked against declarations/imports and the owning contract.","","","","","","","","","effect generation/application","relative imports: ../../../core/database/database.dart","writes/reads owning block data boundary","owning-block tests plus Phase 4 characterization register","derived-state rebuild/reconciliation characterization","","","","","","","",""
"HANDWRITTEN_PRODUCTION_DART","lib/features/stanje_robe/data/stanje_robe_posledice_repository.dart","12876","A81690E6E184A9EDD0443003FA92D6025229AC9C22E0A8B3CB11BA925DA3E89B","STANJE ROBE / derived stock state","Provides the stanje robe posledice repository data-access boundary.","PREDMET business authority","features/stanje_robe","REFACTOR CANDIDATE","Phase 4 evidence for STANJE ROBE / derived stock state; direct declaration/import scan of lib/features/stanje_robe/data/stanje_robe_posledice_repository.dart (12876 bytes; SHA-256 A81690E6E184A9EDD0443003FA92D6025229AC9C22E0A8B3CB11BA925DA3E89B).","PARTIAL — seam characterization required before migration","Derived effects/availability rebuild; PREDMET facts authoritative","Characterize derived-state rebuild and source-fact boundary","STANJE ROBE derived-state characterization","DIRECTLY ANALYZED","","File-specific reconciliation: lib/features/stanje_robe/data/stanje_robe_posledice_repository.dart responsibility, target and disposition checked against declarations/imports and the owning contract.","","","","","","","","","reversal/deletion consequences","relative imports: ../../../core/database/database.dart","writes/reads owning block data boundary","owning-block tests plus Phase 4 characterization register","derived-state rebuild/reconciliation characterization","","","","","","","",""
"HANDWRITTEN_PRODUCTION_DART","lib/features/stanje_robe/data/stanje_robe_repository.dart","6286","0435335AB667601A95C867A8A0CBEF47E3281A5FEA6C3D4416D3C0D4FCFB6F89","STANJE ROBE / derived stock state","Provides the stanje robe repository data-access boundary.","PREDMET business authority","features/stanje_robe","REFACTOR CANDIDATE","Phase 4 evidence for STANJE ROBE / derived stock state; direct declaration/import scan of lib/features/stanje_robe/data/stanje_robe_repository.dart (6286 bytes; SHA-256 0435335AB667601A95C867A8A0CBEF47E3281A5FEA6C3D4416D3C0D4FCFB6F89).","PARTIAL — seam characterization required before migration","Derived effects/availability rebuild; PREDMET facts authoritative","Characterize derived-state rebuild and source-fact boundary","STANJE ROBE derived-state characterization","DIRECTLY ANALYZED","","File-specific reconciliation: lib/features/stanje_robe/data/stanje_robe_repository.dart responsibility, target and disposition checked against declarations/imports and the owning contract.","","","","","","","","","stock lifecycle and operational availability","relative imports: ../../../core/database/database.dart","writes/reads owning block data boundary","owning-block tests plus Phase 4 characterization register","derived-state rebuild/reconciliation characterization","","","","","","","",""
"HANDWRITTEN_PRODUCTION_DART","lib/features/stanje_robe/presentation/stanje_robe_admin_screen.dart","25706","EBD4B00D26DF13C1437145E5A6144CCEAB634A1DB1D3D5B4800147B6B776511C","STANJE ROBE / derived stock state","Renders the stanje robe admin screen workflow and coordinates user actions.","PREDMET business authority","features/stanje_robe","REFACTOR CANDIDATE","Phase 4 evidence for STANJE ROBE / derived stock state; direct declaration/import scan of lib/features/stanje_robe/presentation/stanje_robe_admin_screen.dart (25706 bytes; SHA-256 EBD4B00D26DF13C1437145E5A6144CCEAB634A1DB1D3D5B4800147B6B776511C).","PARTIAL — seam characterization required before migration","Derived effects/availability rebuild; PREDMET facts authoritative","Characterize derived-state rebuild and source-fact boundary","STANJE ROBE derived-state characterization","DIRECTLY ANALYZED","","File-specific reconciliation: lib/features/stanje_robe/presentation/stanje_robe_admin_screen.dart responsibility, target and disposition checked against declarations/imports and the owning contract.","","","","","","","","","stock administration UI","relative imports: ../../../core/database/database.dart; ../../../core/entitlements/opc_entitlement_policy.dart; ../../auth/domain/session_service.dart; ../../podesavanja/data/podesavanja_repository.dart; ../application/stanje_robe_lifecycle_service.dart; ../application/stanje_robe_operational_availability.dart; ../data/stanje_robe_posledice_repository.dart; ../data/stanje_robe_repository.dart","controls user workflow state and commands","owning-block tests plus Phase 4 characterization register","derived-state rebuild/reconciliation characterization","","","","","","","",""
"HANDWRITTEN_PRODUCTION_DART","lib/features/predmeti/application/full_backup_restore_coordinator.dart","6228","4BA1E605DC47A7476D71F8140AC05AB3290F1487D71ABFE0A6E174B7E10DD0B3","PREDMET / application coordination","Coordinates the full backup restore coordinator workflow across repositories and adapters.","PREDMET business authority","features/interoperability/application + infrastructure","MOVE / REFACTOR","Phase 4 evidence for PREDMET / application coordination; direct declaration/import scan of lib/features/predmeti/application/full_backup_restore_coordinator.dart (6228 bytes; SHA-256 4BA1E605DC47A7476D71F8140AC05AB3290F1487D71ABFE0A6E174B7E10DD0B3).","PARTIAL — seam characterization required before migration","Versioned JSON/transfer envelope, round-trip, media, auth and restore compatibility","Characterize compensation and rehearse full restore","JSON interoperability and transfer/backup/restore characterization","DIRECTLY ANALYZED","","File-specific reconciliation: lib/features/predmeti/application/full_backup_restore_coordinator.dart responsibility, target and disposition checked against declarations/imports and the owning contract.","","","","","","","","","backup/restore workflow coordination","relative imports: ../../../core/database/database.dart; ../parte/data/parte_media_store.dart; ../reminders/ceremony_notification_gateway.dart; ../reminders/ceremony_reminder_coordinator.dart; ../reminders/ceremony_reminder_repository.dart","controls its named sub-responsibility without changing PREDMET authority","migration, restore, round-trip and compatibility evidence required","target-block contract and regression evidence","","","","","","","",""
"HANDWRITTEN_PRODUCTION_DART","lib/features/predmeti/application/predmet_hard_delete_coordinator.dart","5109","F3D2435060B4526CD4290CB42CE888A1F00A1BD2E45A7D789B1F1E37F0CBE0FA","PREDMET / application coordination","Coordinates the predmet hard delete coordinator workflow across repositories and adapters.","PREDMET business authority","features/predmeti","TARGET FIT / SPLIT SEAMS","Phase 4 evidence for PREDMET / application coordination; direct declaration/import scan of lib/features/predmeti/application/predmet_hard_delete_coordinator.dart (5109 bytes; SHA-256 F3D2435060B4526CD4290CB42CE888A1F00A1BD2E45A7D789B1F1E37F0CBE0FA).","SUFFICIENT FOR CLASSIFICATION — implementation remains phase-gated","Owning module API and regression behavior","Retain under mapped target block; include in seam characterization","PREDMET runtime/lifecycle acceptance","DIRECTLY ANALYZED","","File-specific reconciliation: lib/features/predmeti/application/predmet_hard_delete_coordinator.dart responsibility, target and disposition checked against declarations/imports and the owning contract.","","","","","","","","","file-specific predmet hard delete coordinator implementation","relative imports: ../../../core/database/database.dart; ../data/predmeti_repository.dart; ../parte/data/parte_media_store.dart; ../reminders/ceremony_notification_gateway.dart; ../reminders/ceremony_reminder_coordinator.dart; ../reminders/ceremony_reminder_repository.dart","controls its named sub-responsibility without changing PREDMET authority","owning-block tests plus Phase 4 characterization register","target-block contract and regression evidence","","","","","","","",""
"HANDWRITTEN_PRODUCTION_DART","lib/features/predmeti/data/iriu_repository.dart","51440","01200804972CDC58D81F6D5E23E710C553F7F56DA2E0D550CBB4115E8041E7FD","PREDMET / repositories and persistence","Provides the iriu repository data-access boundary.","PREDMET business authority","features/predmeti","SPLIT / MERGE — IRiU CONTRACT BOUNDARY","Phase 4 evidence for PREDMET / repositories and persistence; direct declaration/import scan of lib/features/predmeti/data/iriu_repository.dart (51440 bytes; SHA-256 01200804972CDC58D81F6D5E23E710C553F7F56DA2E0D550CBB4115E8041E7FD).","PARTIAL — seam characterization required before migration","IRiU ordering/provenance/price and PREDMET truth contracts","Complete IRiU seam characterization before refactor","IRiU seam characterization","DIRECTLY ANALYZED","","File-specific reconciliation: lib/features/predmeti/data/iriu_repository.dart responsibility, target and disposition checked against declarations/imports and the owning contract.","","","","","","","","","IRiU rows/provenance persistence","relative imports: ../../../core/constants/iriu_constants.dart; ../../../core/database/database.dart; ../../../core/format/app_money_format.dart; ../core_v2/rules/iriu_truth_rules.dart; ../core_v2/services/blok2_iriu_lifecycle_service.dart; ../core_v2/services/iriu_display_name_resolver.dart; ../core_v2/services/iriu_ordering_service.dart; ../core_v2/services/mesto_smrti_iriu_lifecycle_service.dart; ../core_v2/scenario/scenario_contract.dart; ../core_v2/scenario/scenario_persistence_contract.dart; ../core_v2/scenario/scenario_rule_engine.dart; ../core_v2/scenario/scenario_module_repository.dart; ../core_v2/scenario/owner_scenario_policy_kernel.dart; ../../podesavanja/data/podesavanja_repository.dart; ../../stanje_robe/application/stanje_robe_lifecycle_service.dart; ../../stanje_robe/application/stanje_robe_operational_availability.dart; ../domain/iriu_catalog_selection.dart","writes/reads owning block data boundary","owning-block tests plus Phase 4 characterization register","IRiU ordering/provenance characterization","","","","","","","",""
"HANDWRITTEN_PRODUCTION_DART","lib/features/predmeti/data/kontakt_lica_repository.dart","1535","400400A9249069DABA59582C0A9EAD924E57D4B224A909950932B8A544366388","PREDMET / repositories and persistence","Provides the kontakt lica repository data-access boundary.","PREDMET business authority","features/predmeti","TARGET FIT / SPLIT SEAMS","Phase 4 evidence for PREDMET / repositories and persistence; direct declaration/import scan of lib/features/predmeti/data/kontakt_lica_repository.dart (1535 bytes; SHA-256 400400A9249069DABA59582C0A9EAD924E57D4B224A909950932B8A544366388).","SUFFICIENT FOR CLASSIFICATION — implementation remains phase-gated","Owning module API and regression behavior","Retain under mapped target block; include in seam characterization","PREDMET runtime/lifecycle acceptance","DIRECTLY ANALYZED","","File-specific reconciliation: lib/features/predmeti/data/kontakt_lica_repository.dart responsibility, target and disposition checked against declarations/imports and the owning contract.","","","","","","","","","repository/data access","relative imports: ../../../core/database/database.dart","writes/reads owning block data boundary","owning-block tests plus Phase 4 characterization register","target-block contract and regression evidence","","","","","","","",""
"HANDWRITTEN_PRODUCTION_DART","lib/features/predmeti/data/predmeti_repository.dart","23595","36A60C4109CF2A173808659BD3FEBAD9910DB503E460FFFA8C458F60D99974FC","PREDMET / repositories and persistence","Provides the predmeti repository data-access boundary.","PREDMET business authority","features/predmeti","TARGET FIT / SPLIT SEAMS","Phase 4 evidence for PREDMET / repositories and persistence; direct declaration/import scan of lib/features/predmeti/data/predmeti_repository.dart (23595 bytes; SHA-256 36A60C4109CF2A173808659BD3FEBAD9910DB503E460FFFA8C458F60D99974FC).","SUFFICIENT FOR CLASSIFICATION — implementation remains phase-gated","Owning module API and regression behavior","Retain under mapped target block; include in seam characterization","PREDMET runtime/lifecycle acceptance","DIRECTLY ANALYZED","","File-specific reconciliation: lib/features/predmeti/data/predmeti_repository.dart responsibility, target and disposition checked against declarations/imports and the owning contract.","","","","","","","","","repository/data access","relative imports: ../../../core/database/database.dart; ../../../core/format/app_format.dart; ../../stanje_robe/application/stanje_robe_lifecycle_service.dart; ../core_v2/business_policy/business_scenario_id.dart; ../core_v2/scenario/scenario_module_repository.dart","writes/reads owning block data boundary","owning-block tests plus Phase 4 characterization register","target-block contract and regression evidence","","","","","","","",""
"HANDWRITTEN_PRODUCTION_DART","lib/features/predmeti/domain/iriu_catalog_selection.dart","1318","7D6057025328267F50AD9937B70699FD0A96E9D93E5F05968FDBCA5EC1485F91","PREDMET / domain selection","Implements the iriu catalog selection responsibility in its owning block.","PREDMET business authority","features/predmeti","SPLIT / MERGE — IRiU CONTRACT BOUNDARY","Phase 4 evidence for PREDMET / domain selection; direct declaration/import scan of lib/features/predmeti/domain/iriu_catalog_selection.dart (1318 bytes; SHA-256 7D6057025328267F50AD9937B70699FD0A96E9D93E5F05968FDBCA5EC1485F91).","PARTIAL — seam characterization required before migration","IRiU ordering/provenance/price and PREDMET truth contracts","Complete IRiU seam characterization before refactor","IRiU seam characterization","DIRECTLY ANALYZED","","File-specific reconciliation: lib/features/predmeti/domain/iriu_catalog_selection.dart responsibility, target and disposition checked against declarations/imports and the owning contract.","","","","","","","","","IRiU truth/selection/lifecycle","no local project import; framework/primitive boundary","controls its named sub-responsibility without changing PREDMET authority","owning-block tests plus Phase 4 characterization register","IRiU ordering/provenance characterization","","","","","","","",""
"HANDWRITTEN_PRODUCTION_DART","lib/features/predmeti/core_v2/scenario/owner_scenario_policy_kernel.dart","23061","711B06F64D0341E50839A3FB136D76B423B8543EA8ED234DC6B1C96AC2E3119C","SCENARIO / locked module","Evaluates owner scenario policy kernel policy without changing owner meaning.","SCENARIO lock; protected source/tests","features/scenario (locked; explicit unlock for movement)","TARGET FIT / PROTECTED","Phase 4 evidence for SCENARIO / locked module; direct declaration/import scan of lib/features/predmeti/core_v2/scenario/owner_scenario_policy_kernel.dart (23061 bytes; SHA-256 711B06F64D0341E50839A3FB136D76B423B8543EA8ED234DC6B1C96AC2E3119C).","SUFFICIENT — locked regression/contract evidence","SCENARIO lock SHA, persistence/reconciliation contracts and golden tests","Retain locked implementation; movement requires explicit unlock","explicit SCENARIO unlock task (if ever required)","DIRECTLY ANALYZED","","File-specific reconciliation: lib/features/predmeti/core_v2/scenario/owner_scenario_policy_kernel.dart responsibility, target and disposition checked against declarations/imports and the owning contract.","","","","","","","","","SCENARIO rules and owner policy","relative imports: ../../../../core/constants/iriu_constants.dart; ../../../../core/database/database.dart","controls locked SCENARIO state/contract","locked SCENARIO tests, golden fixtures and runtime contracts","explicit SCENARIO unlock only; otherwise none","","","","","","","",""
"HANDWRITTEN_PRODUCTION_DART","lib/features/predmeti/core_v2/scenario/predmet_scenario_application_contract.dart","2468","8F598D32908A49E7C83816AD2594C580B23DA35837B907EA1A8F6F9C6EDF0FD7","SCENARIO / locked module","Defines the predmet scenario application contract inter-module invariant.","SCENARIO lock; protected source/tests","features/scenario (locked; explicit unlock for movement)","TARGET FIT / PROTECTED","Phase 4 evidence for SCENARIO / locked module; direct declaration/import scan of lib/features/predmeti/core_v2/scenario/predmet_scenario_application_contract.dart (2468 bytes; SHA-256 8F598D32908A49E7C83816AD2594C580B23DA35837B907EA1A8F6F9C6EDF0FD7).","SUFFICIENT — locked regression/contract evidence","SCENARIO lock SHA, persistence/reconciliation contracts and golden tests","Retain locked implementation; movement requires explicit unlock","explicit SCENARIO unlock task (if ever required)","DIRECTLY ANALYZED","","File-specific reconciliation: lib/features/predmeti/core_v2/scenario/predmet_scenario_application_contract.dart responsibility, target and disposition checked against declarations/imports and the owning contract.","","","","","","","","","SCENARIO contract/reconciliation/transfer","relative imports: ../../../../core/database/database.dart","controls locked SCENARIO state/contract","locked SCENARIO tests, golden fixtures and runtime contracts","explicit SCENARIO unlock only; otherwise none","","","","","","","",""
"HANDWRITTEN_PRODUCTION_DART","lib/features/predmeti/core_v2/scenario/scenario_contract.dart","6683","44C190C1E6AD01DEBAE323A1BD5C736E496BCA1EB66EC6FE27ADD6659B528136","SCENARIO / locked module","Defines the scenario contract inter-module invariant.","SCENARIO lock; protected source/tests","features/scenario (locked; explicit unlock for movement)","TARGET FIT / PROTECTED","Phase 4 evidence for SCENARIO / locked module; direct declaration/import scan of lib/features/predmeti/core_v2/scenario/scenario_contract.dart (6683 bytes; SHA-256 44C190C1E6AD01DEBAE323A1BD5C736E496BCA1EB66EC6FE27ADD6659B528136).","SUFFICIENT — locked regression/contract evidence","SCENARIO lock SHA, persistence/reconciliation contracts and golden tests","Retain locked implementation; movement requires explicit unlock","explicit SCENARIO unlock task (if ever required)","DIRECTLY ANALYZED","","File-specific reconciliation: lib/features/predmeti/core_v2/scenario/scenario_contract.dart responsibility, target and disposition checked against declarations/imports and the owning contract.","","","","","","","","","SCENARIO contract/reconciliation/transfer","relative imports: ../../../../core/database/database.dart","controls locked SCENARIO state/contract","locked SCENARIO tests, golden fixtures and runtime contracts","explicit SCENARIO unlock only; otherwise none","","","","","","","",""
"HANDWRITTEN_PRODUCTION_DART","lib/features/predmeti/core_v2/scenario/scenario_module_repository.dart","32052","E1E121C02246B177AAC97A16CCDDB4B915BBB288195EA644E584C4BEC10451D1","SCENARIO / locked module","Provides the scenario module repository data-access boundary.","SCENARIO lock; protected source/tests","features/scenario (locked; explicit unlock for movement)","TARGET FIT / PROTECTED","Phase 4 evidence for SCENARIO / locked module; direct declaration/import scan of lib/features/predmeti/core_v2/scenario/scenario_module_repository.dart (32052 bytes; SHA-256 E1E121C02246B177AAC97A16CCDDB4B915BBB288195EA644E584C4BEC10451D1).","SUFFICIENT — locked regression/contract evidence","SCENARIO lock SHA, persistence/reconciliation contracts and golden tests","Retain locked implementation; movement requires explicit unlock","explicit SCENARIO unlock task (if ever required)","DIRECTLY ANALYZED","","File-specific reconciliation: lib/features/predmeti/core_v2/scenario/scenario_module_repository.dart responsibility, target and disposition checked against declarations/imports and the owning contract.","","","","","","","","","SCENARIO persistence","relative imports: ../../../../core/database/database.dart; ../../../../core/constants/iriu_constants.dart","writes/reads owning block data boundary","locked SCENARIO tests, golden fixtures and runtime contracts","explicit SCENARIO unlock only; otherwise none","","","","","","","",""
"HANDWRITTEN_PRODUCTION_DART","lib/features/predmeti/core_v2/scenario/scenario_module_screen.dart","116943","DAB2D4632C7C79DFBE5AF41C0B80DAA0BEA8439D160F54AD3A26D03674363456","SCENARIO / locked module","Renders the scenario module screen workflow and coordinates user actions.","SCENARIO lock; protected source/tests","features/scenario (locked; explicit unlock for movement)","TARGET FIT / PROTECTED","Phase 4 evidence for SCENARIO / locked module; direct declaration/import scan of lib/features/predmeti/core_v2/scenario/scenario_module_screen.dart (116943 bytes; SHA-256 DAB2D4632C7C79DFBE5AF41C0B80DAA0BEA8439D160F54AD3A26D03674363456).","SUFFICIENT — locked regression/contract evidence","SCENARIO lock SHA, persistence/reconciliation contracts and golden tests","Retain locked implementation; movement requires explicit unlock","explicit SCENARIO unlock task (if ever required)","DIRECTLY ANALYZED","","File-specific reconciliation: lib/features/predmeti/core_v2/scenario/scenario_module_screen.dart responsibility, target and disposition checked against declarations/imports and the owning contract.","","","","","","","","","SCENARIO workflow UI","relative imports: ../../../../core/constants/iriu_constants.dart; ../../../../core/database/database.dart; ../../../podesavanja/data/podesavanja_repository.dart; ../services/iriu_display_name_resolver.dart; ../../data/iriu_repository.dart; ../../data/predmeti_repository.dart","controls user workflow state and commands","locked SCENARIO tests, golden fixtures and runtime contracts","explicit SCENARIO unlock only; otherwise none","","","","","","","",""
"HANDWRITTEN_PRODUCTION_DART","lib/features/predmeti/core_v2/scenario/scenario_persistence_contract.dart","25956","0B39C21B258C0ED17E4179E1B0F68232B76C96DC7E5E42CB9200210B12DCE1C4","SCENARIO / locked module","Defines the scenario persistence contract inter-module invariant.","SCENARIO lock; protected source/tests","features/scenario (locked; explicit unlock for movement)","TARGET FIT / PROTECTED","Phase 4 evidence for SCENARIO / locked module; direct declaration/import scan of lib/features/predmeti/core_v2/scenario/scenario_persistence_contract.dart (25956 bytes; SHA-256 0B39C21B258C0ED17E4179E1B0F68232B76C96DC7E5E42CB9200210B12DCE1C4).","SUFFICIENT — locked regression/contract evidence","SCENARIO lock SHA, persistence/reconciliation contracts and golden tests","Retain locked implementation; movement requires explicit unlock","explicit SCENARIO unlock task (if ever required)","DIRECTLY ANALYZED","","File-specific reconciliation: lib/features/predmeti/core_v2/scenario/scenario_persistence_contract.dart responsibility, target and disposition checked against declarations/imports and the owning contract.","","","","","","","","","SCENARIO contract/reconciliation/transfer","no local project import; framework/primitive boundary","controls locked SCENARIO state/contract","locked SCENARIO tests, golden fixtures and runtime contracts","explicit SCENARIO unlock only; otherwise none","","","","","","","",""
"HANDWRITTEN_PRODUCTION_DART","lib/features/predmeti/core_v2/scenario/scenario_reconciliation_contract.dart","8861","50C9FF39049E6C11E1ED0ADDC97587E4803AF2F2DD8911627159C1FEBA813208","SCENARIO / locked module","Defines the scenario reconciliation contract inter-module invariant.","SCENARIO lock; protected source/tests","features/scenario (locked; explicit unlock for movement)","TARGET FIT / PROTECTED","Phase 4 evidence for SCENARIO / locked module; direct declaration/import scan of lib/features/predmeti/core_v2/scenario/scenario_reconciliation_contract.dart (8861 bytes; SHA-256 50C9FF39049E6C11E1ED0ADDC97587E4803AF2F2DD8911627159C1FEBA813208).","SUFFICIENT — locked regression/contract evidence","SCENARIO lock SHA, persistence/reconciliation contracts and golden tests","Retain locked implementation; movement requires explicit unlock","explicit SCENARIO unlock task (if ever required)","DIRECTLY ANALYZED","","File-specific reconciliation: lib/features/predmeti/core_v2/scenario/scenario_reconciliation_contract.dart responsibility, target and disposition checked against declarations/imports and the owning contract.","","","","","","","","","SCENARIO contract/reconciliation/transfer","relative imports: ../../../../core/database/database.dart","controls locked SCENARIO state/contract","locked SCENARIO tests, golden fixtures and runtime contracts","explicit SCENARIO unlock only; otherwise none","","","","","","","",""
"HANDWRITTEN_PRODUCTION_DART","lib/features/predmeti/core_v2/scenario/scenario_rule_engine.dart","6347","5B0DD76BBDF7F29DCA5EB89B2493F8C460E60741648AB763B23564A23D7A5D58","SCENARIO / locked module","Implements the scenario rule engine responsibility in its owning block.","SCENARIO lock; protected source/tests","features/scenario (locked; explicit unlock for movement)","TARGET FIT / PROTECTED","Phase 4 evidence for SCENARIO / locked module; direct declaration/import scan of lib/features/predmeti/core_v2/scenario/scenario_rule_engine.dart (6347 bytes; SHA-256 5B0DD76BBDF7F29DCA5EB89B2493F8C460E60741648AB763B23564A23D7A5D58).","SUFFICIENT — locked regression/contract evidence","SCENARIO lock SHA, persistence/reconciliation contracts and golden tests","Retain locked implementation; movement requires explicit unlock","explicit SCENARIO unlock task (if ever required)","DIRECTLY ANALYZED","","File-specific reconciliation: lib/features/predmeti/core_v2/scenario/scenario_rule_engine.dart responsibility, target and disposition checked against declarations/imports and the owning contract.","","","","","","","","","SCENARIO rules and owner policy","relative imports: ../../../../core/database/database.dart","controls locked SCENARIO state/contract","locked SCENARIO tests, golden fixtures and runtime contracts","explicit SCENARIO unlock only; otherwise none","","","","","","","",""
"HANDWRITTEN_PRODUCTION_DART","lib/features/predmeti/core_v2/scenario/scenario_runtime_reconciliation_service.dart","1219","E47970CA65C97B5057B84D1811165C045F5BDAE31E2CF89AD047F45332F2C0D1","SCENARIO / locked module","Implements the scenario runtime reconciliation service state transition or projection service.","SCENARIO lock; protected source/tests","features/scenario (locked; explicit unlock for movement)","TARGET FIT / PROTECTED","Phase 4 evidence for SCENARIO / locked module; direct declaration/import scan of lib/features/predmeti/core_v2/scenario/scenario_runtime_reconciliation_service.dart (1219 bytes; SHA-256 E47970CA65C97B5057B84D1811165C045F5BDAE31E2CF89AD047F45332F2C0D1).","SUFFICIENT — locked regression/contract evidence","SCENARIO lock SHA, persistence/reconciliation contracts and golden tests","Retain locked implementation; movement requires explicit unlock","explicit SCENARIO unlock task (if ever required)","DIRECTLY ANALYZED","","File-specific reconciliation: lib/features/predmeti/core_v2/scenario/scenario_runtime_reconciliation_service.dart responsibility, target and disposition checked against declarations/imports and the owning contract.","","","","","","","","","SCENARIO contract/reconciliation/transfer","relative imports: ../../../../core/database/database.dart; ../../data/iriu_repository.dart","controls locked SCENARIO state/contract","locked SCENARIO tests, golden fixtures and runtime contracts","explicit SCENARIO unlock only; otherwise none","","","","","","","",""
"HANDWRITTEN_PRODUCTION_DART","lib/features/predmeti/core_v2/scenario/scenario_transfer_envelope.dart","10288","110FA6B1B2A25AFF6D2B44DF773B1229AD7C24083C928C8709F811F7637716CB","SCENARIO / locked module","Implements the scenario transfer envelope responsibility in its owning block.","SCENARIO lock; protected source/tests","features/scenario (locked; explicit unlock for movement)","TARGET FIT / PROTECTED","Phase 4 evidence for SCENARIO / locked module; direct declaration/import scan of lib/features/predmeti/core_v2/scenario/scenario_transfer_envelope.dart (10288 bytes; SHA-256 110FA6B1B2A25AFF6D2B44DF773B1229AD7C24083C928C8709F811F7637716CB).","SUFFICIENT — locked regression/contract evidence","SCENARIO lock SHA, persistence/reconciliation contracts and golden tests","Retain locked implementation; movement requires explicit unlock","explicit SCENARIO unlock task (if ever required)","DIRECTLY ANALYZED","","File-specific reconciliation: lib/features/predmeti/core_v2/scenario/scenario_transfer_envelope.dart responsibility, target and disposition checked against declarations/imports and the owning contract.","","","","","","","","","SCENARIO contract/reconciliation/transfer","no local project import; framework/primitive boundary","controls locked SCENARIO state/contract","locked SCENARIO tests, golden fixtures and runtime contracts","explicit SCENARIO unlock only; otherwise none","","","","","","","",""
"HANDWRITTEN_PRODUCTION_DART","lib/features/predmeti/core_v2/scenario/single_predmet_scenario_carrier_contract.dart","18359","4FB97F25884A961AA2E3BCB090AE34D9F86DD3D9D024CE361769B13F418DC883","SCENARIO / locked module","Defines the single predmet scenario carrier contract inter-module invariant.","SCENARIO lock; protected source/tests","features/scenario (locked; explicit unlock for movement)","TARGET FIT / PROTECTED","Phase 4 evidence for SCENARIO / locked module; direct declaration/import scan of lib/features/predmeti/core_v2/scenario/single_predmet_scenario_carrier_contract.dart (18359 bytes; SHA-256 4FB97F25884A961AA2E3BCB090AE34D9F86DD3D9D024CE361769B13F418DC883).","SUFFICIENT — locked regression/contract evidence","SCENARIO lock SHA, persistence/reconciliation contracts and golden tests","Retain locked implementation; movement requires explicit unlock","explicit SCENARIO unlock task (if ever required)","DIRECTLY ANALYZED","","File-specific reconciliation: lib/features/predmeti/core_v2/scenario/single_predmet_scenario_carrier_contract.dart responsibility, target and disposition checked against declarations/imports and the owning contract.","","","","","","","","","SCENARIO contract/reconciliation/transfer","no local project import; framework/primitive boundary","controls locked SCENARIO state/contract","locked SCENARIO tests, golden fixtures and runtime contracts","explicit SCENARIO unlock only; otherwise none","","","","","","","",""
"HANDWRITTEN_PRODUCTION_DART","lib/features/predmeti/core_v2/business_policy/business_policy_evaluator.dart","2423","B2CBCD0A793DA063732EB59EFDFBB3E6004C57BD90DAE2841E27F395707B872A","policy finance / business policy","Evaluates business policy evaluator policy without changing owner meaning.","PREDMET business authority","features/policy_finance","BOUNDED RECODE CANDIDATE / REFACTOR","Phase 4 evidence for policy finance / business policy; direct declaration/import scan of lib/features/predmeti/core_v2/business_policy/business_policy_evaluator.dart (2423 bytes; SHA-256 B2CBCD0A793DA063732EB59EFDFBB3E6004C57BD90DAE2841E27F395707B872A).","SUFFICIENT FOR CLASSIFICATION — implementation remains phase-gated","Owning module API and regression behavior","Retain under mapped target block; include in seam characterization","Policy/finance acceptance matrix","DIRECTLY ANALYZED","","File-specific reconciliation: lib/features/predmeti/core_v2/business_policy/business_policy_evaluator.dart responsibility, target and disposition checked against declarations/imports and the owning contract.","","","","","","","","","file-specific business policy evaluator implementation","relative imports: ../../../../core/database/database.dart; ../rules/iriu_truth_rules.dart","controls policy evaluation/financial projection","owning-block tests plus Phase 4 characterization register","target-block contract and regression evidence","","","","","","","",""
"HANDWRITTEN_PRODUCTION_DART","lib/features/predmeti/core_v2/business_policy/business_policy_models.dart","2654","A7F1622CAEF0B14558186F0447F9676BEA21DADA72046E06FA3F05899D5EE5D3","policy finance / business policy","Defines typed business policy models values.","PREDMET business authority","features/policy_finance","BOUNDED RECODE CANDIDATE / REFACTOR","Phase 4 evidence for policy finance / business policy; direct declaration/import scan of lib/features/predmeti/core_v2/business_policy/business_policy_models.dart (2654 bytes; SHA-256 A7F1622CAEF0B14558186F0447F9676BEA21DADA72046E06FA3F05899D5EE5D3).","NOT APPLICABLE — declarative/value boundary covered by contract","Owning module API and regression behavior","Retain under mapped target block; include in seam characterization","Policy/finance acceptance matrix","DIRECTLY ANALYZED","","File-specific reconciliation: lib/features/predmeti/core_v2/business_policy/business_policy_models.dart responsibility, target and disposition checked against declarations/imports and the owning contract.","","","","","","","","","typed domain model","relative imports: ../../../../core/database/database.dart","controls policy evaluation/financial projection","owning-block tests plus Phase 4 characterization register","target-block contract and regression evidence","","","","","","","",""
"HANDWRITTEN_PRODUCTION_DART","lib/features/predmeti/core_v2/business_policy/business_scenario_id.dart","1094","1036693F7BE06F36E979C12B82B767A3F4CBBA7444884FBD9DE4BA4B045CBF55","policy finance / business policy","Evaluates business scenario id policy without changing owner meaning.","PREDMET business authority","features/policy_finance","BOUNDED RECODE CANDIDATE / REFACTOR","Phase 4 evidence for policy finance / business policy; direct declaration/import scan of lib/features/predmeti/core_v2/business_policy/business_scenario_id.dart (1094 bytes; SHA-256 1036693F7BE06F36E979C12B82B767A3F4CBBA7444884FBD9DE4BA4B045CBF55).","SUFFICIENT FOR CLASSIFICATION — implementation remains phase-gated","Owning module API and regression behavior","Retain under mapped target block; include in seam characterization","Policy/finance acceptance matrix","DIRECTLY ANALYZED","","File-specific reconciliation: lib/features/predmeti/core_v2/business_policy/business_scenario_id.dart responsibility, target and disposition checked against declarations/imports and the owning contract.","","","","","","","","","SCENARIO rules and owner policy","no local project import; framework/primitive boundary","controls locked SCENARIO state/contract","locked SCENARIO tests, golden fixtures and runtime contracts","explicit SCENARIO unlock only; otherwise none","","","","","","","",""
"HANDWRITTEN_PRODUCTION_DART","lib/features/predmeti/core_v2/models/iriu_truth_models.dart","4112","CDD5F72CA3A7284D5CFCDDB6606314B4D451B848FE96E002C353BC86E47619A9","PREDMET / IRiU truth and lifecycle","Defines typed iriu truth models values.","PREDMET business authority","features/predmeti","SPLIT / MERGE — IRiU CONTRACT BOUNDARY","Phase 4 evidence for PREDMET / IRiU truth and lifecycle; direct declaration/import scan of lib/features/predmeti/core_v2/models/iriu_truth_models.dart (4112 bytes; SHA-256 CDD5F72CA3A7284D5CFCDDB6606314B4D451B848FE96E002C353BC86E47619A9).","PARTIAL — seam characterization required before migration","IRiU ordering/provenance/price and PREDMET truth contracts","Complete IRiU seam characterization before refactor","IRiU seam characterization","DIRECTLY ANALYZED","","File-specific reconciliation: lib/features/predmeti/core_v2/models/iriu_truth_models.dart responsibility, target and disposition checked against declarations/imports and the owning contract.","","","","","","","","","IRiU truth/selection/lifecycle","relative imports: ../../../../core/database/database.dart","controls its named sub-responsibility without changing PREDMET authority","owning-block tests plus Phase 4 characterization register","IRiU ordering/provenance characterization","","","","","","","",""
"HANDWRITTEN_PRODUCTION_DART","lib/features/predmeti/core_v2/rules/iriu_truth_rules.dart","7572","5B3ED1C2380D498044DA5E226C6F2A2453E2519A05A7ABEBF3F5260919EF0191","PREDMET / IRiU truth and lifecycle","Implements the iriu truth rules responsibility in its owning block.","PREDMET business authority","features/predmeti","SPLIT / MERGE — IRiU CONTRACT BOUNDARY","Phase 4 evidence for PREDMET / IRiU truth and lifecycle; direct declaration/import scan of lib/features/predmeti/core_v2/rules/iriu_truth_rules.dart (7572 bytes; SHA-256 5B3ED1C2380D498044DA5E226C6F2A2453E2519A05A7ABEBF3F5260919EF0191).","PARTIAL — seam characterization required before migration","IRiU ordering/provenance/price and PREDMET truth contracts","Complete IRiU seam characterization before refactor","IRiU seam characterization","DIRECTLY ANALYZED","","File-specific reconciliation: lib/features/predmeti/core_v2/rules/iriu_truth_rules.dart responsibility, target and disposition checked against declarations/imports and the owning contract.","","","","","","","","","IRiU truth/selection/lifecycle","relative imports: ../../../../core/constants/iriu_constants.dart; ../../../../core/database/database.dart; ../models/iriu_truth_models.dart; ../scenario/owner_scenario_policy_kernel.dart; ../scenario/scenario_contract.dart","controls its named sub-responsibility without changing PREDMET authority","owning-block tests plus Phase 4 characterization register","IRiU ordering/provenance characterization","","","","","","","",""
"HANDWRITTEN_PRODUCTION_DART","lib/features/predmeti/core_v2/services/blok2_iriu_lifecycle_service.dart","3367","6CF78D17F4EFC16994AE5C67EF14DDADEA2EF037E9E406BF605FBF99C783AACB","PREDMET / IRiU truth and lifecycle","Implements the blok2 iriu lifecycle service state transition or projection service.","PREDMET business authority","features/predmeti","SPLIT / MERGE — IRiU CONTRACT BOUNDARY","Phase 4 evidence for PREDMET / IRiU truth and lifecycle; direct declaration/import scan of lib/features/predmeti/core_v2/services/blok2_iriu_lifecycle_service.dart (3367 bytes; SHA-256 6CF78D17F4EFC16994AE5C67EF14DDADEA2EF037E9E406BF605FBF99C783AACB).","PARTIAL — seam characterization required before migration","IRiU ordering/provenance/price and PREDMET truth contracts","Complete IRiU seam characterization before refactor","IRiU seam characterization","DIRECTLY ANALYZED","","File-specific reconciliation: lib/features/predmeti/core_v2/services/blok2_iriu_lifecycle_service.dart responsibility, target and disposition checked against declarations/imports and the owning contract.","","","","","","","","","IRiU truth/selection/lifecycle","relative imports: ../../../../core/database/database.dart; ../models/iriu_truth_models.dart; ../rules/iriu_truth_rules.dart","controls its named sub-responsibility without changing PREDMET authority","owning-block tests plus Phase 4 characterization register","IRiU ordering/provenance characterization","","","","","","","",""
"HANDWRITTEN_PRODUCTION_DART","lib/features/predmeti/core_v2/services/financial_truth_service.dart","1758","73BB4D013BB378721C2345DE1F2A0F93E29B6F590BFB5660E5267D89BF9A272A","PREDMET / IRiU truth and lifecycle","Implements the financial truth service state transition or projection service.","PREDMET business authority","features/policy_finance","BOUNDED RECODE CANDIDATE / REFACTOR","Phase 4 evidence for PREDMET / IRiU truth and lifecycle; direct declaration/import scan of lib/features/predmeti/core_v2/services/financial_truth_service.dart (1758 bytes; SHA-256 73BB4D013BB378721C2345DE1F2A0F93E29B6F590BFB5660E5267D89BF9A272A).","SUFFICIENT FOR CLASSIFICATION — implementation remains phase-gated","Owning module API and regression behavior","Retain under mapped target block; include in seam characterization","IRiU seam characterization","DIRECTLY ANALYZED","","File-specific reconciliation: lib/features/predmeti/core_v2/services/financial_truth_service.dart responsibility, target and disposition checked against declarations/imports and the owning contract.","","","","","","","","","domain/application service","relative imports: ../models/iriu_truth_models.dart","controls policy evaluation/financial projection","owning-block tests plus Phase 4 characterization register","target-block contract and regression evidence","","","","","","","",""
"HANDWRITTEN_PRODUCTION_DART","lib/features/predmeti/core_v2/services/iriu_display_name_resolver.dart","2931","6C15FEF0AEA670480AC8984FD5EE8B26B83466CEB2E345F569A14CBDAE732DEC","PREDMET / IRiU truth and lifecycle","Implements the iriu display name resolver state transition or projection service.","PREDMET business authority","features/predmeti","SPLIT / MERGE — IRiU CONTRACT BOUNDARY","Phase 4 evidence for PREDMET / IRiU truth and lifecycle; direct declaration/import scan of lib/features/predmeti/core_v2/services/iriu_display_name_resolver.dart (2931 bytes; SHA-256 6C15FEF0AEA670480AC8984FD5EE8B26B83466CEB2E345F569A14CBDAE732DEC).","PARTIAL — seam characterization required before migration","IRiU ordering/provenance/price and PREDMET truth contracts","Complete IRiU seam characterization before refactor","IRiU seam characterization","DIRECTLY ANALYZED","","File-specific reconciliation: lib/features/predmeti/core_v2/services/iriu_display_name_resolver.dart responsibility, target and disposition checked against declarations/imports and the owning contract.","","","","","","","","","IRiU display/name resolution","relative imports: ../../../../core/constants/iriu_constants.dart","controls its named sub-responsibility without changing PREDMET authority","owning-block tests plus Phase 4 characterization register","IRiU ordering/provenance characterization","","","","","","","",""
"HANDWRITTEN_PRODUCTION_DART","lib/features/predmeti/core_v2/services/iriu_ordering_service.dart","3883","003E421F546C3C9F089F02C92B7F57A58B1A5118F472D8A88C2FFAE61AA83972","PREDMET / IRiU truth and lifecycle","Implements the iriu ordering service state transition or projection service.","PREDMET business authority","features/predmeti","SPLIT / MERGE — IRiU CONTRACT BOUNDARY","Phase 4 evidence for PREDMET / IRiU truth and lifecycle; direct declaration/import scan of lib/features/predmeti/core_v2/services/iriu_ordering_service.dart (3883 bytes; SHA-256 003E421F546C3C9F089F02C92B7F57A58B1A5118F472D8A88C2FFAE61AA83972).","PARTIAL — seam characterization required before migration","IRiU ordering/provenance/price and PREDMET truth contracts","Complete IRiU seam characterization before refactor","IRiU seam characterization","DIRECTLY ANALYZED","","File-specific reconciliation: lib/features/predmeti/core_v2/services/iriu_ordering_service.dart responsibility, target and disposition checked against declarations/imports and the owning contract.","","","","","","","","","shared derived ordering","relative imports: ../../../../core/database/database.dart","controls its named sub-responsibility without changing PREDMET authority","owning-block tests plus Phase 4 characterization register","IRiU ordering/provenance characterization","","","","","","","",""
"HANDWRITTEN_PRODUCTION_DART","lib/features/predmeti/core_v2/services/mesto_smrti_iriu_lifecycle_service.dart","3378","626FDCFDB7065CE871E081C17F30F5E3A8D222FB46709107B74C52A85AF2C60D","PREDMET / IRiU truth and lifecycle","Implements the mesto smrti iriu lifecycle service state transition or projection service.","PREDMET business authority","features/predmeti","SPLIT / MERGE — IRiU CONTRACT BOUNDARY","Phase 4 evidence for PREDMET / IRiU truth and lifecycle; direct declaration/import scan of lib/features/predmeti/core_v2/services/mesto_smrti_iriu_lifecycle_service.dart (3378 bytes; SHA-256 626FDCFDB7065CE871E081C17F30F5E3A8D222FB46709107B74C52A85AF2C60D).","PARTIAL — seam characterization required before migration","IRiU ordering/provenance/price and PREDMET truth contracts","Complete IRiU seam characterization before refactor","IRiU seam characterization","DIRECTLY ANALYZED","","File-specific reconciliation: lib/features/predmeti/core_v2/services/mesto_smrti_iriu_lifecycle_service.dart responsibility, target and disposition checked against declarations/imports and the owning contract.","","","","","","","","","IRiU truth/selection/lifecycle","relative imports: ../../../../core/database/database.dart; ../models/iriu_truth_models.dart; ../rules/iriu_truth_rules.dart","controls its named sub-responsibility without changing PREDMET authority","owning-block tests plus Phase 4 characterization register","IRiU ordering/provenance characterization","","","","","","","",""
"HANDWRITTEN_PRODUCTION_DART","lib/features/predmeti/core_v2/services/predmet_iriu_truth_service.dart","14186","EBEDE43340FD43E4CB652FDBAD327B5E2E94E69C5E9E4B5791A6BC158FDD13EC","PREDMET / IRiU truth and lifecycle","Implements the predmet iriu truth service state transition or projection service.","PREDMET business authority","features/predmeti","SPLIT / MERGE — IRiU CONTRACT BOUNDARY","Phase 4 evidence for PREDMET / IRiU truth and lifecycle; direct declaration/import scan of lib/features/predmeti/core_v2/services/predmet_iriu_truth_service.dart (14186 bytes; SHA-256 EBEDE43340FD43E4CB652FDBAD327B5E2E94E69C5E9E4B5791A6BC158FDD13EC).","PARTIAL — seam characterization required before migration","IRiU ordering/provenance/price and PREDMET truth contracts","Complete IRiU seam characterization before refactor","IRiU seam characterization","DIRECTLY ANALYZED","","File-specific reconciliation: lib/features/predmeti/core_v2/services/predmet_iriu_truth_service.dart responsibility, target and disposition checked against declarations/imports and the owning contract.","","","","","","","","","IRiU truth/selection/lifecycle","relative imports: ../../../../core/constants/iriu_constants.dart; ../../../../core/database/database.dart; ../business_policy/business_policy_evaluator.dart; ../business_policy/business_policy_models.dart; ../models/iriu_truth_models.dart; ../rules/iriu_truth_rules.dart; ../scenario/owner_scenario_policy_kernel.dart; ../scenario/scenario_contract.dart","controls its named sub-responsibility without changing PREDMET authority","owning-block tests plus Phase 4 characterization register","IRiU ordering/provenance characterization","","","","","","","",""
"HANDWRITTEN_PRODUCTION_DART","lib/features/predmeti/parte/application/parte_authorization.dart","1146","879997BC140C63666FDA374E882AD3B6CEF8BAC0D14A0E9C4B93BC2FE1E6F574","PARTE / preparation and documents","Implements the parte authorization responsibility in its owning block.","PREDMET business authority","features/parte","TARGET FIT / MOVE LATER","Phase 4 evidence for PARTE / preparation and documents; direct declaration/import scan of lib/features/predmeti/parte/application/parte_authorization.dart (1146 bytes; SHA-256 879997BC140C63666FDA374E882AD3B6CEF8BAC0D14A0E9C4B93BC2FE1E6F574).","PARTIAL — seam characterization required before migration","PARTE schema/media/template plus PDF/DOCX/print/JSON compatibility","Build PARTE sub-responsibility acceptance matrix","PARTE characterization/acceptance wave","DIRECTLY ANALYZED","","File-specific reconciliation: lib/features/predmeti/parte/application/parte_authorization.dart responsibility, target and disposition checked against declarations/imports and the owning contract.","","","","","","","","","PARTE preparation state and authorization","relative imports: ../../../../core/database/database.dart; ../../../../core/entitlements/opc_entitlement_policy.dart","controls its named sub-responsibility without changing PREDMET authority","owning-block tests plus Phase 4 characterization register","PARTE sub-responsibility acceptance matrix","","","","","","","",""
"HANDWRITTEN_PRODUCTION_DART","lib/features/predmeti/parte/application/parte_preparation_service.dart","7598","51566AC12881B0901D52A4660E476C1E1E9D65E98E1E5B675E92F998EA62C825","PARTE / preparation and documents","Implements the parte preparation service state transition or projection service.","PREDMET business authority","features/parte","TARGET FIT / MOVE LATER","Phase 4 evidence for PARTE / preparation and documents; direct declaration/import scan of lib/features/predmeti/parte/application/parte_preparation_service.dart (7598 bytes; SHA-256 51566AC12881B0901D52A4660E476C1E1E9D65E98E1E5B675E92F998EA62C825).","PARTIAL — seam characterization required before migration","PARTE schema/media/template plus PDF/DOCX/print/JSON compatibility","Build PARTE sub-responsibility acceptance matrix","PARTE characterization/acceptance wave","DIRECTLY ANALYZED","","File-specific reconciliation: lib/features/predmeti/parte/application/parte_preparation_service.dart responsibility, target and disposition checked against declarations/imports and the owning contract.","","","","","","","","","PARTE preparation state and authorization","relative imports: ../../../../core/database/database.dart; ../../../../core/entitlements/opc_entitlement_policy.dart; ../data/parte_media_store.dart; ../data/parte_preparation_repository.dart; ../domain/parte_composer.dart; ../domain/parte_models.dart","controls its named sub-responsibility without changing PREDMET authority","owning-block tests plus Phase 4 characterization register","PARTE sub-responsibility acceptance matrix","","","","","","","",""
"HANDWRITTEN_PRODUCTION_DART","lib/features/predmeti/parte/data/parte_media_store.dart","8882","3E93251917A2DACBF9898C16F42D3F26AFBA35A07F41DC876F7E9AAAD86FC0CD","PARTE / preparation and documents","Implements the parte media store responsibility in its owning block.","PREDMET business authority","features/parte","TARGET FIT / MOVE LATER","Phase 4 evidence for PARTE / preparation and documents; direct declaration/import scan of lib/features/predmeti/parte/data/parte_media_store.dart (8882 bytes; SHA-256 3E93251917A2DACBF9898C16F42D3F26AFBA35A07F41DC876F7E9AAAD86FC0CD).","PARTIAL — seam characterization required before migration","PARTE schema/media/template plus PDF/DOCX/print/JSON compatibility","Build PARTE sub-responsibility acceptance matrix","PARTE characterization/acceptance wave","DIRECTLY ANALYZED","","File-specific reconciliation: lib/features/predmeti/parte/data/parte_media_store.dart responsibility, target and disposition checked against declarations/imports and the owning contract.","","","","","","","","","PARTE media persistence","no local project import; framework/primitive boundary","controls its named sub-responsibility without changing PREDMET authority","owning-block tests plus Phase 4 characterization register","PARTE sub-responsibility acceptance matrix","","","","","","","",""
"HANDWRITTEN_PRODUCTION_DART","lib/features/predmeti/parte/data/parte_preparation_repository.dart","16137","BB9A56F723894AF86F06EF125893C6F30973F87AF1245D194A2BDAB3E247FBBB","PARTE / preparation and documents","Provides the parte preparation repository data-access boundary.","PREDMET business authority","features/parte","TARGET FIT / MOVE LATER","Phase 4 evidence for PARTE / preparation and documents; direct declaration/import scan of lib/features/predmeti/parte/data/parte_preparation_repository.dart (16137 bytes; SHA-256 BB9A56F723894AF86F06EF125893C6F30973F87AF1245D194A2BDAB3E247FBBB).","PARTIAL — seam characterization required before migration","PARTE schema/media/template plus PDF/DOCX/print/JSON compatibility","Build PARTE sub-responsibility acceptance matrix","PARTE characterization/acceptance wave","DIRECTLY ANALYZED","","File-specific reconciliation: lib/features/predmeti/parte/data/parte_preparation_repository.dart responsibility, target and disposition checked against declarations/imports and the owning contract.","","","","","","","","","PARTE preparation state and authorization","relative imports: ../../../../core/database/database.dart; ../../../../core/entitlements/opc_entitlement_policy.dart; ../application/parte_authorization.dart; ../domain/parte_composer.dart; ../domain/parte_initial_composer.dart; ../domain/parte_models.dart","writes/reads owning block data boundary","owning-block tests plus Phase 4 characterization register","PARTE sub-responsibility acceptance matrix","","","","","","","",""
"HANDWRITTEN_PRODUCTION_DART","lib/features/predmeti/parte/data/parte_print_profile_store.dart","3674","B47C2C2499239FE3E19ED5B52233DE2C26DEE606C066AEAA73F992247E9DE15E","PARTE / preparation and documents","Implements the parte print profile store responsibility in its owning block.","PREDMET business authority","features/parte","TARGET FIT / MOVE LATER","Phase 4 evidence for PARTE / preparation and documents; direct declaration/import scan of lib/features/predmeti/parte/data/parte_print_profile_store.dart (3674 bytes; SHA-256 B47C2C2499239FE3E19ED5B52233DE2C26DEE606C066AEAA73F992247E9DE15E).","PARTIAL — seam characterization required before migration","PARTE schema/media/template plus PDF/DOCX/print/JSON compatibility","Build PARTE sub-responsibility acceptance matrix","PARTE characterization/acceptance wave","DIRECTLY ANALYZED","","File-specific reconciliation: lib/features/predmeti/parte/data/parte_print_profile_store.dart responsibility, target and disposition checked against declarations/imports and the owning contract.","","","","","","","","","PARTE preparation state and authorization","no local project import; framework/primitive boundary","controls its named sub-responsibility without changing PREDMET authority","owning-block tests plus Phase 4 characterization register","PARTE sub-responsibility acceptance matrix","","","","","","","",""
"HANDWRITTEN_PRODUCTION_DART","lib/features/predmeti/parte/data/parte_template_repository.dart","12041","71ADC220C426630073EBCC4BF0EBEB40AD7EFC89007260F74738DDDAD89A1790","PARTE / preparation and documents","Provides the parte template repository data-access boundary.","PREDMET business authority","features/parte","TARGET FIT / MOVE LATER","Phase 4 evidence for PARTE / preparation and documents; direct declaration/import scan of lib/features/predmeti/parte/data/parte_template_repository.dart (12041 bytes; SHA-256 71ADC220C426630073EBCC4BF0EBEB40AD7EFC89007260F74738DDDAD89A1790).","PARTIAL — seam characterization required before migration","PARTE schema/media/template plus PDF/DOCX/print/JSON compatibility","Build PARTE sub-responsibility acceptance matrix","PARTE characterization/acceptance wave","DIRECTLY ANALYZED","","File-specific reconciliation: lib/features/predmeti/parte/data/parte_template_repository.dart responsibility, target and disposition checked against declarations/imports and the owning contract.","","","","","","","","","PARTE template persistence","relative imports: ../../../../core/database/database.dart; ../application/parte_authorization.dart; ../domain/parte_models.dart","writes/reads owning block data boundary","owning-block tests plus Phase 4 characterization register","PARTE sub-responsibility acceptance matrix","","","","","","","",""
"HANDWRITTEN_PRODUCTION_DART","lib/features/predmeti/parte/docx/parte_docx_exporter.dart","10742","4344DA573EA45431E614141F336DE70DB1EE96AFAC50314F576F5611998CF1FA","PARTE / preparation and documents","Builds or exports parte docx exporter artifacts from authoritative snapshots.","PREDMET business authority","features/parte","SPLIT / MERGE — DOCUMENT ADAPTER","Phase 4 evidence for PARTE / preparation and documents; direct declaration/import scan of lib/features/predmeti/parte/docx/parte_docx_exporter.dart (10742 bytes; SHA-256 4344DA573EA45431E614141F336DE70DB1EE96AFAC50314F576F5611998CF1FA).","PARTIAL — seam characterization required before migration","PARTE schema/media/template plus PDF/DOCX/print/JSON compatibility","Build PARTE sub-responsibility acceptance matrix","PARTE characterization/acceptance wave","DIRECTLY ANALYZED","","File-specific reconciliation: lib/features/predmeti/parte/docx/parte_docx_exporter.dart responsibility, target and disposition checked against declarations/imports and the owning contract.","","","","","","","","","PARTE DOCX export","relative imports: ../../../../core/database/database.dart; ../../../../core/utils/export_utils.dart; ../data/parte_media_store.dart; ../domain/parte_composer.dart; ../domain/parte_image_effects.dart; ../domain/parte_models.dart","controls derived document/artifact output","owning-block tests plus Phase 4 characterization register","PARTE sub-responsibility acceptance matrix","","","","","","","",""
"HANDWRITTEN_PRODUCTION_DART","lib/features/predmeti/parte/domain/parte_composer.dart","18887","74930A4D5D51779922AAD2019F7D26E68B64A251D5147EA7112B3CF1B4C4B055","PARTE / preparation and documents","Builds or exports parte composer artifacts from authoritative snapshots.","PREDMET business authority","features/parte","TARGET FIT / MOVE LATER","Phase 4 evidence for PARTE / preparation and documents; direct declaration/import scan of lib/features/predmeti/parte/domain/parte_composer.dart (18887 bytes; SHA-256 74930A4D5D51779922AAD2019F7D26E68B64A251D5147EA7112B3CF1B4C4B055).","PARTIAL — seam characterization required before migration","PARTE schema/media/template plus PDF/DOCX/print/JSON compatibility","Build PARTE sub-responsibility acceptance matrix","PARTE characterization/acceptance wave","DIRECTLY ANALYZED","","File-specific reconciliation: lib/features/predmeti/parte/domain/parte_composer.dart responsibility, target and disposition checked against declarations/imports and the owning contract.","","","","","","","","","PARTE layout/composition","no local project import; framework/primitive boundary","controls derived document/artifact output","owning-block tests plus Phase 4 characterization register","PARTE sub-responsibility acceptance matrix","","","","","","","",""
"HANDWRITTEN_PRODUCTION_DART","lib/features/predmeti/parte/domain/parte_image_effects.dart","906","A770CC2313C5216728551F4EBCFB7366A029C7D2955459C248E134D68A2E90BE","PARTE / preparation and documents","Implements the parte image effects responsibility in its owning block.","PREDMET business authority","features/parte","TARGET FIT / MOVE LATER","Phase 4 evidence for PARTE / preparation and documents; direct declaration/import scan of lib/features/predmeti/parte/domain/parte_image_effects.dart (906 bytes; SHA-256 A770CC2313C5216728551F4EBCFB7366A029C7D2955459C248E134D68A2E90BE).","PARTIAL — seam characterization required before migration","PARTE schema/media/template plus PDF/DOCX/print/JSON compatibility","Build PARTE sub-responsibility acceptance matrix","PARTE characterization/acceptance wave","DIRECTLY ANALYZED","","File-specific reconciliation: lib/features/predmeti/parte/domain/parte_image_effects.dart responsibility, target and disposition checked against declarations/imports and the owning contract.","","","","","","","","","PARTE preparation state and authorization","no local project import; framework/primitive boundary","controls its named sub-responsibility without changing PREDMET authority","owning-block tests plus Phase 4 characterization register","PARTE sub-responsibility acceptance matrix","","","","","","","",""
"HANDWRITTEN_PRODUCTION_DART","lib/features/predmeti/parte/domain/parte_initial_composer.dart","8934","6C7F2752500A535EA6B0844EC24A872CAC11E08D8D424E66E63233D745B91CA2","PARTE / preparation and documents","Builds or exports parte initial composer artifacts from authoritative snapshots.","PREDMET business authority","features/parte","TARGET FIT / MOVE LATER","Phase 4 evidence for PARTE / preparation and documents; direct declaration/import scan of lib/features/predmeti/parte/domain/parte_initial_composer.dart (8934 bytes; SHA-256 6C7F2752500A535EA6B0844EC24A872CAC11E08D8D424E66E63233D745B91CA2).","PARTIAL — seam characterization required before migration","PARTE schema/media/template plus PDF/DOCX/print/JSON compatibility","Build PARTE sub-responsibility acceptance matrix","PARTE characterization/acceptance wave","DIRECTLY ANALYZED","","File-specific reconciliation: lib/features/predmeti/parte/domain/parte_initial_composer.dart responsibility, target and disposition checked against declarations/imports and the owning contract.","","","","","","","","","PARTE layout/composition","relative imports: ../../../../core/database/database.dart; ../../../../core/format/app_text_format.dart; ../../../../core/format/app_time_format.dart","controls derived document/artifact output","owning-block tests plus Phase 4 characterization register","PARTE sub-responsibility acceptance matrix","","","","","","","",""
"HANDWRITTEN_PRODUCTION_DART","lib/features/predmeti/parte/domain/parte_models.dart","27949","AC7C91403EBFC8920FAFD508E0C3A5B1D12470AB7073209F1510E4AEA71D968B","PARTE / preparation and documents","Defines typed parte models values.","PREDMET business authority","features/parte","TARGET FIT / MOVE LATER","Phase 4 evidence for PARTE / preparation and documents; direct declaration/import scan of lib/features/predmeti/parte/domain/parte_models.dart (27949 bytes; SHA-256 AC7C91403EBFC8920FAFD508E0C3A5B1D12470AB7073209F1510E4AEA71D968B).","PARTIAL — seam characterization required before migration","PARTE schema/media/template plus PDF/DOCX/print/JSON compatibility","Build PARTE sub-responsibility acceptance matrix","PARTE characterization/acceptance wave","DIRECTLY ANALYZED","","File-specific reconciliation: lib/features/predmeti/parte/domain/parte_models.dart responsibility, target and disposition checked against declarations/imports and the owning contract.","","","","","","","","","PARTE preparation state and authorization","no local project import; framework/primitive boundary","controls its named sub-responsibility without changing PREDMET authority","owning-block tests plus Phase 4 characterization register","PARTE sub-responsibility acceptance matrix","","","","","","","",""
"HANDWRITTEN_PRODUCTION_DART","lib/features/predmeti/parte/pdf/parte_pdf_renderer.dart","13981","7C93FA1EB7A1E1E6793D0A8D6E40EA047A370126E4685FD1337266C4D8091F64","PARTE / preparation and documents","Builds or exports parte pdf renderer artifacts from authoritative snapshots.","PREDMET business authority","features/parte","SPLIT / MERGE — DOCUMENT ADAPTER","Phase 4 evidence for PARTE / preparation and documents; direct declaration/import scan of lib/features/predmeti/parte/pdf/parte_pdf_renderer.dart (13981 bytes; SHA-256 7C93FA1EB7A1E1E6793D0A8D6E40EA047A370126E4685FD1337266C4D8091F64).","PARTIAL — seam characterization required before migration","PARTE schema/media/template plus PDF/DOCX/print/JSON compatibility","Build PARTE sub-responsibility acceptance matrix","PARTE characterization/acceptance wave","DIRECTLY ANALYZED","","File-specific reconciliation: lib/features/predmeti/parte/pdf/parte_pdf_renderer.dart responsibility, target and disposition checked against declarations/imports and the owning contract.","","","","","","","","","PARTE PDF rendering","relative imports: ../../../../core/database/database.dart; ../../../../core/entitlements/opc_entitlement_policy.dart; ../../../../core/utils/export_utils.dart; ../data/parte_media_store.dart; ../data/parte_preparation_repository.dart; ../domain/parte_composer.dart; ../domain/parte_image_effects.dart; ../domain/parte_models.dart","controls derived document/artifact output","owning-block tests plus Phase 4 characterization register","PARTE sub-responsibility acceptance matrix","","","","","","","",""
"HANDWRITTEN_PRODUCTION_DART","lib/features/predmeti/parte/presentation/parte_composer_screen.dart","72870","E31CC1542EF476D4AE47B77BF794BD70AA1888020ADDEEC2AF0BF6FD8DC2BD1E","PARTE / preparation and documents","Renders the parte composer screen workflow and coordinates user actions.","PREDMET business authority","features/parte","TARGET FIT / MOVE LATER","Phase 4 evidence for PARTE / preparation and documents; direct declaration/import scan of lib/features/predmeti/parte/presentation/parte_composer_screen.dart (72870 bytes; SHA-256 E31CC1542EF476D4AE47B77BF794BD70AA1888020ADDEEC2AF0BF6FD8DC2BD1E).","PARTIAL — seam characterization required before migration","PARTE schema/media/template plus PDF/DOCX/print/JSON compatibility","Build PARTE sub-responsibility acceptance matrix","PARTE characterization/acceptance wave","DIRECTLY ANALYZED","","File-specific reconciliation: lib/features/predmeti/parte/presentation/parte_composer_screen.dart responsibility, target and disposition checked against declarations/imports and the owning contract.","","","","","","","","","PARTE workspace/UI","relative imports: ../../../../core/database/database.dart; ../../../../core/entitlements/opc_entitlement_policy.dart; ../../../../core/utils/export_utils.dart; ../../data/predmeti_repository.dart; ../application/parte_preparation_service.dart; ../data/parte_media_store.dart; ../data/parte_preparation_repository.dart; ../data/parte_print_profile_store.dart; ../data/parte_template_repository.dart; ../domain/parte_composer.dart; ../domain/parte_image_effects.dart; ../domain/parte_models.dart; ../docx/parte_docx_exporter.dart; ../pdf/parte_pdf_renderer.dart","controls user workflow state and commands","owning-block tests plus Phase 4 characterization register","PARTE sub-responsibility acceptance matrix","","","","","","","",""
"HANDWRITTEN_PRODUCTION_DART","lib/features/predmeti/parte/presentation/parte_module_screen.dart","10746","88798FEED81DEA209DBE75AEB2D0052B2CB66759B952648B3E8B7027F406BDAD","PARTE / preparation and documents","Renders the parte module screen workflow and coordinates user actions.","PREDMET business authority","features/parte","TARGET FIT / MOVE LATER","Phase 4 evidence for PARTE / preparation and documents; direct declaration/import scan of lib/features/predmeti/parte/presentation/parte_module_screen.dart (10746 bytes; SHA-256 88798FEED81DEA209DBE75AEB2D0052B2CB66759B952648B3E8B7027F406BDAD).","PARTIAL — seam characterization required before migration","PARTE schema/media/template plus PDF/DOCX/print/JSON compatibility","Build PARTE sub-responsibility acceptance matrix","PARTE characterization/acceptance wave","DIRECTLY ANALYZED","","File-specific reconciliation: lib/features/predmeti/parte/presentation/parte_module_screen.dart responsibility, target and disposition checked against declarations/imports and the owning contract.","","","","","","","","","PARTE workspace/UI","relative imports: ../../../../core/database/database.dart; ../../../../core/entitlements/opc_entitlement_policy.dart; ../../../auth/domain/session_service.dart; ../../data/predmeti_repository.dart; ../../presentation/predmet_screen.dart; ../application/parte_preparation_service.dart; ../data/parte_media_store.dart; ../data/parte_preparation_repository.dart; ../domain/parte_models.dart","controls user workflow state and commands","owning-block tests plus Phase 4 characterization register","PARTE sub-responsibility acceptance matrix","","","","","","","",""
"HANDWRITTEN_PRODUCTION_DART","lib/features/predmeti/parte/presentation/parte_template_management_dialog.dart","13530","BB358C35DD92C3D72DE5C2E5A7FE5642A6BA625876953F93F88E9E4CA6DB85E1","PARTE / preparation and documents","Implements the parte template management dialog responsibility in its owning block.","PREDMET business authority","features/parte","TARGET FIT / MOVE LATER","Phase 4 evidence for PARTE / preparation and documents; direct declaration/import scan of lib/features/predmeti/parte/presentation/parte_template_management_dialog.dart (13530 bytes; SHA-256 BB358C35DD92C3D72DE5C2E5A7FE5642A6BA625876953F93F88E9E4CA6DB85E1).","PARTIAL — seam characterization required before migration","PARTE schema/media/template plus PDF/DOCX/print/JSON compatibility","Build PARTE sub-responsibility acceptance matrix","PARTE characterization/acceptance wave","DIRECTLY ANALYZED","","File-specific reconciliation: lib/features/predmeti/parte/presentation/parte_template_management_dialog.dart responsibility, target and disposition checked against declarations/imports and the owning contract.","","","","","","","","","PARTE workspace/UI","relative imports: ../../../../core/database/database.dart; ../../../../core/format/app_filename_format.dart; ../../../../core/utils/export_utils.dart; ../data/parte_template_repository.dart; ../domain/parte_models.dart","controls its named sub-responsibility without changing PREDMET authority","owning-block tests plus Phase 4 characterization register","PARTE sub-responsibility acceptance matrix","","","","","","","",""
"HANDWRITTEN_PRODUCTION_DART","lib/features/predmeti/pdf/lista_pdf_data_builder.dart","30780","5AC481D25F207E4C3EA1ED742B61C2A5AB806AB3C8155D09004DB34885913D69","documents / PREDMET PDF","Implements lista pdf data builder transformation or resolution behavior.","PREDMET business authority","features/documents + infrastructure/rendering","SPLIT / MERGE — DOCUMENT ADAPTER","Phase 4 evidence for documents / PREDMET PDF; direct declaration/import scan of lib/features/predmeti/pdf/lista_pdf_data_builder.dart (30780 bytes; SHA-256 5AC481D25F207E4C3EA1ED742B61C2A5AB806AB3C8155D09004DB34885913D69).","PARTIAL — seam characterization required before migration","Document snapshot, PDF fidelity and platform export compatibility","Characterize snapshot/fidelity before adapter split","Document fidelity characterization before adapter split","DIRECTLY ANALYZED","","File-specific reconciliation: lib/features/predmeti/pdf/lista_pdf_data_builder.dart responsibility, target and disposition checked against declarations/imports and the owning contract.","","","","","","","","","file-specific lista pdf data builder implementation","relative imports: ../../../core/database/database.dart; ../../../core/format/app_format.dart; ../../../core/utils/document_text_codec.dart; ../core_v2/models/iriu_truth_models.dart; ../core_v2/services/financial_truth_service.dart; ../core_v2/services/predmet_iriu_truth_service.dart","controls its named sub-responsibility without changing PREDMET authority","owning-block tests plus Phase 4 characterization register","target-block contract and regression evidence","","","","","","","",""
"HANDWRITTEN_PRODUCTION_DART","lib/features/predmeti/pdf/lista_pdf_export.dart","31534","C3F50262B3391F09A34E4B8B5E777D9525A9A74A5046B32B65F2DCC6452378E5","documents / PREDMET PDF","Builds or exports lista pdf export artifacts from authoritative snapshots.","PREDMET business authority","features/documents + infrastructure/rendering","SPLIT / MERGE — DOCUMENT ADAPTER","Phase 4 evidence for documents / PREDMET PDF; direct declaration/import scan of lib/features/predmeti/pdf/lista_pdf_export.dart (31534 bytes; SHA-256 C3F50262B3391F09A34E4B8B5E777D9525A9A74A5046B32B65F2DCC6452378E5).","PARTIAL — seam characterization required before migration","Document snapshot, PDF fidelity and platform export compatibility","Characterize snapshot/fidelity before adapter split","Document fidelity characterization before adapter split","DIRECTLY ANALYZED","","File-specific reconciliation: lib/features/predmeti/pdf/lista_pdf_export.dart responsibility, target and disposition checked against declarations/imports and the owning contract.","","","","","","","","","file-specific lista pdf export implementation","relative imports: ../../../core/database/database.dart; ../../../core/format/app_format.dart; ../../../core/utils/document_text_codec.dart; ../../../core/utils/export_utils.dart; ../data/iriu_repository.dart","controls derived document/artifact output","owning-block tests plus Phase 4 characterization register","target-block contract and regression evidence","","","","","","","",""
"HANDWRITTEN_PRODUCTION_DART","lib/features/predmeti/pdf/memorandum_logo.dart","954","6D2A15AD590671B56354900A3EA0FADA57BF6F46836D906E70500D9D71F8CBE3","documents / PREDMET PDF","Implements the memorandum logo responsibility in its owning block.","PREDMET business authority","features/documents + infrastructure/rendering","SPLIT / MERGE — DOCUMENT ADAPTER","Phase 4 evidence for documents / PREDMET PDF; direct declaration/import scan of lib/features/predmeti/pdf/memorandum_logo.dart (954 bytes; SHA-256 6D2A15AD590671B56354900A3EA0FADA57BF6F46836D906E70500D9D71F8CBE3).","PARTIAL — seam characterization required before migration","Document snapshot, PDF fidelity and platform export compatibility","Characterize snapshot/fidelity before adapter split","Document fidelity characterization before adapter split","DIRECTLY ANALYZED","","File-specific reconciliation: lib/features/predmeti/pdf/memorandum_logo.dart responsibility, target and disposition checked against declarations/imports and the owning contract.","","","","","","","","","file-specific memorandum logo implementation","no local project import; framework/primitive boundary","controls its named sub-responsibility without changing PREDMET authority","owning-block tests plus Phase 4 characterization register","target-block contract and regression evidence","","","","","","","",""
"HANDWRITTEN_PRODUCTION_DART","lib/features/predmeti/pdf/nalog_za_opremanje_pdf_data_builder.dart","6346","7B86917AF204D7BB6E0A514563DB8F80F7222D6B2CED994B2B256D4D8F92307E","documents / PREDMET PDF","Implements nalog za opremanje pdf data builder transformation or resolution behavior.","PREDMET business authority","features/documents + infrastructure/rendering","SPLIT / MERGE — DOCUMENT ADAPTER","Phase 4 evidence for documents / PREDMET PDF; direct declaration/import scan of lib/features/predmeti/pdf/nalog_za_opremanje_pdf_data_builder.dart (6346 bytes; SHA-256 7B86917AF204D7BB6E0A514563DB8F80F7222D6B2CED994B2B256D4D8F92307E).","PARTIAL — seam characterization required before migration","Document snapshot, PDF fidelity and platform export compatibility","Characterize snapshot/fidelity before adapter split","Document fidelity characterization before adapter split","DIRECTLY ANALYZED","","File-specific reconciliation: lib/features/predmeti/pdf/nalog_za_opremanje_pdf_data_builder.dart responsibility, target and disposition checked against declarations/imports and the owning contract.","","","","","","","","","file-specific nalog za opremanje pdf data builder implementation","relative imports: ../../../core/constants/iriu_constants.dart; ../../../core/database/database.dart; ../core_v2/models/iriu_truth_models.dart; ../core_v2/services/predmet_iriu_truth_service.dart","controls its named sub-responsibility without changing PREDMET authority","owning-block tests plus Phase 4 characterization register","target-block contract and regression evidence","","","","","","","",""
"HANDWRITTEN_PRODUCTION_DART","lib/features/predmeti/pdf/nalog_za_opremanje_pdf_export.dart","16967","D7D8FE70EAA197089079145E23B95742D2BE03B1A3AF9D8B486863FF61800C60","documents / PREDMET PDF","Builds or exports nalog za opremanje pdf export artifacts from authoritative snapshots.","PREDMET business authority","features/documents + infrastructure/rendering","SPLIT / MERGE — DOCUMENT ADAPTER","Phase 4 evidence for documents / PREDMET PDF; direct declaration/import scan of lib/features/predmeti/pdf/nalog_za_opremanje_pdf_export.dart (16967 bytes; SHA-256 D7D8FE70EAA197089079145E23B95742D2BE03B1A3AF9D8B486863FF61800C60).","PARTIAL — seam characterization required before migration","Document snapshot, PDF fidelity and platform export compatibility","Characterize snapshot/fidelity before adapter split","Document fidelity characterization before adapter split","DIRECTLY ANALYZED","","File-specific reconciliation: lib/features/predmeti/pdf/nalog_za_opremanje_pdf_export.dart responsibility, target and disposition checked against declarations/imports and the owning contract.","","","","","","","","","file-specific nalog za opremanje pdf export implementation","relative imports: ../../../core/database/database.dart; ../../../core/format/app_format.dart; ../../../core/utils/document_text_codec.dart; ../../../core/utils/export_utils.dart; ../data/iriu_repository.dart","controls derived document/artifact output","owning-block tests plus Phase 4 characterization register","target-block contract and regression evidence","","","","","","","",""
"HANDWRITTEN_PRODUCTION_DART","lib/features/predmeti/pdf/predmet_pdf_snapshot_export.dart","20453","50AEF1BFFB7DDC6E8C1A4411C2DAD82F463DCA7A585C283AA7428198DE759860","documents / PREDMET PDF","Builds or exports predmet pdf snapshot export artifacts from authoritative snapshots.","PREDMET business authority","features/documents + infrastructure/rendering","SPLIT / MERGE — DOCUMENT ADAPTER","Phase 4 evidence for documents / PREDMET PDF; direct declaration/import scan of lib/features/predmeti/pdf/predmet_pdf_snapshot_export.dart (20453 bytes; SHA-256 50AEF1BFFB7DDC6E8C1A4411C2DAD82F463DCA7A585C283AA7428198DE759860).","PARTIAL — seam characterization required before migration","Document snapshot, PDF fidelity and platform export compatibility","Characterize snapshot/fidelity before adapter split","Document fidelity characterization before adapter split","DIRECTLY ANALYZED","","File-specific reconciliation: lib/features/predmeti/pdf/predmet_pdf_snapshot_export.dart responsibility, target and disposition checked against declarations/imports and the owning contract.","","","","","","","","","file-specific predmet pdf snapshot export implementation","relative imports: ../../../core/database/database.dart; ../../../core/format/app_format.dart; ../../../core/utils/document_text_codec.dart; ../../../core/utils/export_utils.dart; ../data/iriu_repository.dart; ../core_v2/models/iriu_truth_models.dart; ../core_v2/services/financial_truth_service.dart; ../core_v2/services/predmet_iriu_truth_service.dart","controls derived document/artifact output","owning-block tests plus Phase 4 characterization register","target-block contract and regression evidence","","","","","","","",""
"HANDWRITTEN_PRODUCTION_DART","lib/features/predmeti/pdf/predracun_pdf_export.dart","25002","E2CAE6D89EAD4BA637361541345857B9DDB0A0B59533B03D6B48A68E47CECDE2","documents / PREDMET PDF","Builds or exports predracun pdf export artifacts from authoritative snapshots.","PREDMET business authority","features/documents + infrastructure/rendering","SPLIT / MERGE — DOCUMENT ADAPTER","Phase 4 evidence for documents / PREDMET PDF; direct declaration/import scan of lib/features/predmeti/pdf/predracun_pdf_export.dart (25002 bytes; SHA-256 E2CAE6D89EAD4BA637361541345857B9DDB0A0B59533B03D6B48A68E47CECDE2).","PARTIAL — seam characterization required before migration","Document snapshot, PDF fidelity and platform export compatibility","Characterize snapshot/fidelity before adapter split","Document fidelity characterization before adapter split","DIRECTLY ANALYZED","","File-specific reconciliation: lib/features/predmeti/pdf/predracun_pdf_export.dart responsibility, target and disposition checked against declarations/imports and the owning contract.","","","","","","","","","file-specific predracun pdf export implementation","relative imports: ../../../core/database/database.dart; ../../../core/format/app_format.dart; ../../../core/utils/document_text_codec.dart; ../../../core/utils/export_utils.dart; ../data/iriu_repository.dart; ../../podesavanja/domain/nbs_ips_qr_payload_builder.dart","controls derived document/artifact output","owning-block tests plus Phase 4 characterization register","target-block contract and regression evidence","","","","","","","",""
"HANDWRITTEN_PRODUCTION_DART","lib/features/predmeti/pdf/racun_pdf_export.dart","24714","1137C1EFE12AA020D43F0BC64B6C85D0DE372F2611E53C8400F0D1424C150328","documents / PREDMET PDF","Builds or exports racun pdf export artifacts from authoritative snapshots.","PREDMET business authority","features/documents + infrastructure/rendering","SPLIT / MERGE — DOCUMENT ADAPTER","Phase 4 evidence for documents / PREDMET PDF; direct declaration/import scan of lib/features/predmeti/pdf/racun_pdf_export.dart (24714 bytes; SHA-256 1137C1EFE12AA020D43F0BC64B6C85D0DE372F2611E53C8400F0D1424C150328).","PARTIAL — seam characterization required before migration","Document snapshot, PDF fidelity and platform export compatibility","Characterize snapshot/fidelity before adapter split","Document fidelity characterization before adapter split","DIRECTLY ANALYZED","","File-specific reconciliation: lib/features/predmeti/pdf/racun_pdf_export.dart responsibility, target and disposition checked against declarations/imports and the owning contract.","","","","","","","","","file-specific racun pdf export implementation","relative imports: ../../../core/database/database.dart; ../../../core/format/app_format.dart; ../../../core/utils/document_text_codec.dart; ../../../core/utils/export_utils.dart; ../data/iriu_repository.dart","controls derived document/artifact output","owning-block tests plus Phase 4 characterization register","target-block contract and regression evidence","","","","","","","",""
"HANDWRITTEN_PRODUCTION_DART","lib/features/predmeti/pdf/specifikacija_troskova_pdf_export.dart","22544","0A1190CF700D08E5FD8EF1D8AA5B80A53070877CFA6D8A51224D7A1EC96CF3A1","documents / PREDMET PDF","Builds or exports specifikacija troskova pdf export artifacts from authoritative snapshots.","PREDMET business authority","features/documents + infrastructure/rendering","SPLIT / MERGE — DOCUMENT ADAPTER","Phase 4 evidence for documents / PREDMET PDF; direct declaration/import scan of lib/features/predmeti/pdf/specifikacija_troskova_pdf_export.dart (22544 bytes; SHA-256 0A1190CF700D08E5FD8EF1D8AA5B80A53070877CFA6D8A51224D7A1EC96CF3A1).","PARTIAL — seam characterization required before migration","Document snapshot, PDF fidelity and platform export compatibility","Characterize snapshot/fidelity before adapter split","Document fidelity characterization before adapter split","DIRECTLY ANALYZED","","File-specific reconciliation: lib/features/predmeti/pdf/specifikacija_troskova_pdf_export.dart responsibility, target and disposition checked against declarations/imports and the owning contract.","","","","","","","","","file-specific specifikacija troskova pdf export implementation","relative imports: ../../../core/database/database.dart; ../../../core/format/app_format.dart; ../../../core/utils/document_text_codec.dart; ../../../core/utils/export_utils.dart; ../data/iriu_repository.dart","controls derived document/artifact output","owning-block tests plus Phase 4 characterization register","target-block contract and regression evidence","","","","","","","",""
"HANDWRITTEN_PRODUCTION_DART","lib/features/predmeti/presentation/izvestaji_screen.dart","30853","EA6269B6CB53054B19297C38B3DFC8413C1779F9255E78D7DE7F591690D022A9","PREDMET / presentation","Renders the izvestaji screen workflow and coordinates user actions.","PREDMET business authority","features/predmeti","TARGET FIT / SPLIT SEAMS","Phase 4 evidence for PREDMET / presentation; direct declaration/import scan of lib/features/predmeti/presentation/izvestaji_screen.dart (30853 bytes; SHA-256 EA6269B6CB53054B19297C38B3DFC8413C1779F9255E78D7DE7F591690D022A9).","SUFFICIENT FOR CLASSIFICATION — implementation remains phase-gated","Owning module API and regression behavior","Retain under mapped target block; include in seam characterization","PREDMET runtime/lifecycle acceptance","DIRECTLY ANALYZED","","File-specific reconciliation: lib/features/predmeti/presentation/izvestaji_screen.dart responsibility, target and disposition checked against declarations/imports and the owning contract.","","","","","","","","","feature workflow/UI","relative imports: ../../../core/database/database.dart; ../data/iriu_repository.dart; ../data/predmeti_repository.dart; ../statistika_v1/statistika_snapshot_service.dart","controls user workflow state and commands","owning-block tests plus Phase 4 characterization register","target-block contract and regression evidence","","","","","","","",""
"HANDWRITTEN_PRODUCTION_DART","lib/features/predmeti/presentation/lista_predmeta_screen.dart","67968","B93E1908ADAB8FE3BCC2A211576EACAAE8D697EF5CCE37645CC46A8D4ADD91F5","PREDMET / presentation","Renders the lista predmeta screen workflow and coordinates user actions.","PREDMET business authority","features/predmeti","TARGET FIT / SPLIT SEAMS","Phase 4 evidence for PREDMET / presentation; direct declaration/import scan of lib/features/predmeti/presentation/lista_predmeta_screen.dart (67968 bytes; SHA-256 B93E1908ADAB8FE3BCC2A211576EACAAE8D697EF5CCE37645CC46A8D4ADD91F5).","SUFFICIENT FOR CLASSIFICATION — implementation remains phase-gated","Owning module API and regression behavior","Retain under mapped target block; include in seam characterization","PREDMET runtime/lifecycle acceptance","DIRECTLY ANALYZED","","File-specific reconciliation: lib/features/predmeti/presentation/lista_predmeta_screen.dart responsibility, target and disposition checked against declarations/imports and the owning contract.","","","","","","","","","feature workflow/UI","relative imports: ../../../core/config/app_config.dart; ../../../core/entitlements/opc_entitlement_policy.dart; ../../../core/database/database.dart; ../../../core/format/app_date_format.dart; ../../auth/data/auth_repository.dart; ../../auth/data/auth_security_repository.dart; ../../auth/domain/session_service.dart; ../../podesavanja/data/podesavanja_repository.dart; ../../podsetnik/presentation/podsetnik_module_screen.dart; ../../podesavanja/presentation/podesavanja_screen.dart; ../../setup/application/setup_readiness_service.dart; ../../stanje_robe/application/stanje_robe_lifecycle_service.dart; ../../stanje_robe/application/stanje_robe_operational_availability.dart; ../../stanje_robe/data/stanje_robe_posledice_repository.dart; ../application/predmet_hard_delete_coordinator.dart; ../data/iriu_repository.dart; ../data/predmeti_repository.dart; ../reminders/ceremony_notification_gateway.dart; ../reminders/ceremony_reminder_coordinator.dart; ../reminders/ceremony_reminder_model.dart; ../reminders/ceremony_reminder_repository.dart; ../reminders/ceremony_reminder_text.dart; ../reminders/reminder_mvp_service.dart","controls user workflow state and commands","owning-block tests plus Phase 4 characterization register","target-block contract and regression evidence","","","","","","","",""
"HANDWRITTEN_PRODUCTION_DART","lib/features/predmeti/presentation/moduli_screen.dart","8762","7E15FDEEE6A76F76DA2CE481E1BAB791A548D716E1F0F18E576745AA5F28B452","PREDMET / presentation","Renders the moduli screen workflow and coordinates user actions.","PREDMET business authority","features/predmeti","TARGET FIT / SPLIT SEAMS","Phase 4 evidence for PREDMET / presentation; direct declaration/import scan of lib/features/predmeti/presentation/moduli_screen.dart (8762 bytes; SHA-256 7E15FDEEE6A76F76DA2CE481E1BAB791A548D716E1F0F18E576745AA5F28B452).","SUFFICIENT FOR CLASSIFICATION — implementation remains phase-gated","Owning module API and regression behavior","Retain under mapped target block; include in seam characterization","PREDMET runtime/lifecycle acceptance","DIRECTLY ANALYZED","","File-specific reconciliation: lib/features/predmeti/presentation/moduli_screen.dart responsibility, target and disposition checked against declarations/imports and the owning contract.","","","","","","","","","feature workflow/UI","relative imports: ../../../core/entitlements/opc_entitlement_policy.dart; ../../auth/domain/session_service.dart; ../../podesavanja/data/podesavanja_repository.dart; ../../podsetnik/presentation/podsetnik_module_screen.dart; ../../stanje_robe/application/stanje_robe_operational_availability.dart; ../../stanje_robe/data/stanje_robe_posledice_repository.dart; ../../stanje_robe/data/stanje_robe_repository.dart; ../../stanje_robe/presentation/stanje_robe_admin_screen.dart; ../data/predmeti_repository.dart; ../core_v2/scenario/scenario_module_screen.dart; ../parte/presentation/parte_module_screen.dart","controls user workflow state and commands","owning-block tests plus Phase 4 characterization register","target-block contract and regression evidence","","","","","","","",""
"HANDWRITTEN_PRODUCTION_DART","lib/features/predmeti/presentation/predmet_screen.dart","65281","0CF25ED40F64CA5459674B76D12F44E622E1DC8BC16716982834AC1F606A55CC","PREDMET / presentation","Renders the predmet screen workflow and coordinates user actions.","PREDMET business authority","features/predmeti","TARGET FIT / SPLIT SEAMS","Phase 4 evidence for PREDMET / presentation; direct declaration/import scan of lib/features/predmeti/presentation/predmet_screen.dart (65281 bytes; SHA-256 0CF25ED40F64CA5459674B76D12F44E622E1DC8BC16716982834AC1F606A55CC).","SUFFICIENT FOR CLASSIFICATION — implementation remains phase-gated","Owning module API and regression behavior","Retain under mapped target block; include in seam characterization","PREDMET runtime/lifecycle acceptance","DIRECTLY ANALYZED","","File-specific reconciliation: lib/features/predmeti/presentation/predmet_screen.dart responsibility, target and disposition checked against declarations/imports and the owning contract.","","","","","","","","","feature workflow/UI","relative imports: ../../../core/database/database.dart; ../../../core/entitlements/opc_entitlement_policy.dart; ../../../core/utils/json_export_import.dart; ../../auth/domain/session_service.dart; ../../podesavanja/data/podesavanja_repository.dart; ../../stanje_robe/application/stanje_robe_lifecycle_service.dart; ../../stanje_robe/application/stanje_robe_operational_availability.dart; ../../stanje_robe/data/stanje_robe_posledice_repository.dart; ../application/predmet_hard_delete_coordinator.dart; ../data/iriu_repository.dart; ../data/kontakt_lica_repository.dart; ../data/predmeti_repository.dart; ../pdf/lista_pdf_export.dart; ../pdf/predracun_pdf_export.dart; ../pdf/predmet_pdf_snapshot_export.dart; ../pdf/racun_pdf_export.dart; ../pdf/specifikacija_troskova_pdf_export.dart; ../parte/application/parte_preparation_service.dart; ../parte/data/parte_media_store.dart; ../parte/data/parte_preparation_repository.dart; ../parte/domain/parte_models.dart; ../reminders/ceremony_notification_gateway.dart","controls user workflow state and commands","owning-block tests plus Phase 4 characterization register","target-block contract and regression evidence","","","","","","","",""
"HANDWRITTEN_PRODUCTION_DART","lib/features/predmeti/presentation/statistika_aggregator.dart","12270","B3818BF89373A7F99A30E6E1AE52FF30445251318F2A3BE0E305AACF9361656B","PREDMET / presentation","Implements the statistika aggregator responsibility in its owning block.","PREDMET business authority","features/policy_finance","BOUNDED RECODE CANDIDATE / REFACTOR","Phase 4 evidence for PREDMET / presentation; direct declaration/import scan of lib/features/predmeti/presentation/statistika_aggregator.dart (12270 bytes; SHA-256 B3818BF89373A7F99A30E6E1AE52FF30445251318F2A3BE0E305AACF9361656B).","SUFFICIENT FOR CLASSIFICATION — implementation remains phase-gated","Owning module API and regression behavior","Retain under mapped target block; include in seam characterization","PREDMET runtime/lifecycle acceptance","DIRECTLY ANALYZED","","File-specific reconciliation: lib/features/predmeti/presentation/statistika_aggregator.dart responsibility, target and disposition checked against declarations/imports and the owning contract.","","","","","","","","","file-specific statistika aggregator implementation","relative imports: ../../../core/database/database.dart; ../statistika_v1/statistika_models.dart","controls its named sub-responsibility without changing PREDMET authority","owning-block tests plus Phase 4 characterization register","target-block contract and regression evidence","","","","","","","",""
"HANDWRITTEN_PRODUCTION_DART","lib/features/predmeti/presentation/segments/ceremonija_segment.dart","50129","D1180AFAD7A89A59C38AEDF2119B80CDAD152F736DA78FC89E2034D737DC39F1","PREDMET / presentation","Renders the ceremonija segment bounded UI segment.","PREDMET business authority","features/predmeti","TARGET FIT / SPLIT SEAMS","Phase 4 evidence for PREDMET / presentation; direct declaration/import scan of lib/features/predmeti/presentation/segments/ceremonija_segment.dart (50129 bytes; SHA-256 D1180AFAD7A89A59C38AEDF2119B80CDAD152F736DA78FC89E2034D737DC39F1).","SUFFICIENT FOR CLASSIFICATION — implementation remains phase-gated","Owning module API and regression behavior","Retain under mapped target block; include in seam characterization","PREDMET runtime/lifecycle acceptance","DIRECTLY ANALYZED","","File-specific reconciliation: lib/features/predmeti/presentation/segments/ceremonija_segment.dart responsibility, target and disposition checked against declarations/imports and the owning contract.","","","","","","","","","feature workflow/UI","relative imports: ../../../../core/constants/iriu_constants.dart; ../../../../core/database/database.dart; ../../../../core/format/app_format.dart; ../../data/iriu_repository.dart; ../../reminders/ceremony_notification_gateway.dart; ../../reminders/ceremony_reminder_coordinator.dart; ../../reminders/ceremony_reminder_model.dart; ../../reminders/ceremony_reminder_repository.dart","controls user workflow state and commands","owning-block tests plus Phase 4 characterization register","target-block contract and regression evidence","","","","","","","",""
"HANDWRITTEN_PRODUCTION_DART","lib/features/predmeti/presentation/segments/finansije_segment.dart","21339","B8BBE44FF7CDA844F9D5B9EE8324C7CEDD1C1F49E72F51A9D073E7AB5FA44B6B","PREDMET / presentation","Renders the finansije segment bounded UI segment.","PREDMET business authority","features/predmeti","TARGET FIT / SPLIT SEAMS","Phase 4 evidence for PREDMET / presentation; direct declaration/import scan of lib/features/predmeti/presentation/segments/finansije_segment.dart (21339 bytes; SHA-256 B8BBE44FF7CDA844F9D5B9EE8324C7CEDD1C1F49E72F51A9D073E7AB5FA44B6B).","SUFFICIENT FOR CLASSIFICATION — implementation remains phase-gated","Owning module API and regression behavior","Retain under mapped target block; include in seam characterization","PREDMET runtime/lifecycle acceptance","DIRECTLY ANALYZED","","File-specific reconciliation: lib/features/predmeti/presentation/segments/finansije_segment.dart responsibility, target and disposition checked against declarations/imports and the owning contract.","","","","","","","","","feature workflow/UI","relative imports: ../../../../core/database/database.dart; ../../../../core/format/app_format.dart; ../../core_v2/models/iriu_truth_models.dart; ../../core_v2/services/financial_truth_service.dart; ../../core_v2/services/predmet_iriu_truth_service.dart; ../../data/iriu_repository.dart","controls user workflow state and commands","owning-block tests plus Phase 4 characterization register","target-block contract and regression evidence","","","","","","","",""
"HANDWRITTEN_PRODUCTION_DART","lib/features/predmeti/presentation/segments/iriu_row_tile.dart","50291","AE57421A7D4BC6FC23E05C6228928F876C52EA800214916BD79C56447078D833","PREDMET / presentation","Renders the iriu row tile bounded UI segment.","PREDMET business authority","features/predmeti","SPLIT / MERGE — IRiU CONTRACT BOUNDARY","Phase 4 evidence for PREDMET / presentation; direct declaration/import scan of lib/features/predmeti/presentation/segments/iriu_row_tile.dart (50291 bytes; SHA-256 AE57421A7D4BC6FC23E05C6228928F876C52EA800214916BD79C56447078D833).","PARTIAL — seam characterization required before migration","IRiU ordering/provenance/price and PREDMET truth contracts","Complete IRiU seam characterization before refactor","IRiU seam characterization","DIRECTLY ANALYZED","","File-specific reconciliation: lib/features/predmeti/presentation/segments/iriu_row_tile.dart responsibility, target and disposition checked against declarations/imports and the owning contract.","","","","","","","","","IRiU truth/selection/lifecycle","relative imports: ../../../../core/constants/iriu_constants.dart; ../../../../core/database/database.dart; ../../../../core/format/app_format.dart; ../../../podesavanja/data/podesavanja_repository.dart; ../../../podesavanja/presentation/katalog_photo_policy.dart; ../../../stanje_robe/application/stanje_robe_lifecycle_service.dart; ../../../stanje_robe/application/stanje_robe_operational_availability.dart; ../../core_v2/models/iriu_truth_models.dart; ../../core_v2/services/iriu_display_name_resolver.dart; ../../data/iriu_repository.dart; ../../domain/iriu_catalog_selection.dart","controls user workflow state and commands","owning-block tests plus Phase 4 characterization register","IRiU ordering/provenance characterization","","","","","","","",""
"HANDWRITTEN_PRODUCTION_DART","lib/features/predmeti/presentation/segments/iriu_segment.dart","53167","48BD671A2DB6D4BABF83EAF7BAC9DECBFFC61E9FC89A57AA70004C91702C50EA","PREDMET / presentation","Renders the iriu segment bounded UI segment.","PREDMET business authority","features/predmeti","SPLIT / MERGE — IRiU CONTRACT BOUNDARY","Phase 4 evidence for PREDMET / presentation; direct declaration/import scan of lib/features/predmeti/presentation/segments/iriu_segment.dart (53167 bytes; SHA-256 48BD671A2DB6D4BABF83EAF7BAC9DECBFFC61E9FC89A57AA70004C91702C50EA).","PARTIAL — seam characterization required before migration","IRiU ordering/provenance/price and PREDMET truth contracts","Complete IRiU seam characterization before refactor","IRiU seam characterization","DIRECTLY ANALYZED","","File-specific reconciliation: lib/features/predmeti/presentation/segments/iriu_segment.dart responsibility, target and disposition checked against declarations/imports and the owning contract.","","","","","","","","","IRiU truth/selection/lifecycle","relative imports: ../../../../core/config/app_config.dart; ../../../../core/database/database.dart; ../../../../core/format/app_format.dart; ../../../podesavanja/data/podesavanja_repository.dart; ../../../podesavanja/presentation/katalog_photo_policy.dart; ../../../stanje_robe/application/stanje_robe_lifecycle_service.dart; ../../../stanje_robe/application/stanje_robe_operational_availability.dart; ../../../stanje_robe/data/stanje_robe_posledice_repository.dart; ../../core_v2/models/iriu_truth_models.dart; ../../core_v2/rules/iriu_truth_rules.dart; ../../core_v2/services/predmet_iriu_truth_service.dart; ../../core_v2/scenario/scenario_module_repository.dart; ../../data/iriu_repository.dart; ../../domain/iriu_catalog_selection.dart","controls user workflow state and commands","owning-block tests plus Phase 4 characterization register","IRiU ordering/provenance characterization","","","","","","","",""
"HANDWRITTEN_PRODUCTION_DART","lib/features/predmeti/presentation/segments/narucilac_segment.dart","57334","1F3E9627DB106B6CCD7CD1BF974A7FF9D89E5D7F3A73362D73DE930F34E78ED9","PREDMET / presentation","Renders the narucilac segment bounded UI segment.","PREDMET business authority","features/predmeti","TARGET FIT / SPLIT SEAMS","Phase 4 evidence for PREDMET / presentation; direct declaration/import scan of lib/features/predmeti/presentation/segments/narucilac_segment.dart (57334 bytes; SHA-256 1F3E9627DB106B6CCD7CD1BF974A7FF9D89E5D7F3A73362D73DE930F34E78ED9).","SUFFICIENT FOR CLASSIFICATION — implementation remains phase-gated","Owning module API and regression behavior","Retain under mapped target block; include in seam characterization","PREDMET runtime/lifecycle acceptance","DIRECTLY ANALYZED","","File-specific reconciliation: lib/features/predmeti/presentation/segments/narucilac_segment.dart responsibility, target and disposition checked against declarations/imports and the owning contract.","","","","","","","","","feature workflow/UI","relative imports: ../../../../core/database/database.dart; ../../../../core/format/app_format.dart; ../../data/kontakt_lica_repository.dart","controls user workflow state and commands","owning-block tests plus Phase 4 characterization register","target-block contract and regression evidence","","","","","","","",""
"HANDWRITTEN_PRODUCTION_DART","lib/features/predmeti/presentation/segments/parte_segment.dart","24163","8DD57311F7A479D5A18037C0036330E7A6F021F6477681218435C32AA07C4DDE","PREDMET / presentation","Renders the parte segment bounded UI segment.","PREDMET business authority","features/predmeti","TARGET FIT / SPLIT SEAMS","Phase 4 evidence for PREDMET / presentation; direct declaration/import scan of lib/features/predmeti/presentation/segments/parte_segment.dart (24163 bytes; SHA-256 8DD57311F7A479D5A18037C0036330E7A6F021F6477681218435C32AA07C4DDE).","SUFFICIENT FOR CLASSIFICATION — implementation remains phase-gated","Owning module API and regression behavior","Retain under mapped target block; include in seam characterization","PREDMET runtime/lifecycle acceptance","DIRECTLY ANALYZED","","File-specific reconciliation: lib/features/predmeti/presentation/segments/parte_segment.dart responsibility, target and disposition checked against declarations/imports and the owning contract.","","","","","","","","","PARTE workspace/UI","relative imports: ../../../../core/format/app_text_format.dart; ../../../../core/format/app_time_format.dart; ../../../../core/database/database.dart","controls user workflow state and commands","owning-block tests plus Phase 4 characterization register","PARTE sub-responsibility acceptance matrix","","","","","","","",""
"HANDWRITTEN_PRODUCTION_DART","lib/features/predmeti/presentation/segments/predmet_decision_controls.dart","7916","3F8C872BB064717715EF08DFE3A90403DD864C4D472552A9EA1B8BD9E704AE7E","PREDMET / presentation","Renders the predmet decision controls bounded UI segment.","PREDMET business authority","features/predmeti","TARGET FIT / SPLIT SEAMS","Phase 4 evidence for PREDMET / presentation; direct declaration/import scan of lib/features/predmeti/presentation/segments/predmet_decision_controls.dart (7916 bytes; SHA-256 3F8C872BB064717715EF08DFE3A90403DD864C4D472552A9EA1B8BD9E704AE7E).","SUFFICIENT FOR CLASSIFICATION — implementation remains phase-gated","Owning module API and regression behavior","Retain under mapped target block; include in seam characterization","PREDMET runtime/lifecycle acceptance","DIRECTLY ANALYZED","","File-specific reconciliation: lib/features/predmeti/presentation/segments/predmet_decision_controls.dart responsibility, target and disposition checked against declarations/imports and the owning contract.","","","","","","","","","feature workflow/UI","no local project import; framework/primitive boundary","controls user workflow state and commands","owning-block tests plus Phase 4 characterization register","target-block contract and regression evidence","","","","","","","",""
"HANDWRITTEN_PRODUCTION_DART","lib/features/predmeti/presentation/segments/preminulo_lice_segment.dart","33323","BA3F2D4592C89C922FEDCF2B4FE31D66AA51AD789AFC88FEEB0FF6D269D2D092","PREDMET / presentation","Renders the preminulo lice segment bounded UI segment.","PREDMET business authority","features/predmeti","TARGET FIT / SPLIT SEAMS","Phase 4 evidence for PREDMET / presentation; direct declaration/import scan of lib/features/predmeti/presentation/segments/preminulo_lice_segment.dart (33323 bytes; SHA-256 BA3F2D4592C89C922FEDCF2B4FE31D66AA51AD789AFC88FEEB0FF6D269D2D092).","SUFFICIENT FOR CLASSIFICATION — implementation remains phase-gated","Owning module API and regression behavior","Retain under mapped target block; include in seam characterization","PREDMET runtime/lifecycle acceptance","DIRECTLY ANALYZED","","File-specific reconciliation: lib/features/predmeti/presentation/segments/preminulo_lice_segment.dart responsibility, target and disposition checked against declarations/imports and the owning contract.","","","","","","","","","feature workflow/UI","relative imports: ../../../../core/database/database.dart; ../../../../core/format/app_format.dart; ../../core_v2/rules/iriu_truth_rules.dart","controls user workflow state and commands","owning-block tests plus Phase 4 characterization register","target-block contract and regression evidence","","","","","","","",""
"HANDWRITTEN_PRODUCTION_DART","lib/features/predmeti/reminders/ceremony_notification_gateway.dart","2740","BFC99A6F2097E5CFFA5BA5D070AE5E81F40B2FDA70775911299AA25AB74CE7B3","PODSETNIK / PREDMET-derived reminders","Implements the ceremony notification gateway responsibility in its owning block.","PREDMET facts; PODSETNIK derived state; signal meaning owner-gated","features/podsetnik","SPLIT / MERGE — DERIVED REMINDER STATE","Phase 4 evidence for PODSETNIK / PREDMET-derived reminders; direct declaration/import scan of lib/features/predmeti/reminders/ceremony_notification_gateway.dart (2740 bytes; SHA-256 BFC99A6F2097E5CFFA5BA5D070AE5E81F40B2FDA70775911299AA25AB74CE7B3).","SUFFICIENT FOR CLASSIFICATION — implementation remains phase-gated","Derived scheduling/delivery/confirmation; signal taxonomy owner-gated","Keep derived state separate; obtain signal taxonomy decision","PODSETNIK signal owner decision task","DIRECTLY ANALYZED","","File-specific reconciliation: lib/features/predmeti/reminders/ceremony_notification_gateway.dart responsibility, target and disposition checked against declarations/imports and the owning contract.","","","","","","","","","file-specific ceremony notification gateway implementation","no local project import; framework/primitive boundary","controls derived scheduling/delivery state","owning-block tests plus Phase 4 characterization register","target-block contract and regression evidence","","","","","","","",""
"HANDWRITTEN_PRODUCTION_DART","lib/features/predmeti/reminders/ceremony_reminder_coordinator.dart","2480","0A6A0B2830960A64934D697EBE86D259B72AF09E23BCEC97F4DF805BA7BDD734","PODSETNIK / PREDMET-derived reminders","Coordinates the ceremony reminder coordinator workflow across repositories and adapters.","PREDMET facts; PODSETNIK derived state; signal meaning owner-gated","features/podsetnik","SPLIT / MERGE — DERIVED REMINDER STATE","Phase 4 evidence for PODSETNIK / PREDMET-derived reminders; direct declaration/import scan of lib/features/predmeti/reminders/ceremony_reminder_coordinator.dart (2480 bytes; SHA-256 0A6A0B2830960A64934D697EBE86D259B72AF09E23BCEC97F4DF805BA7BDD734).","SUFFICIENT FOR CLASSIFICATION — implementation remains phase-gated","Derived scheduling/delivery/confirmation; signal taxonomy owner-gated","Keep derived state separate; obtain signal taxonomy decision","PODSETNIK signal owner decision task","DIRECTLY ANALYZED","","File-specific reconciliation: lib/features/predmeti/reminders/ceremony_reminder_coordinator.dart responsibility, target and disposition checked against declarations/imports and the owning contract.","","","","","","","","","file-specific ceremony reminder coordinator implementation","relative imports: ../../../core/format/app_date_format.dart","controls derived scheduling/delivery state","owning-block tests plus Phase 4 characterization register","target-block contract and regression evidence","","","","","","","",""
"HANDWRITTEN_PRODUCTION_DART","lib/features/predmeti/reminders/ceremony_reminder_model.dart","3667","84E8EE9BCBE94F348351C4FDE473C27F74B4FABAE965334501F4CA72B81961D5","PODSETNIK / PREDMET-derived reminders","Defines typed ceremony reminder model values.","PREDMET facts; PODSETNIK derived state; signal meaning owner-gated","features/podsetnik","SPLIT / MERGE — DERIVED REMINDER STATE","Phase 4 evidence for PODSETNIK / PREDMET-derived reminders; direct declaration/import scan of lib/features/predmeti/reminders/ceremony_reminder_model.dart (3667 bytes; SHA-256 84E8EE9BCBE94F348351C4FDE473C27F74B4FABAE965334501F4CA72B81961D5).","SUFFICIENT FOR CLASSIFICATION — implementation remains phase-gated","Derived scheduling/delivery/confirmation; signal taxonomy owner-gated","Keep derived state separate; obtain signal taxonomy decision","PODSETNIK signal owner decision task","DIRECTLY ANALYZED","","File-specific reconciliation: lib/features/predmeti/reminders/ceremony_reminder_model.dart responsibility, target and disposition checked against declarations/imports and the owning contract.","","","","","","","","","typed domain model","relative imports: ../../../core/format/app_time_format.dart","controls derived scheduling/delivery state","owning-block tests plus Phase 4 characterization register","target-block contract and regression evidence","","","","","","","",""
"HANDWRITTEN_PRODUCTION_DART","lib/features/predmeti/reminders/ceremony_reminder_repository.dart","2953","CD2DB000EE8C15B7909724AE29D6817163F06DE474070C53FEB5A10B3C47FDA4","PODSETNIK / PREDMET-derived reminders","Provides the ceremony reminder repository data-access boundary.","PREDMET facts; PODSETNIK derived state; signal meaning owner-gated","features/podsetnik","SPLIT / MERGE — DERIVED REMINDER STATE","Phase 4 evidence for PODSETNIK / PREDMET-derived reminders; direct declaration/import scan of lib/features/predmeti/reminders/ceremony_reminder_repository.dart (2953 bytes; SHA-256 CD2DB000EE8C15B7909724AE29D6817163F06DE474070C53FEB5A10B3C47FDA4).","SUFFICIENT FOR CLASSIFICATION — implementation remains phase-gated","Derived scheduling/delivery/confirmation; signal taxonomy owner-gated","Keep derived state separate; obtain signal taxonomy decision","PODSETNIK signal owner decision task","DIRECTLY ANALYZED","","File-specific reconciliation: lib/features/predmeti/reminders/ceremony_reminder_repository.dart responsibility, target and disposition checked against declarations/imports and the owning contract.","","","","","","","","","repository/data access","relative imports: ../../../core/database/database.dart","writes/reads owning block data boundary","owning-block tests plus Phase 4 characterization register","target-block contract and regression evidence","","","","","","","",""
"HANDWRITTEN_PRODUCTION_DART","lib/features/predmeti/reminders/ceremony_reminder_text.dart","425","0C2C9A001E29DFFC7A02E56F0E5D34E7B817A665B8EC3B8E79E6CF2992A2C7EB","PODSETNIK / PREDMET-derived reminders","Implements the ceremony reminder text responsibility in its owning block.","PREDMET facts; PODSETNIK derived state; signal meaning owner-gated","features/podsetnik","SPLIT / MERGE — DERIVED REMINDER STATE","Phase 4 evidence for PODSETNIK / PREDMET-derived reminders; direct declaration/import scan of lib/features/predmeti/reminders/ceremony_reminder_text.dart (425 bytes; SHA-256 0C2C9A001E29DFFC7A02E56F0E5D34E7B817A665B8EC3B8E79E6CF2992A2C7EB).","SUFFICIENT FOR CLASSIFICATION — implementation remains phase-gated","Derived scheduling/delivery/confirmation; signal taxonomy owner-gated","Keep derived state separate; obtain signal taxonomy decision","PODSETNIK signal owner decision task","DIRECTLY ANALYZED","","File-specific reconciliation: lib/features/predmeti/reminders/ceremony_reminder_text.dart responsibility, target and disposition checked against declarations/imports and the owning contract.","","","","","","","","","file-specific ceremony reminder text implementation","no local project import; framework/primitive boundary","controls derived scheduling/delivery state","owning-block tests plus Phase 4 characterization register","target-block contract and regression evidence","","","","","","","",""
"HANDWRITTEN_PRODUCTION_DART","lib/features/predmeti/reminders/reminder_mvp_service.dart","2521","DE5A6951F5E41CF8970CF20892E2F79F2F44C5CF4AA5DDC4EF0746BA4CC79C01","PODSETNIK / PREDMET-derived reminders","Implements the reminder mvp service state transition or projection service.","PREDMET facts; PODSETNIK derived state; signal meaning owner-gated","features/podsetnik","SPLIT / MERGE — DERIVED REMINDER STATE","Phase 4 evidence for PODSETNIK / PREDMET-derived reminders; direct declaration/import scan of lib/features/predmeti/reminders/reminder_mvp_service.dart (2521 bytes; SHA-256 DE5A6951F5E41CF8970CF20892E2F79F2F44C5CF4AA5DDC4EF0746BA4CC79C01).","SUFFICIENT FOR CLASSIFICATION — implementation remains phase-gated","Derived scheduling/delivery/confirmation; signal taxonomy owner-gated","Keep derived state separate; obtain signal taxonomy decision","PODSETNIK signal owner decision task","DIRECTLY ANALYZED","","File-specific reconciliation: lib/features/predmeti/reminders/reminder_mvp_service.dart responsibility, target and disposition checked against declarations/imports and the owning contract.","","","","","","","","","domain/application service","relative imports: ../../../core/database/database.dart; ../../../core/format/app_date_format.dart","controls derived scheduling/delivery state","owning-block tests plus Phase 4 characterization register","target-block contract and regression evidence","","","","","","","",""
"HANDWRITTEN_PRODUCTION_DART","lib/features/predmeti/statistika_v1/statistika_models.dart","882","00BE79FDA03A1150AD0D8C2915DD11BCF6C63FAC0903209754FA4DF39A7E2FD5","policy finance / statistics","Defines typed statistika models values.","PREDMET business authority","features/policy_finance","BOUNDED RECODE CANDIDATE / REFACTOR","Phase 4 evidence for policy finance / statistics; direct declaration/import scan of lib/features/predmeti/statistika_v1/statistika_models.dart (882 bytes; SHA-256 00BE79FDA03A1150AD0D8C2915DD11BCF6C63FAC0903209754FA4DF39A7E2FD5).","NOT APPLICABLE — declarative/value boundary covered by contract","Owning module API and regression behavior","Retain under mapped target block; include in seam characterization","Policy/finance acceptance matrix","DIRECTLY ANALYZED","","File-specific reconciliation: lib/features/predmeti/statistika_v1/statistika_models.dart responsibility, target and disposition checked against declarations/imports and the owning contract.","","","","","","","","","typed domain model","relative imports: ../../../core/database/database.dart; ../core_v2/models/iriu_truth_models.dart","controls its named sub-responsibility without changing PREDMET authority","owning-block tests plus Phase 4 characterization register","target-block contract and regression evidence","","","","","","","",""
"HANDWRITTEN_PRODUCTION_DART","lib/features/predmeti/statistika_v1/statistika_snapshot_service.dart","2700","2857231B24FD08B7E0AB5E1E03A880E17A756222B6159C5A27F47149E07F315E","policy finance / statistics","Implements the statistika snapshot service state transition or projection service.","PREDMET business authority","features/policy_finance","BOUNDED RECODE CANDIDATE / REFACTOR","Phase 4 evidence for policy finance / statistics; direct declaration/import scan of lib/features/predmeti/statistika_v1/statistika_snapshot_service.dart (2700 bytes; SHA-256 2857231B24FD08B7E0AB5E1E03A880E17A756222B6159C5A27F47149E07F315E).","SUFFICIENT FOR CLASSIFICATION — implementation remains phase-gated","Owning module API and regression behavior","Retain under mapped target block; include in seam characterization","Policy/finance acceptance matrix","DIRECTLY ANALYZED","","File-specific reconciliation: lib/features/predmeti/statistika_v1/statistika_snapshot_service.dart responsibility, target and disposition checked against declarations/imports and the owning contract.","","","","","","","","","domain/application service","relative imports: ../../../core/database/database.dart; ../core_v2/services/financial_truth_service.dart; ../core_v2/services/predmet_iriu_truth_service.dart","controls its named sub-responsibility without changing PREDMET authority","owning-block tests plus Phase 4 characterization register","target-block contract and regression evidence","","","","","","","",""
"TEST_DART","test/android_korice_storage_contract_test.dart","2439","42403E5E12C7FEFDF8DADDA0E54D051B9CF06D5986603A43E9188E75C80397F7","cross-cutting test support","Executable test of the named contract/behavior","Test contract plus owning production block","test taxonomy / cross-cutting test support","TEST EVIDENCE / RETAIN AND TAXONOMIZE","Named test behavior and assertions in test/android_korice_storage_contract_test.dart; source/test inventory plus Phase 4 characterization register.","DIRECT CHARACTERIZATION / REGRESSION","Protects owning block behavior; no external format obligation identified","Retain in target test taxonomy and map to migration seam","Cross-feature compatibility characterization and migration-seam acceptance","DIRECTLY ANALYZED","","Protects android korice storage contract test behavior; assertions cover the named contract/screen/lifecycle. File-level test traceability reviewed; future action=Retain in target test taxonomy and map to migration seam. Explicit test traceability fields reconciled. Explicit test traceability fields reconciled.","Protects android korice storage contract test behavior; assertions cover the named contract/screen/lifecycle.","unit/domain/contract","characterization/regression proof","cross-cutting test support","MEDIUM — feature behavior","Retain in target test taxonomy and map to migration seam","NO","","","","","","","Protects android korice storage contract test behavior; assertions cover the named contract/screen/lifecycle.","unit/domain/contract","NO","Named test behavior and assertions in test/android_korice_storage_contract_test.dart; source/test inventory plus Phase 4 characterization register.","MEDIUM — feature behavior","","",""
"TEST_DART","test/business_policy_iriu_critical_scenarios_test.dart","10711","7BF70BB66C2CD2CB17A2570E7E034655C22C75618871AD556F6D836FD450E08B","SCENARIO / locked contracts","Executable test of the named contract/behavior","Test contract plus owning production block","test taxonomy / SCENARIO / locked contracts","TEST EVIDENCE / RETAIN AND TAXONOMIZE","Named test behavior and assertions in test/business_policy_iriu_critical_scenarios_test.dart; source/test inventory plus Phase 4 characterization register.","BEHAVIORAL COVERAGE — assertion depth tied to named test","Protects compatibility, migration, locked contract or lifecycle behavior","Retain in target test taxonomy and map to migration seam","SCENARIO-locked compatibility characterization","DIRECTLY ANALYZED","","Protects business policy iriu critical scenarios test behavior; assertions cover the named contract/screen/lifecycle. File-level test traceability reviewed; future action=Retain in target test taxonomy and map to migration seam. Explicit test traceability fields reconciled. Explicit test traceability fields reconciled.","Protects business policy iriu critical scenarios test behavior; assertions cover the named contract/screen/lifecycle.","unit/domain/contract","behavioral regression evidence","SCENARIO / locked contracts","HIGH — migration/compatibility or protected contract","Retain in target test taxonomy and map to migration seam","YES","","","","","","","Protects business policy iriu critical scenarios test behavior; assertions cover the named contract/screen/lifecycle.","unit/domain/contract","YES","Named test behavior and assertions in test/business_policy_iriu_critical_scenarios_test.dart; source/test inventory plus Phase 4 characterization register.","HIGH — migration/compatibility or protected contract","","",""
"TEST_DART","test/canonical_database_migration_recovery_test.dart","16060","CAFF46F141F01F674F5A51DB3C711D814F0ACE5659D7B968B9E38E73D7EE8DDB","persistence / interoperability","Executable test of the named contract/behavior","Test contract plus owning production block","test taxonomy / persistence / interoperability","TEST EVIDENCE / RETAIN AND TAXONOMIZE","Named test behavior and assertions in test/canonical_database_migration_recovery_test.dart; source/test inventory plus Phase 4 characterization register.","BEHAVIORAL COVERAGE — assertion depth tied to named test","Protects compatibility, migration, locked contract or lifecycle behavior","Retain in target test taxonomy and map to migration seam","Current-tip migration/recovery relational-integrity closure rehearsal","DIRECTLY ANALYZED","","Protects canonical database migration recovery test behavior; assertions cover the named contract/screen/lifecycle. File-level test traceability reviewed; future action=Retain in target test taxonomy and map to migration seam. Explicit test traceability fields reconciled. Explicit test traceability fields reconciled.","Protects canonical database migration recovery test behavior; assertions cover the named contract/screen/lifecycle.","unit/domain/contract","behavioral regression evidence","persistence / interoperability","HIGH — migration/compatibility or protected contract","Retain in target test taxonomy and map to migration seam","YES","","","","","","","Protects canonical database migration recovery test behavior; assertions cover the named contract/screen/lifecycle.","unit/domain/contract","YES","Named test behavior and assertions in test/canonical_database_migration_recovery_test.dart; source/test inventory plus Phase 4 characterization register.","HIGH — migration/compatibility or protected contract","","",""
"TEST_DART","test/ceremonija_docek_parameters_layout_test.dart","2654","495C398F4CC8F13D42FDA69BC33792D5BFC23F1A02EF70A15179C6ECACB22EB4","PODSETNIK / reminders","Executable test of the named contract/behavior","Test contract plus owning production block","test taxonomy / PODSETNIK / reminders","TEST EVIDENCE / RETAIN AND TAXONOMIZE","Named test behavior and assertions in test/ceremonija_docek_parameters_layout_test.dart; source/test inventory plus Phase 4 characterization register.","BEHAVIORAL COVERAGE — assertion depth tied to named test","Protects owning block behavior; no external format obligation identified","Retain in target test taxonomy and map to migration seam","Derived reminder/PARTE replacement-state semantic acceptance","DIRECTLY ANALYZED","","Protects ceremonija docek parameters layout test behavior; assertions cover the named contract/screen/lifecycle. File-level test traceability reviewed; future action=Retain in target test taxonomy and map to migration seam. Explicit test traceability fields reconciled. Explicit test traceability fields reconciled.","Protects ceremonija docek parameters layout test behavior; assertions cover the named contract/screen/lifecycle.","widget/smoke","behavioral regression evidence","PODSETNIK / reminders","MEDIUM — feature behavior","Retain in target test taxonomy and map to migration seam","NO","","","","","","","Protects ceremonija docek parameters layout test behavior; assertions cover the named contract/screen/lifecycle.","widget/smoke","NO","Named test behavior and assertions in test/ceremonija_docek_parameters_layout_test.dart; source/test inventory plus Phase 4 characterization register.","MEDIUM — feature behavior","","",""
"TEST_DART","test/ceremonija_segment_mini_task_test.dart","7573","8F47CD832C328026950517332225D6F320D0648826BFDAEA9F0CB038D9EB1089","PODSETNIK / reminders","Executable test of the named contract/behavior","Test contract plus owning production block","test taxonomy / PODSETNIK / reminders","TEST EVIDENCE / RETAIN AND TAXONOMIZE","Named test behavior and assertions in test/ceremonija_segment_mini_task_test.dart; source/test inventory plus Phase 4 characterization register.","BEHAVIORAL COVERAGE — assertion depth tied to named test","Protects owning block behavior; no external format obligation identified","Retain in target test taxonomy and map to migration seam","Derived reminder/PARTE replacement-state semantic acceptance","DIRECTLY ANALYZED","","Protects ceremonija segment mini task test behavior; assertions cover the named contract/screen/lifecycle. File-level test traceability reviewed; future action=Retain in target test taxonomy and map to migration seam. Explicit test traceability fields reconciled. Explicit test traceability fields reconciled.","Protects ceremonija segment mini task test behavior; assertions cover the named contract/screen/lifecycle.","unit/domain/contract","behavioral regression evidence","PODSETNIK / reminders","MEDIUM — feature behavior","Retain in target test taxonomy and map to migration seam","NO","","","","","","","Protects ceremonija segment mini task test behavior; assertions cover the named contract/screen/lifecycle.","unit/domain/contract","NO","Named test behavior and assertions in test/ceremonija_segment_mini_task_test.dart; source/test inventory plus Phase 4 characterization register.","MEDIUM — feature behavior","","",""
"TEST_DART","test/ceremony_reminder_system_test.dart","9149","F1CC218A717EDB22EFDB70FF3BF15F78CF7756369448C11FF590802732BFDC7D","PODSETNIK / reminders","Executable test of the named contract/behavior","Test contract plus owning production block","test taxonomy / PODSETNIK / reminders","TEST EVIDENCE / RETAIN AND TAXONOMIZE","Named test behavior and assertions in test/ceremony_reminder_system_test.dart; source/test inventory plus Phase 4 characterization register.","BEHAVIORAL COVERAGE — assertion depth tied to named test","Protects owning block behavior; no external format obligation identified","Retain in target test taxonomy and map to migration seam","Derived reminder/PARTE replacement-state semantic acceptance","DIRECTLY ANALYZED","","Protects ceremony reminder system test behavior; assertions cover the named contract/screen/lifecycle. File-level test traceability reviewed; future action=Retain in target test taxonomy and map to migration seam. Explicit test traceability fields reconciled. Explicit test traceability fields reconciled.","Protects ceremony reminder system test behavior; assertions cover the named contract/screen/lifecycle.","unit/domain/contract","behavioral regression evidence","PODSETNIK / reminders","MEDIUM — feature behavior","Retain in target test taxonomy and map to migration seam","NO","","","","","","","Protects ceremony reminder system test behavior; assertions cover the named contract/screen/lifecycle.","unit/domain/contract","NO","Named test behavior and assertions in test/ceremony_reminder_system_test.dart; source/test inventory plus Phase 4 characterization register.","MEDIUM — feature behavior","","",""
"TEST_DART","test/database_catalog_seed_idempotency_test.dart","1408","591A72E8C10BA59B856F9DEF95A1BAF5F04D34B99E233653627AC357C749841F","persistence / interoperability","Executable test of the named contract/behavior","Test contract plus owning production block","test taxonomy / persistence / interoperability","TEST EVIDENCE / RETAIN AND TAXONOMIZE","Named test behavior and assertions in test/database_catalog_seed_idempotency_test.dart; source/test inventory plus Phase 4 characterization register.","BEHAVIORAL COVERAGE — assertion depth tied to named test","Protects compatibility, migration, locked contract or lifecycle behavior","Retain in target test taxonomy and map to migration seam","Current-tip migration/recovery relational-integrity closure rehearsal","DIRECTLY ANALYZED","","Protects database catalog seed idempotency test behavior; assertions cover the named contract/screen/lifecycle. File-level test traceability reviewed; future action=Retain in target test taxonomy and map to migration seam. Explicit test traceability fields reconciled. Explicit test traceability fields reconciled.","Protects database catalog seed idempotency test behavior; assertions cover the named contract/screen/lifecycle.","unit/domain/contract","behavioral regression evidence","persistence / interoperability","HIGH — migration/compatibility or protected contract","Retain in target test taxonomy and map to migration seam","YES","","","","","","","Protects database catalog seed idempotency test behavior; assertions cover the named contract/screen/lifecycle.","unit/domain/contract","YES","Named test behavior and assertions in test/database_catalog_seed_idempotency_test.dart; source/test inventory plus Phase 4 characterization register.","HIGH — migration/compatibility or protected contract","","",""
"TEST_DART","test/date_picker_input_test.dart","479","5A256076ADEE3D664D2A2465EF724EE234AFAF8054A6145FB38D07541632A641","cross-cutting test support","Executable test of the named contract/behavior","Test contract plus owning production block","test taxonomy / cross-cutting test support","TEST EVIDENCE / RETAIN AND TAXONOMIZE","Named test behavior and assertions in test/date_picker_input_test.dart; source/test inventory plus Phase 4 characterization register.","BEHAVIORAL COVERAGE — assertion depth tied to named test","Protects owning block behavior; no external format obligation identified","Retain in target test taxonomy and map to migration seam","Cross-feature compatibility characterization and migration-seam acceptance","DIRECTLY ANALYZED","","Protects date picker input test behavior; assertions cover the named contract/screen/lifecycle. File-level test traceability reviewed; future action=Retain in target test taxonomy and map to migration seam. Explicit test traceability fields reconciled. Explicit test traceability fields reconciled.","Protects date picker input test behavior; assertions cover the named contract/screen/lifecycle.","unit/domain/contract","behavioral regression evidence","cross-cutting test support","MEDIUM — feature behavior","Retain in target test taxonomy and map to migration seam","NO","","","","","","","Protects date picker input test behavior; assertions cover the named contract/screen/lifecycle.","unit/domain/contract","NO","Named test behavior and assertions in test/date_picker_input_test.dart; source/test inventory plus Phase 4 characterization register.","MEDIUM — feature behavior","","",""
"TEST_DART","test/finansije_manual_amount_format_test.dart","475","7D31E861244AF18695857C0842E932C446FC57EE90A1D3DFEF58F7D8B73021D1","policy finance","Executable test of the named contract/behavior","Test contract plus owning production block","test taxonomy / policy finance","TEST EVIDENCE / RETAIN AND TAXONOMIZE","Named test behavior and assertions in test/finansije_manual_amount_format_test.dart; source/test inventory plus Phase 4 characterization register.","BEHAVIORAL COVERAGE — assertion depth tied to named test","Protects owning block behavior; no external format obligation identified","Retain in target test taxonomy and map to migration seam","Policy/finance acceptance matrix","DIRECTLY ANALYZED","","Protects finansije manual amount format test behavior; assertions cover the named contract/screen/lifecycle. File-level test traceability reviewed; future action=Retain in target test taxonomy and map to migration seam. Explicit test traceability fields reconciled. Explicit test traceability fields reconciled.","Protects finansije manual amount format test behavior; assertions cover the named contract/screen/lifecycle.","unit/domain/contract","behavioral regression evidence","policy finance","MEDIUM — feature behavior","Retain in target test taxonomy and map to migration seam","NO","","","","","","","Protects finansije manual amount format test behavior; assertions cover the named contract/screen/lifecycle.","unit/domain/contract","NO","Named test behavior and assertions in test/finansije_manual_amount_format_test.dart; source/test inventory plus Phase 4 characterization register.","MEDIUM — feature behavior","","",""
"TEST_DART","test/full_backup_restore_lifecycle_coordination_test.dart","40010","4F4AD560B8E64501450F1E50091BA9809BD31F4A178CD63AF105F58786F2285E","persistence / interoperability","Executable test of the named contract/behavior","Test contract plus owning production block","test taxonomy / persistence / interoperability","TEST EVIDENCE / RETAIN AND TAXONOMIZE","Named test behavior and assertions in test/full_backup_restore_lifecycle_coordination_test.dart; source/test inventory plus Phase 4 characterization register.","BEHAVIORAL COVERAGE — assertion depth tied to named test","Protects compatibility, migration, locked contract or lifecycle behavior","Retain in target test taxonomy and map to migration seam","JSON interoperability and transfer/backup/restore characterization","DIRECTLY ANALYZED","","Protects full backup restore lifecycle coordination test behavior; assertions cover the named contract/screen/lifecycle. File-level test traceability reviewed; future action=Retain in target test taxonomy and map to migration seam. Explicit test traceability fields reconciled. Explicit test traceability fields reconciled.","Protects full backup restore lifecycle coordination test behavior; assertions cover the named contract/screen/lifecycle.","unit/domain/contract","behavioral regression evidence","persistence / interoperability","HIGH — migration/compatibility or protected contract","Retain in target test taxonomy and map to migration seam","YES","","","","","","","Protects full backup restore lifecycle coordination test behavior; assertions cover the named contract/screen/lifecycle.","unit/domain/contract","YES","Named test behavior and assertions in test/full_backup_restore_lifecycle_coordination_test.dart; source/test inventory plus Phase 4 characterization register.","HIGH — migration/compatibility or protected contract","","",""
"TEST_DART","test/iriu_catalog_basic_category_policy_test.dart","9158","4F0A4890355486107D3494FA9B1D1FA5D41C7CFA0CC5034D95DD584186542E34","KATALOG / IRiU","Executable test of the named contract/behavior","Test contract plus owning production block","test taxonomy / KATALOG / IRiU","TEST EVIDENCE / RETAIN AND TAXONOMIZE","Named test behavior and assertions in test/iriu_catalog_basic_category_policy_test.dart; source/test inventory plus Phase 4 characterization register.","BEHAVIORAL COVERAGE — assertion depth tied to named test","Protects compatibility, migration, locked contract or lifecycle behavior","Retain in target test taxonomy and map to migration seam","KATALOG acceptance matrix and IRiU seam characterization","DIRECTLY ANALYZED","","Protects iriu catalog basic category policy test behavior; assertions cover the named contract/screen/lifecycle. File-level test traceability reviewed; future action=Retain in target test taxonomy and map to migration seam. Explicit test traceability fields reconciled. Explicit test traceability fields reconciled.","Protects iriu catalog basic category policy test behavior; assertions cover the named contract/screen/lifecycle.","unit/domain/contract","behavioral regression evidence","KATALOG / IRiU","HIGH — migration/compatibility or protected contract","Retain in target test taxonomy and map to migration seam","YES","","","","","","","Protects iriu catalog basic category policy test behavior; assertions cover the named contract/screen/lifecycle.","unit/domain/contract","YES","Named test behavior and assertions in test/iriu_catalog_basic_category_policy_test.dart; source/test inventory plus Phase 4 characterization register.","HIGH — migration/compatibility or protected contract","","",""
"TEST_DART","test/iriu_catalog_display_name_resolution_test.dart","10770","4EA8EBE3F2D33919206F44B8ED5ACF44C9C9F1E99CDF7E421E283E16EA84270F","KATALOG / IRiU","Executable test of the named contract/behavior","Test contract plus owning production block","test taxonomy / KATALOG / IRiU","TEST EVIDENCE / RETAIN AND TAXONOMIZE","Named test behavior and assertions in test/iriu_catalog_display_name_resolution_test.dart; source/test inventory plus Phase 4 characterization register.","BEHAVIORAL COVERAGE — assertion depth tied to named test","Protects compatibility, migration, locked contract or lifecycle behavior","Retain in target test taxonomy and map to migration seam","KATALOG acceptance matrix and IRiU seam characterization","DIRECTLY ANALYZED","","Protects iriu catalog display name resolution test behavior; assertions cover the named contract/screen/lifecycle. File-level test traceability reviewed; future action=Retain in target test taxonomy and map to migration seam. Explicit test traceability fields reconciled. Explicit test traceability fields reconciled.","Protects iriu catalog display name resolution test behavior; assertions cover the named contract/screen/lifecycle.","unit/domain/contract","behavioral regression evidence","KATALOG / IRiU","HIGH — migration/compatibility or protected contract","Retain in target test taxonomy and map to migration seam","YES","","","","","","","Protects iriu catalog display name resolution test behavior; assertions cover the named contract/screen/lifecycle.","unit/domain/contract","YES","Named test behavior and assertions in test/iriu_catalog_display_name_resolution_test.dart; source/test inventory plus Phase 4 characterization register.","HIGH — migration/compatibility or protected contract","","",""
"TEST_DART","test/iriu_citulje_catalog_picker_test.dart","2033","3529D5904256C0C0C05878FA955FDEB03C0AE9A9F9D0B8924B2BF210B7EE8C7B","cross-cutting test support","Executable test of the named contract/behavior","Test contract plus owning production block","test taxonomy / cross-cutting test support","TEST EVIDENCE / RETAIN AND TAXONOMIZE","Named test behavior and assertions in test/iriu_citulje_catalog_picker_test.dart; source/test inventory plus Phase 4 characterization register.","BEHAVIORAL COVERAGE — assertion depth tied to named test","Protects compatibility, migration, locked contract or lifecycle behavior","Retain in target test taxonomy and map to migration seam","IRiU seam characterization","DIRECTLY ANALYZED","","Protects iriu citulje catalog picker test behavior; assertions cover the named contract/screen/lifecycle. File-level test traceability reviewed; future action=Retain in target test taxonomy and map to migration seam. Explicit test traceability fields reconciled. Explicit test traceability fields reconciled.","Protects iriu citulje catalog picker test behavior; assertions cover the named contract/screen/lifecycle.","unit/domain/contract","behavioral regression evidence","cross-cutting test support","HIGH — migration/compatibility or protected contract","Retain in target test taxonomy and map to migration seam","YES","","","","","","","Protects iriu citulje catalog picker test behavior; assertions cover the named contract/screen/lifecycle.","unit/domain/contract","YES","Named test behavior and assertions in test/iriu_citulje_catalog_picker_test.dart; source/test inventory plus Phase 4 characterization register.","HIGH — migration/compatibility or protected contract","","",""
"TEST_DART","test/iriu_confirmed_business_alignment_test.dart","3681","637AC618B0AC35A9669D0D7BC82D2FD5678884B52F4B924458EB0BA9090682C8","cross-cutting test support","Executable test of the named contract/behavior","Test contract plus owning production block","test taxonomy / cross-cutting test support","TEST EVIDENCE / RETAIN AND TAXONOMIZE","Named test behavior and assertions in test/iriu_confirmed_business_alignment_test.dart; source/test inventory plus Phase 4 characterization register.","BEHAVIORAL COVERAGE — assertion depth tied to named test","Protects compatibility, migration, locked contract or lifecycle behavior","Retain in target test taxonomy and map to migration seam","IRiU seam characterization","DIRECTLY ANALYZED","","Protects iriu confirmed business alignment test behavior; assertions cover the named contract/screen/lifecycle. File-level test traceability reviewed; future action=Retain in target test taxonomy and map to migration seam. Explicit test traceability fields reconciled. Explicit test traceability fields reconciled.","Protects iriu confirmed business alignment test behavior; assertions cover the named contract/screen/lifecycle.","unit/domain/contract","behavioral regression evidence","cross-cutting test support","HIGH — migration/compatibility or protected contract","Retain in target test taxonomy and map to migration seam","YES","","","","","","","Protects iriu confirmed business alignment test behavior; assertions cover the named contract/screen/lifecycle.","unit/domain/contract","YES","Named test behavior and assertions in test/iriu_confirmed_business_alignment_test.dart; source/test inventory plus Phase 4 characterization register.","HIGH — migration/compatibility or protected contract","","",""
"TEST_DART","test/iriu_manual_amount_format_test.dart","991","688660A484CA6C032288223FB217A64252AA7E33A5690524740C035D1A7CED8A","cross-cutting test support","Executable test of the named contract/behavior","Test contract plus owning production block","test taxonomy / cross-cutting test support","TEST EVIDENCE / RETAIN AND TAXONOMIZE","Named test behavior and assertions in test/iriu_manual_amount_format_test.dart; source/test inventory plus Phase 4 characterization register.","BEHAVIORAL COVERAGE — assertion depth tied to named test","Protects compatibility, migration, locked contract or lifecycle behavior","Retain in target test taxonomy and map to migration seam","IRiU seam characterization","DIRECTLY ANALYZED","","Protects iriu manual amount format test behavior; assertions cover the named contract/screen/lifecycle. File-level test traceability reviewed; future action=Retain in target test taxonomy and map to migration seam. Explicit test traceability fields reconciled. Explicit test traceability fields reconciled.","Protects iriu manual amount format test behavior; assertions cover the named contract/screen/lifecycle.","unit/domain/contract","behavioral regression evidence","cross-cutting test support","HIGH — migration/compatibility or protected contract","Retain in target test taxonomy and map to migration seam","YES","","","","","","","Protects iriu manual amount format test behavior; assertions cover the named contract/screen/lifecycle.","unit/domain/contract","YES","Named test behavior and assertions in test/iriu_manual_amount_format_test.dart; source/test inventory plus Phase 4 characterization register.","HIGH — migration/compatibility or protected contract","","",""
"TEST_DART","test/iriu_manual_row_regression_test.dart","3453","95C0EE40DED957C9ED6A530F6D808217E96D511A22A53E37A760E4F26EAFBDFD","cross-cutting test support","Executable test of the named contract/behavior","Test contract plus owning production block","test taxonomy / cross-cutting test support","TEST EVIDENCE / RETAIN AND TAXONOMIZE","Named test behavior and assertions in test/iriu_manual_row_regression_test.dart; source/test inventory plus Phase 4 characterization register.","DIRECT CHARACTERIZATION / REGRESSION","Protects compatibility, migration, locked contract or lifecycle behavior","Retain in target test taxonomy and map to migration seam","IRiU seam characterization","DIRECTLY ANALYZED","","Protects iriu manual row regression test behavior; assertions cover the named contract/screen/lifecycle. File-level test traceability reviewed; future action=Retain in target test taxonomy and map to migration seam. Explicit test traceability fields reconciled. Explicit test traceability fields reconciled.","Protects iriu manual row regression test behavior; assertions cover the named contract/screen/lifecycle.","unit/domain/contract","characterization/regression proof","cross-cutting test support","HIGH — migration/compatibility or protected contract","Retain in target test taxonomy and map to migration seam","YES","","","","","","","Protects iriu manual row regression test behavior; assertions cover the named contract/screen/lifecycle.","unit/domain/contract","YES","Named test behavior and assertions in test/iriu_manual_row_regression_test.dart; source/test inventory plus Phase 4 characterization register.","HIGH — migration/compatibility or protected contract","","",""
"TEST_DART","test/iriu_ordering_partition_test.dart","5928","A96D131BCA1FF74CBF57920D68A3B015C948D1E4BF256F5FA5816024B09729E5","cross-cutting test support","Executable test of the named contract/behavior","Test contract plus owning production block","test taxonomy / cross-cutting test support","TEST EVIDENCE / RETAIN AND TAXONOMIZE","Named test behavior and assertions in test/iriu_ordering_partition_test.dart; source/test inventory plus Phase 4 characterization register.","BEHAVIORAL COVERAGE — assertion depth tied to named test","Protects compatibility, migration, locked contract or lifecycle behavior","Retain in target test taxonomy and map to migration seam","IRiU seam characterization","DIRECTLY ANALYZED","","Protects iriu ordering partition test behavior; assertions cover the named contract/screen/lifecycle. File-level test traceability reviewed; future action=Retain in target test taxonomy and map to migration seam. Explicit test traceability fields reconciled. Explicit test traceability fields reconciled.","Protects iriu ordering partition test behavior; assertions cover the named contract/screen/lifecycle.","unit/domain/contract","behavioral regression evidence","cross-cutting test support","HIGH — migration/compatibility or protected contract","Retain in target test taxonomy and map to migration seam","YES","","","","","","","Protects iriu ordering partition test behavior; assertions cover the named contract/screen/lifecycle.","unit/domain/contract","YES","Named test behavior and assertions in test/iriu_ordering_partition_test.dart; source/test inventory plus Phase 4 characterization register.","HIGH — migration/compatibility or protected contract","","",""
"TEST_DART","test/iriu_production_test_ordering_discrepancy_characterization_test.dart","1662","F029D4EA0ECF95922838EFBDEAE07FE74B2BC54027C7D21276BB55D6AF9540D6","cross-cutting test support","Executable test of the named contract/behavior","Test contract plus owning production block","test taxonomy / cross-cutting test support","TEST EVIDENCE / RETAIN AND TAXONOMIZE","Named test behavior and assertions in test/iriu_production_test_ordering_discrepancy_characterization_test.dart; source/test inventory plus Phase 4 characterization register.","DIRECT CHARACTERIZATION / REGRESSION","Protects compatibility, migration, locked contract or lifecycle behavior","Retain in target test taxonomy and map to migration seam","IRiU seam characterization","DIRECTLY ANALYZED","","Protects iriu production test ordering discrepancy characterization test behavior; assertions cover the named contract/screen/lifecycle. File-level test traceability reviewed; future action=Retain in target test taxonomy and map to migration seam. Explicit test traceability fields reconciled. Explicit test traceability fields reconciled.","Protects iriu production test ordering discrepancy characterization test behavior; assertions cover the named contract/screen/lifecycle.","unit/domain/contract","characterization/regression proof","cross-cutting test support","HIGH — migration/compatibility or protected contract","Retain in target test taxonomy and map to migration seam","YES","","","","","","","Protects iriu production test ordering discrepancy characterization test behavior; assertions cover the named contract/screen/lifecycle.","unit/domain/contract","YES","Named test behavior and assertions in test/iriu_production_test_ordering_discrepancy_characterization_test.dart; source/test inventory plus Phase 4 characterization register.","HIGH — migration/compatibility or protected contract","","",""
"TEST_DART","test/iriu_shared_derived_ordering_test.dart","4895","648434AF2239293ADC05421E0053661D5AADB7A133A66ADBB2F405C9C87A210B","cross-cutting test support","Executable test of the named contract/behavior","Test contract plus owning production block","test taxonomy / cross-cutting test support","TEST EVIDENCE / RETAIN AND TAXONOMIZE","Named test behavior and assertions in test/iriu_shared_derived_ordering_test.dart; source/test inventory plus Phase 4 characterization register.","BEHAVIORAL COVERAGE — assertion depth tied to named test","Protects compatibility, migration, locked contract or lifecycle behavior","Retain in target test taxonomy and map to migration seam","IRiU seam characterization","DIRECTLY ANALYZED","","Protects iriu shared derived ordering test behavior; assertions cover the named contract/screen/lifecycle. File-level test traceability reviewed; future action=Retain in target test taxonomy and map to migration seam. Explicit test traceability fields reconciled. Explicit test traceability fields reconciled.","Protects iriu shared derived ordering test behavior; assertions cover the named contract/screen/lifecycle.","unit/domain/contract","behavioral regression evidence","cross-cutting test support","HIGH — migration/compatibility or protected contract","Retain in target test taxonomy and map to migration seam","YES","","","","","","","Protects iriu shared derived ordering test behavior; assertions cover the named contract/screen/lifecycle.","unit/domain/contract","YES","Named test behavior and assertions in test/iriu_shared_derived_ordering_test.dart; source/test inventory plus Phase 4 characterization register.","HIGH — migration/compatibility or protected contract","","",""
"TEST_DART","test/json_transfer_regression_test.dart","47258","797F703B05E767866376E6182EB7D3DA89C2B6EB204E5A9FA7AFDFE67CBE9D92","persistence / interoperability","Executable test of the named contract/behavior","Test contract plus owning production block","test taxonomy / persistence / interoperability","TEST EVIDENCE / RETAIN AND TAXONOMIZE","Named test behavior and assertions in test/json_transfer_regression_test.dart; source/test inventory plus Phase 4 characterization register.","DIRECT CHARACTERIZATION / REGRESSION","Protects compatibility, migration, locked contract or lifecycle behavior","Retain in target test taxonomy and map to migration seam","JSON interoperability characterization","DIRECTLY ANALYZED","","Protects json transfer regression test behavior; assertions cover the named contract/screen/lifecycle. File-level test traceability reviewed; future action=Retain in target test taxonomy and map to migration seam. Explicit test traceability fields reconciled. Explicit test traceability fields reconciled.","Protects json transfer regression test behavior; assertions cover the named contract/screen/lifecycle.","unit/domain/contract","characterization/regression proof","persistence / interoperability","HIGH — migration/compatibility or protected contract","Retain in target test taxonomy and map to migration seam","YES","","","","","","","Protects json transfer regression test behavior; assertions cover the named contract/screen/lifecycle.","unit/domain/contract","YES","Named test behavior and assertions in test/json_transfer_regression_test.dart; source/test inventory plus Phase 4 characterization register.","HIGH — migration/compatibility or protected contract","","",""
"TEST_DART","test/katalog_fiksna_cena_iriu_iznos_test.dart","8700","405AC7F0A4E9D8835959598FBAD7ED2F2E8F03249B3E7598F159E7B2C0EAB1D4","KATALOG / IRiU","Executable test of the named contract/behavior","Test contract plus owning production block","test taxonomy / KATALOG / IRiU","TEST EVIDENCE / RETAIN AND TAXONOMIZE","Named test behavior and assertions in test/katalog_fiksna_cena_iriu_iznos_test.dart; source/test inventory plus Phase 4 characterization register.","BEHAVIORAL COVERAGE — assertion depth tied to named test","Protects compatibility, migration, locked contract or lifecycle behavior","Retain in target test taxonomy and map to migration seam","KATALOG acceptance matrix and IRiU seam characterization","DIRECTLY ANALYZED","","Protects katalog fiksna cena iriu iznos test behavior; assertions cover the named contract/screen/lifecycle. File-level test traceability reviewed; future action=Retain in target test taxonomy and map to migration seam. Explicit test traceability fields reconciled. Explicit test traceability fields reconciled.","Protects katalog fiksna cena iriu iznos test behavior; assertions cover the named contract/screen/lifecycle.","unit/domain/contract","behavioral regression evidence","KATALOG / IRiU","HIGH — migration/compatibility or protected contract","Retain in target test taxonomy and map to migration seam","YES","","","","","","","Protects katalog fiksna cena iriu iznos test behavior; assertions cover the named contract/screen/lifecycle.","unit/domain/contract","YES","Named test behavior and assertions in test/katalog_fiksna_cena_iriu_iznos_test.dart; source/test inventory plus Phase 4 characterization register.","HIGH — migration/compatibility or protected contract","","",""
"TEST_DART","test/katalog_picker_repository_characterization_test.dart","5748","8844636FE80DD34C109A93E990827652DF80D1E723828247923FF571A31CE2E7","KATALOG / IRiU","Executable test of the named contract/behavior","Test contract plus owning production block","test taxonomy / KATALOG / IRiU","TEST EVIDENCE / RETAIN AND TAXONOMIZE","Named test behavior and assertions in test/katalog_picker_repository_characterization_test.dart; source/test inventory plus Phase 4 characterization register.","DIRECT CHARACTERIZATION / REGRESSION","Protects compatibility, migration, locked contract or lifecycle behavior","Retain in target test taxonomy and map to migration seam","KATALOG acceptance matrix and IRiU seam characterization","DIRECTLY ANALYZED","","Protects katalog picker repository characterization test behavior; assertions cover the named contract/screen/lifecycle. File-level test traceability reviewed; future action=Retain in target test taxonomy and map to migration seam. Explicit test traceability fields reconciled. Explicit test traceability fields reconciled.","Protects katalog picker repository characterization test behavior; assertions cover the named contract/screen/lifecycle.","unit/domain/contract","characterization/regression proof","KATALOG / IRiU","HIGH — migration/compatibility or protected contract","Retain in target test taxonomy and map to migration seam","YES","","","","","","","Protects katalog picker repository characterization test behavior; assertions cover the named contract/screen/lifecycle.","unit/domain/contract","YES","Named test behavior and assertions in test/katalog_picker_repository_characterization_test.dart; source/test inventory plus Phase 4 characterization register.","HIGH — migration/compatibility or protected contract","","",""
"TEST_DART","test/lista_pdf_fidelity_test.dart","2795","B0B7D7CCF394F05349AD9916FC85B72B4273F0C82FFBE7E76F66197674321F82","documents / PDF","Executable test of the named contract/behavior","Test contract plus owning production block","test taxonomy / documents / PDF","TEST EVIDENCE / RETAIN AND TAXONOMIZE","Named test behavior and assertions in test/lista_pdf_fidelity_test.dart; source/test inventory plus Phase 4 characterization register.","BEHAVIORAL COVERAGE — assertion depth tied to named test","Protects owning block behavior; no external format obligation identified","Retain in target test taxonomy and map to migration seam","Document fidelity characterization before adapter split","DIRECTLY ANALYZED","","Protects lista pdf fidelity test behavior; assertions cover the named contract/screen/lifecycle. File-level test traceability reviewed; future action=Retain in target test taxonomy and map to migration seam. Explicit test traceability fields reconciled. Explicit test traceability fields reconciled.","Protects lista pdf fidelity test behavior; assertions cover the named contract/screen/lifecycle.","unit/domain/contract","behavioral regression evidence","documents / PDF","MEDIUM — feature behavior","Retain in target test taxonomy and map to migration seam","NO","","","","","","","Protects lista pdf fidelity test behavior; assertions cover the named contract/screen/lifecycle.","unit/domain/contract","NO","Named test behavior and assertions in test/lista_pdf_fidelity_test.dart; source/test inventory plus Phase 4 characterization register.","MEDIUM — feature behavior","","",""
"TEST_DART","test/lista_predmeta_screen_smoke_test.dart","7023","208DCA7BFEBB2DCDC1F5FAAF153739B1A7C84E61C4065AB39D822CBFD8BB47E3","presentation/UI","Executable test of the named contract/behavior","Test contract plus owning production block","test taxonomy / presentation/UI","TEST EVIDENCE / RETAIN AND TAXONOMIZE","Named test behavior and assertions in test/lista_predmeta_screen_smoke_test.dart; source/test inventory plus Phase 4 characterization register.","BEHAVIORAL COVERAGE — assertion depth tied to named test","Protects compatibility, migration, locked contract or lifecycle behavior","Retain in target test taxonomy and map to migration seam","PREDMET runtime/lifecycle acceptance","DIRECTLY ANALYZED","","Protects lista predmeta screen smoke test behavior; assertions cover the named contract/screen/lifecycle. File-level test traceability reviewed; future action=Retain in target test taxonomy and map to migration seam. Explicit test traceability fields reconciled. Explicit test traceability fields reconciled.","Protects lista predmeta screen smoke test behavior; assertions cover the named contract/screen/lifecycle.","widget/smoke","behavioral regression evidence","presentation/UI","HIGH — migration/compatibility or protected contract","Retain in target test taxonomy and map to migration seam","YES","","","","","","","Protects lista predmeta screen smoke test behavior; assertions cover the named contract/screen/lifecycle.","widget/smoke","YES","Named test behavior and assertions in test/lista_predmeta_screen_smoke_test.dart; source/test inventory plus Phase 4 characterization register.","HIGH — migration/compatibility or protected contract","","",""
"TEST_DART","test/login_screen_smoke_test.dart","1047","ACF7CD689184D8D69EDF62B1014021040EB18DE66F8E7806A43144E6F90A18E5","identity/settings","Executable test of the named contract/behavior","Test contract plus owning production block","test taxonomy / identity/settings","TEST EVIDENCE / RETAIN AND TAXONOMIZE","Named test behavior and assertions in test/login_screen_smoke_test.dart; source/test inventory plus Phase 4 characterization register.","BEHAVIORAL COVERAGE — assertion depth tied to named test","Protects owning block behavior; no external format obligation identified","Retain in target test taxonomy and map to migration seam","Identity/recovery and entitlement acceptance","DIRECTLY ANALYZED","","Protects login screen smoke test behavior; assertions cover the named contract/screen/lifecycle. File-level test traceability reviewed; future action=Retain in target test taxonomy and map to migration seam. Explicit test traceability fields reconciled. Explicit test traceability fields reconciled.","Protects login screen smoke test behavior; assertions cover the named contract/screen/lifecycle.","widget/smoke","behavioral regression evidence","identity/settings","MEDIUM — feature behavior","Retain in target test taxonomy and map to migration seam","NO","","","","","","","Protects login screen smoke test behavior; assertions cover the named contract/screen/lifecycle.","widget/smoke","NO","Named test behavior and assertions in test/login_screen_smoke_test.dart; source/test inventory plus Phase 4 characterization register.","MEDIUM — feature behavior","","",""
"TEST_DART","test/migration_test_database_selector_test.dart","5342","372073CC8EA932C3C7E7DECA2DAC1EA8F38FEE394A4972C092E88154CC5DAEDA","persistence / interoperability","Executable test of the named contract/behavior","Test contract plus owning production block","test taxonomy / persistence / interoperability","TEST EVIDENCE / RETAIN AND TAXONOMIZE","Named test behavior and assertions in test/migration_test_database_selector_test.dart; source/test inventory plus Phase 4 characterization register.","BEHAVIORAL COVERAGE — assertion depth tied to named test","Protects compatibility, migration, locked contract or lifecycle behavior","Retain in target test taxonomy and map to migration seam","Current-tip migration/recovery relational-integrity closure rehearsal","DIRECTLY ANALYZED","","Protects migration test database selector test behavior; assertions cover the named contract/screen/lifecycle. File-level test traceability reviewed; future action=Retain in target test taxonomy and map to migration seam. Explicit test traceability fields reconciled. Explicit test traceability fields reconciled.","Protects migration test database selector test behavior; assertions cover the named contract/screen/lifecycle.","unit/domain/contract","behavioral regression evidence","persistence / interoperability","HIGH — migration/compatibility or protected contract","Retain in target test taxonomy and map to migration seam","YES","","","","","","","Protects migration test database selector test behavior; assertions cover the named contract/screen/lifecycle.","unit/domain/contract","YES","Named test behavior and assertions in test/migration_test_database_selector_test.dart; source/test inventory plus Phase 4 characterization register.","HIGH — migration/compatibility or protected contract","","",""
"TEST_DART","test/opc_local_license_parser_test.dart","18613","C2F9F2879EEAED34B8E22B54A1957E4FA00C730E0B4DF3EBB248E9CD60A52D63","identity/settings","Executable test of the named contract/behavior","Test contract plus owning production block","test taxonomy / identity/settings","TEST EVIDENCE / RETAIN AND TAXONOMIZE","Named test behavior and assertions in test/opc_local_license_parser_test.dart; source/test inventory plus Phase 4 characterization register.","BEHAVIORAL COVERAGE — assertion depth tied to named test","Protects compatibility, migration, locked contract or lifecycle behavior","Retain in target test taxonomy and map to migration seam","Identity/recovery and entitlement acceptance","DIRECTLY ANALYZED","","Protects opc local license parser test behavior; assertions cover the named contract/screen/lifecycle. File-level test traceability reviewed; future action=Retain in target test taxonomy and map to migration seam. Explicit test traceability fields reconciled. Explicit test traceability fields reconciled.","Protects opc local license parser test behavior; assertions cover the named contract/screen/lifecycle.","unit/domain/contract","behavioral regression evidence","identity/settings","HIGH — migration/compatibility or protected contract","Retain in target test taxonomy and map to migration seam","YES","","","","","","","Protects opc local license parser test behavior; assertions cover the named contract/screen/lifecycle.","unit/domain/contract","YES","Named test behavior and assertions in test/opc_local_license_parser_test.dart; source/test inventory plus Phase 4 characterization register.","HIGH — migration/compatibility or protected contract","","",""
"TEST_DART","test/owner_database_copy_migration_test.dart","1353","71EEDACB432ABB026198AA5FBBD57CA25C295F4817DCE3F437872808E916D31E","persistence / interoperability","Executable test of the named contract/behavior","Test contract plus owning production block","test taxonomy / persistence / interoperability","TEST EVIDENCE / RETAIN AND TAXONOMIZE","Named test behavior and assertions in test/owner_database_copy_migration_test.dart; source/test inventory plus Phase 4 characterization register.","BEHAVIORAL COVERAGE — assertion depth tied to named test","Protects compatibility, migration, locked contract or lifecycle behavior","Retain in target test taxonomy and map to migration seam","Current-tip migration/recovery relational-integrity closure rehearsal","DIRECTLY ANALYZED","","Protects owner database copy migration test behavior; assertions cover the named contract/screen/lifecycle. File-level test traceability reviewed; future action=Retain in target test taxonomy and map to migration seam. Explicit test traceability fields reconciled. Explicit test traceability fields reconciled.","Protects owner database copy migration test behavior; assertions cover the named contract/screen/lifecycle.","unit/domain/contract","behavioral regression evidence","persistence / interoperability","HIGH — migration/compatibility or protected contract","Retain in target test taxonomy and map to migration seam","YES","","","","","","","Protects owner database copy migration test behavior; assertions cover the named contract/screen/lifecycle.","unit/domain/contract","YES","Named test behavior and assertions in test/owner_database_copy_migration_test.dart; source/test inventory plus Phase 4 characterization register.","HIGH — migration/compatibility or protected contract","","",""
"TEST_DART","test/owner_scenario_policy_kernel_test.dart","6269","B2D8A40BE0A3D976DC2EF5D9F304FDC0EC709E0DFF151DB9C692FCBB79900920","SCENARIO / locked contracts","Executable test of the named contract/behavior","Test contract plus owning production block","test taxonomy / SCENARIO / locked contracts","TEST EVIDENCE / RETAIN AND TAXONOMIZE","Named test behavior and assertions in test/owner_scenario_policy_kernel_test.dart; source/test inventory plus Phase 4 characterization register.","BEHAVIORAL COVERAGE — assertion depth tied to named test","Protects compatibility, migration, locked contract or lifecycle behavior","Retain in target test taxonomy and map to migration seam","SCENARIO-locked compatibility characterization","DIRECTLY ANALYZED","","Protects owner scenario policy kernel test behavior; assertions cover the named contract/screen/lifecycle. File-level test traceability reviewed; future action=Retain in target test taxonomy and map to migration seam. Explicit test traceability fields reconciled. Explicit test traceability fields reconciled.","Protects owner scenario policy kernel test behavior; assertions cover the named contract/screen/lifecycle.","unit/domain/contract","behavioral regression evidence","SCENARIO / locked contracts","HIGH — migration/compatibility or protected contract","Retain in target test taxonomy and map to migration seam","YES","","","","","","","Protects owner scenario policy kernel test behavior; assertions cover the named contract/screen/lifecycle.","unit/domain/contract","YES","Named test behavior and assertions in test/owner_scenario_policy_kernel_test.dart; source/test inventory plus Phase 4 characterization register.","HIGH — migration/compatibility or protected contract","","",""
"TEST_DART","test/package_downgrade_migration_test.dart","6060","13EF126E29CA1E5114EC8DCA9362F0E1028EFC249A9CA86A9E97C610D11F5CDB","persistence / interoperability","Executable test of the named contract/behavior","Test contract plus owning production block","test taxonomy / persistence / interoperability","TEST EVIDENCE / RETAIN AND TAXONOMIZE","Named test behavior and assertions in test/package_downgrade_migration_test.dart; source/test inventory plus Phase 4 characterization register.","BEHAVIORAL COVERAGE — assertion depth tied to named test","Protects compatibility, migration, locked contract or lifecycle behavior","Retain in target test taxonomy and map to migration seam","Current-tip migration/recovery relational-integrity closure rehearsal","DIRECTLY ANALYZED","","Protects package downgrade migration test behavior; assertions cover the named contract/screen/lifecycle. File-level test traceability reviewed; future action=Retain in target test taxonomy and map to migration seam. Explicit test traceability fields reconciled. Explicit test traceability fields reconciled.","Protects package downgrade migration test behavior; assertions cover the named contract/screen/lifecycle.","unit/domain/contract","behavioral regression evidence","persistence / interoperability","HIGH — migration/compatibility or protected contract","Retain in target test taxonomy and map to migration seam","YES","","","","","","","Protects package downgrade migration test behavior; assertions cover the named contract/screen/lifecycle.","unit/domain/contract","YES","Named test behavior and assertions in test/package_downgrade_migration_test.dart; source/test inventory plus Phase 4 characterization register.","HIGH — migration/compatibility or protected contract","","",""
"TEST_DART","test/parte_module_screen_test.dart","17595","0E2F558140726C6FE0DD37483FAA5A7902D7535E1D79B5AD06F701A9D3B21EAB","PARTE / documents","Executable test of the named contract/behavior","Test contract plus owning production block","test taxonomy / PARTE / documents","TEST EVIDENCE / RETAIN AND TAXONOMIZE","Named test behavior and assertions in test/parte_module_screen_test.dart; source/test inventory plus Phase 4 characterization register.","BEHAVIORAL COVERAGE — assertion depth tied to named test","Protects compatibility, migration, locked contract or lifecycle behavior","Retain in target test taxonomy and map to migration seam","PARTE characterization/acceptance wave","DIRECTLY ANALYZED","","Protects parte module screen test behavior; assertions cover the named contract/screen/lifecycle. File-level test traceability reviewed; future action=Retain in target test taxonomy and map to migration seam. Explicit test traceability fields reconciled. Explicit test traceability fields reconciled.","Protects parte module screen test behavior; assertions cover the named contract/screen/lifecycle.","widget/smoke","behavioral regression evidence","PARTE / documents","HIGH — migration/compatibility or protected contract","Retain in target test taxonomy and map to migration seam","YES","","","","","","","Protects parte module screen test behavior; assertions cover the named contract/screen/lifecycle.","widget/smoke","YES","Named test behavior and assertions in test/parte_module_screen_test.dart; source/test inventory plus Phase 4 characterization register.","HIGH — migration/compatibility or protected contract","","",""
"TEST_DART","test/parte_print_preparation_domain_test.dart","37915","BC02D322C4D1D24BEB8AEF2508035D0EC8F2433CED77391BC65D29CFF918D509","PARTE / documents","Executable test of the named contract/behavior","Test contract plus owning production block","test taxonomy / PARTE / documents","TEST EVIDENCE / RETAIN AND TAXONOMIZE","Named test behavior and assertions in test/parte_print_preparation_domain_test.dart; source/test inventory plus Phase 4 characterization register.","BEHAVIORAL COVERAGE — assertion depth tied to named test","Protects compatibility, migration, locked contract or lifecycle behavior","Retain in target test taxonomy and map to migration seam","PARTE characterization/acceptance wave","DIRECTLY ANALYZED","","Protects parte print preparation domain test behavior; assertions cover the named contract/screen/lifecycle. File-level test traceability reviewed; future action=Retain in target test taxonomy and map to migration seam. Explicit test traceability fields reconciled. Explicit test traceability fields reconciled.","Protects parte print preparation domain test behavior; assertions cover the named contract/screen/lifecycle.","unit/domain/contract","behavioral regression evidence","PARTE / documents","HIGH — migration/compatibility or protected contract","Retain in target test taxonomy and map to migration seam","YES","","","","","","","Protects parte print preparation domain test behavior; assertions cover the named contract/screen/lifecycle.","unit/domain/contract","YES","Named test behavior and assertions in test/parte_print_preparation_domain_test.dart; source/test inventory plus Phase 4 characterization register.","HIGH — migration/compatibility or protected contract","","",""
"TEST_DART","test/parte_print_preparation_json_test.dart","9493","54C73FAC4485CF9EDC23A46406DD2E775EFF58EA7805DCE0695E6E69F3A7F464","PARTE / documents","Executable test of the named contract/behavior","Test contract plus owning production block","test taxonomy / PARTE / documents","TEST EVIDENCE / RETAIN AND TAXONOMIZE","Named test behavior and assertions in test/parte_print_preparation_json_test.dart; source/test inventory plus Phase 4 characterization register.","BEHAVIORAL COVERAGE — assertion depth tied to named test","Protects compatibility, migration, locked contract or lifecycle behavior","Retain in target test taxonomy and map to migration seam","PARTE characterization/acceptance wave","DIRECTLY ANALYZED","","Protects parte print preparation json test behavior; assertions cover the named contract/screen/lifecycle. File-level test traceability reviewed; future action=Retain in target test taxonomy and map to migration seam. Explicit test traceability fields reconciled. Explicit test traceability fields reconciled.","Protects parte print preparation json test behavior; assertions cover the named contract/screen/lifecycle.","unit/domain/contract","behavioral regression evidence","PARTE / documents","HIGH — migration/compatibility or protected contract","Retain in target test taxonomy and map to migration seam","YES","","","","","","","Protects parte print preparation json test behavior; assertions cover the named contract/screen/lifecycle.","unit/domain/contract","YES","Named test behavior and assertions in test/parte_print_preparation_json_test.dart; source/test inventory plus Phase 4 characterization register.","HIGH — migration/compatibility or protected contract","","",""
"TEST_DART","test/parte_print_preparation_pdf_completion_test.dart","26794","35B8E20C91D5546AEAA56D65F403BB62416EAD99AEE6CFA8D764B58AA6BCC28C","PARTE / documents","Executable test of the named contract/behavior","Test contract plus owning production block","test taxonomy / PARTE / documents","TEST EVIDENCE / RETAIN AND TAXONOMIZE","Named test behavior and assertions in test/parte_print_preparation_pdf_completion_test.dart; source/test inventory plus Phase 4 characterization register.","BEHAVIORAL COVERAGE — assertion depth tied to named test","Protects compatibility, migration, locked contract or lifecycle behavior","Retain in target test taxonomy and map to migration seam","PARTE characterization/acceptance wave","DIRECTLY ANALYZED","","Protects parte print preparation pdf completion test behavior; assertions cover the named contract/screen/lifecycle. File-level test traceability reviewed; future action=Retain in target test taxonomy and map to migration seam. Explicit test traceability fields reconciled. Explicit test traceability fields reconciled.","Protects parte print preparation pdf completion test behavior; assertions cover the named contract/screen/lifecycle.","unit/domain/contract","behavioral regression evidence","PARTE / documents","HIGH — migration/compatibility or protected contract","Retain in target test taxonomy and map to migration seam","YES","","","","","","","Protects parte print preparation pdf completion test behavior; assertions cover the named contract/screen/lifecycle.","unit/domain/contract","YES","Named test behavior and assertions in test/parte_print_preparation_pdf_completion_test.dart; source/test inventory plus Phase 4 characterization register.","HIGH — migration/compatibility or protected contract","","",""
"TEST_DART","test/parte_schema_20_migration_test.dart","2013","1327765E3DCFC1D950D4C75AF63B7B58E44BEEFFFCB24AC0414B206FFA613770","PARTE / documents","Executable test of the named contract/behavior","Test contract plus owning production block","test taxonomy / PARTE / documents","TEST EVIDENCE / RETAIN AND TAXONOMIZE","Named test behavior and assertions in test/parte_schema_20_migration_test.dart; source/test inventory plus Phase 4 characterization register.","BEHAVIORAL COVERAGE — assertion depth tied to named test","Protects compatibility, migration, locked contract or lifecycle behavior","Retain in target test taxonomy and map to migration seam","PARTE characterization/acceptance wave","DIRECTLY ANALYZED","","Protects parte schema 20 migration test behavior; assertions cover the named contract/screen/lifecycle. File-level test traceability reviewed; future action=Retain in target test taxonomy and map to migration seam. Explicit test traceability fields reconciled. Explicit test traceability fields reconciled.","Protects parte schema 20 migration test behavior; assertions cover the named contract/screen/lifecycle.","unit/domain/contract","behavioral regression evidence","PARTE / documents","HIGH — migration/compatibility or protected contract","Retain in target test taxonomy and map to migration seam","YES","","","","","","","Protects parte schema 20 migration test behavior; assertions cover the named contract/screen/lifecycle.","unit/domain/contract","YES","Named test behavior and assertions in test/parte_schema_20_migration_test.dart; source/test inventory plus Phase 4 characterization register.","HIGH — migration/compatibility or protected contract","","",""
"TEST_DART","test/parte_segment_ui_test.dart","4104","FA366CD8D646C4018A5F052B172496892B6250656CF56DF24AE3426E0F3E9FEA","PARTE / documents","Executable test of the named contract/behavior","Test contract plus owning production block","test taxonomy / PARTE / documents","TEST EVIDENCE / RETAIN AND TAXONOMIZE","Named test behavior and assertions in test/parte_segment_ui_test.dart; source/test inventory plus Phase 4 characterization register.","BEHAVIORAL COVERAGE — assertion depth tied to named test","Protects compatibility, migration, locked contract or lifecycle behavior","Retain in target test taxonomy and map to migration seam","PARTE characterization/acceptance wave","DIRECTLY ANALYZED","","Protects parte segment ui test behavior; assertions cover the named contract/screen/lifecycle. File-level test traceability reviewed; future action=Retain in target test taxonomy and map to migration seam. Explicit test traceability fields reconciled. Explicit test traceability fields reconciled.","Protects parte segment ui test behavior; assertions cover the named contract/screen/lifecycle.","widget/smoke","behavioral regression evidence","PARTE / documents","HIGH — migration/compatibility or protected contract","Retain in target test taxonomy and map to migration seam","YES","","","","","","","Protects parte segment ui test behavior; assertions cover the named contract/screen/lifecycle.","widget/smoke","YES","Named test behavior and assertions in test/parte_segment_ui_test.dart; source/test inventory plus Phase 4 characterization register.","HIGH — migration/compatibility or protected contract","","",""
"TEST_DART","test/pdf_memorandum_identity_rows_test.dart","769","DA09C3C91AC39B2AF4F69609CC20E8CECE9468D5DE77B17E8C4A7BB2B3ABB9BF","documents / PDF","Executable test of the named contract/behavior","Test contract plus owning production block","test taxonomy / documents / PDF","TEST EVIDENCE / RETAIN AND TAXONOMIZE","Named test behavior and assertions in test/pdf_memorandum_identity_rows_test.dart; source/test inventory plus Phase 4 characterization register.","BEHAVIORAL COVERAGE — assertion depth tied to named test","Protects owning block behavior; no external format obligation identified","Retain in target test taxonomy and map to migration seam","Document fidelity characterization before adapter split","DIRECTLY ANALYZED","","Protects pdf memorandum identity rows test behavior; assertions cover the named contract/screen/lifecycle. File-level test traceability reviewed; future action=Retain in target test taxonomy and map to migration seam. Explicit test traceability fields reconciled. Explicit test traceability fields reconciled.","Protects pdf memorandum identity rows test behavior; assertions cover the named contract/screen/lifecycle.","unit/domain/contract","behavioral regression evidence","documents / PDF","MEDIUM — feature behavior","Retain in target test taxonomy and map to migration seam","NO","","","","","","","Protects pdf memorandum identity rows test behavior; assertions cover the named contract/screen/lifecycle.","unit/domain/contract","NO","Named test behavior and assertions in test/pdf_memorandum_identity_rows_test.dart; source/test inventory plus Phase 4 characterization register.","MEDIUM — feature behavior","","",""
"TEST_DART","test/phase3_scenario_iriu_mutation_characterization_test.dart","9387","8A65216207A9CAED404798C84B525BAE96F938D878148C32AB3A2243A87995BF","SCENARIO / locked contracts","Executable test of the named contract/behavior","Test contract plus owning production block","test taxonomy / SCENARIO / locked contracts","TEST EVIDENCE / RETAIN AND TAXONOMIZE","Named test behavior and assertions in test/phase3_scenario_iriu_mutation_characterization_test.dart; source/test inventory plus Phase 4 characterization register.","DIRECT CHARACTERIZATION / REGRESSION","Protects compatibility, migration, locked contract or lifecycle behavior","Retain in target test taxonomy and map to migration seam","SCENARIO-locked compatibility characterization","DIRECTLY ANALYZED","","Protects phase3 scenario iriu mutation characterization test behavior; assertions cover the named contract/screen/lifecycle. File-level test traceability reviewed; future action=Retain in target test taxonomy and map to migration seam. Explicit test traceability fields reconciled. Explicit test traceability fields reconciled.","Protects phase3 scenario iriu mutation characterization test behavior; assertions cover the named contract/screen/lifecycle.","unit/domain/contract","characterization/regression proof","SCENARIO / locked contracts","HIGH — migration/compatibility or protected contract","Retain in target test taxonomy and map to migration seam","YES","","","","","","","Protects phase3 scenario iriu mutation characterization test behavior; assertions cover the named contract/screen/lifecycle.","unit/domain/contract","YES","Named test behavior and assertions in test/phase3_scenario_iriu_mutation_characterization_test.dart; source/test inventory plus Phase 4 characterization register.","HIGH — migration/compatibility or protected contract","","",""
"TEST_DART","test/podesavanja_screen_smoke_test.dart","6248","DADD34EAD4F5F53285C9A80F1A2BB23BE283EB3158F9385923044F26DAD0DFC5","presentation/UI","Executable test of the named contract/behavior","Test contract plus owning production block","test taxonomy / presentation/UI","TEST EVIDENCE / RETAIN AND TAXONOMIZE","Named test behavior and assertions in test/podesavanja_screen_smoke_test.dart; source/test inventory plus Phase 4 characterization register.","BEHAVIORAL COVERAGE — assertion depth tied to named test","Protects owning block behavior; no external format obligation identified","Retain in target test taxonomy and map to migration seam","PREDMET runtime/lifecycle acceptance","DIRECTLY ANALYZED","","Protects podesavanja screen smoke test behavior; assertions cover the named contract/screen/lifecycle. File-level test traceability reviewed; future action=Retain in target test taxonomy and map to migration seam. Explicit test traceability fields reconciled. Explicit test traceability fields reconciled.","Protects podesavanja screen smoke test behavior; assertions cover the named contract/screen/lifecycle.","widget/smoke","behavioral regression evidence","presentation/UI","MEDIUM — feature behavior","Retain in target test taxonomy and map to migration seam","NO","","","","","","","Protects podesavanja screen smoke test behavior; assertions cover the named contract/screen/lifecycle.","widget/smoke","NO","Named test behavior and assertions in test/podesavanja_screen_smoke_test.dart; source/test inventory plus Phase 4 characterization register.","MEDIUM — feature behavior","","",""
"TEST_DART","test/podsetnik_module_screen_test.dart","4009","E118DAA1FA450A4C7995DC1D7217EB1D85B70E59B54D358C3340EA636A51B7EE","PODSETNIK / reminders","Executable test of the named contract/behavior","Test contract plus owning production block","test taxonomy / PODSETNIK / reminders","TEST EVIDENCE / RETAIN AND TAXONOMIZE","Named test behavior and assertions in test/podsetnik_module_screen_test.dart; source/test inventory plus Phase 4 characterization register.","BEHAVIORAL COVERAGE — assertion depth tied to named test","Protects owning block behavior; no external format obligation identified","Retain in target test taxonomy and map to migration seam","Derived reminder/PARTE replacement-state semantic acceptance","DIRECTLY ANALYZED","","Protects podsetnik module screen test behavior; assertions cover the named contract/screen/lifecycle. File-level test traceability reviewed; future action=Retain in target test taxonomy and map to migration seam. Explicit test traceability fields reconciled. Explicit test traceability fields reconciled.","Protects podsetnik module screen test behavior; assertions cover the named contract/screen/lifecycle.","widget/smoke","behavioral regression evidence","PODSETNIK / reminders","MEDIUM — feature behavior","Retain in target test taxonomy and map to migration seam","NO","","","","","","","Protects podsetnik module screen test behavior; assertions cover the named contract/screen/lifecycle.","widget/smoke","NO","Named test behavior and assertions in test/podsetnik_module_screen_test.dart; source/test inventory plus Phase 4 characterization register.","MEDIUM — feature behavior","","",""
"TEST_DART","test/predmet_completion_state_characterization_test.dart","7221","5B8926E02E363AA1E706AD0C64FA5E40B17F240B45F46848E550A36838BE8E1C","cross-cutting test support","Executable test of the named contract/behavior","Test contract plus owning production block","test taxonomy / cross-cutting test support","TEST EVIDENCE / RETAIN AND TAXONOMIZE","Named test behavior and assertions in test/predmet_completion_state_characterization_test.dart; source/test inventory plus Phase 4 characterization register.","DIRECT CHARACTERIZATION / REGRESSION","Protects compatibility, migration, locked contract or lifecycle behavior","Retain in target test taxonomy and map to migration seam","PREDMET runtime/lifecycle acceptance","DIRECTLY ANALYZED","","Protects predmet completion state characterization test behavior; assertions cover the named contract/screen/lifecycle. File-level test traceability reviewed; future action=Retain in target test taxonomy and map to migration seam. Explicit test traceability fields reconciled. Explicit test traceability fields reconciled.","Protects predmet completion state characterization test behavior; assertions cover the named contract/screen/lifecycle.","unit/domain/contract","characterization/regression proof","cross-cutting test support","HIGH — migration/compatibility or protected contract","Retain in target test taxonomy and map to migration seam","YES","","","","","","","Protects predmet completion state characterization test behavior; assertions cover the named contract/screen/lifecycle.","unit/domain/contract","YES","Named test behavior and assertions in test/predmet_completion_state_characterization_test.dart; source/test inventory plus Phase 4 characterization register.","HIGH — migration/compatibility or protected contract","","",""
"TEST_DART","test/predmet_hard_delete_lifecycle_coordinator_test.dart","12658","69E302596B8FE0659B9758E4E2325C4A7EE4FC96FFCA608C3BC7C6A5156EAEE3","cross-cutting test support","Executable test of the named contract/behavior","Test contract plus owning production block","test taxonomy / cross-cutting test support","TEST EVIDENCE / RETAIN AND TAXONOMIZE","Named test behavior and assertions in test/predmet_hard_delete_lifecycle_coordinator_test.dart; source/test inventory plus Phase 4 characterization register.","BEHAVIORAL COVERAGE — assertion depth tied to named test","Protects compatibility, migration, locked contract or lifecycle behavior","Retain in target test taxonomy and map to migration seam","PREDMET runtime/lifecycle acceptance","DIRECTLY ANALYZED","","Protects predmet hard delete lifecycle coordinator test behavior; assertions cover the named contract/screen/lifecycle. File-level test traceability reviewed; future action=Retain in target test taxonomy and map to migration seam. Explicit test traceability fields reconciled. Explicit test traceability fields reconciled.","Protects predmet hard delete lifecycle coordinator test behavior; assertions cover the named contract/screen/lifecycle.","unit/domain/contract","behavioral regression evidence","cross-cutting test support","HIGH — migration/compatibility or protected contract","Retain in target test taxonomy and map to migration seam","YES","","","","","","","Protects predmet hard delete lifecycle coordinator test behavior; assertions cover the named contract/screen/lifecycle.","unit/domain/contract","YES","Named test behavior and assertions in test/predmet_hard_delete_lifecycle_coordinator_test.dart; source/test inventory plus Phase 4 characterization register.","HIGH — migration/compatibility or protected contract","","",""
"TEST_DART","test/predmet_lifecycle_referential_characterization_test.dart","10821","0CEE9743D0BCE35002270229AACAC18F1A8A7E42EBD49B4CDE484BA521732E5C","cross-cutting test support","Executable test of the named contract/behavior","Test contract plus owning production block","test taxonomy / cross-cutting test support","TEST EVIDENCE / RETAIN AND TAXONOMIZE","Named test behavior and assertions in test/predmet_lifecycle_referential_characterization_test.dart; source/test inventory plus Phase 4 characterization register.","DIRECT CHARACTERIZATION / REGRESSION","Protects compatibility, migration, locked contract or lifecycle behavior","Retain in target test taxonomy and map to migration seam","PREDMET runtime/lifecycle acceptance","DIRECTLY ANALYZED","","Protects predmet lifecycle referential characterization test behavior; assertions cover the named contract/screen/lifecycle. File-level test traceability reviewed; future action=Retain in target test taxonomy and map to migration seam. Explicit test traceability fields reconciled. Explicit test traceability fields reconciled.","Protects predmet lifecycle referential characterization test behavior; assertions cover the named contract/screen/lifecycle.","unit/domain/contract","characterization/regression proof","cross-cutting test support","HIGH — migration/compatibility or protected contract","Retain in target test taxonomy and map to migration seam","YES","","","","","","","Protects predmet lifecycle referential characterization test behavior; assertions cover the named contract/screen/lifecycle.","unit/domain/contract","YES","Named test behavior and assertions in test/predmet_lifecycle_referential_characterization_test.dart; source/test inventory plus Phase 4 characterization register.","HIGH — migration/compatibility or protected contract","","",""
"TEST_DART","test/predmet_scenario_application_contract_test.dart","6069","979A3B74FF992594D58A8A5AF4675E7676445079B6EE8A1A74A5DDFEFE4FFF3A","SCENARIO / locked contracts","Executable test of the named contract/behavior","Test contract plus owning production block","test taxonomy / SCENARIO / locked contracts","TEST EVIDENCE / RETAIN AND TAXONOMIZE","Named test behavior and assertions in test/predmet_scenario_application_contract_test.dart; source/test inventory plus Phase 4 characterization register.","DIRECT CHARACTERIZATION / REGRESSION","Protects compatibility, migration, locked contract or lifecycle behavior","Retain in target test taxonomy and map to migration seam","SCENARIO-locked compatibility characterization","DIRECTLY ANALYZED","","Protects predmet scenario application contract test behavior; assertions cover the named contract/screen/lifecycle. File-level test traceability reviewed; future action=Retain in target test taxonomy and map to migration seam. Explicit test traceability fields reconciled. Explicit test traceability fields reconciled.","Protects predmet scenario application contract test behavior; assertions cover the named contract/screen/lifecycle.","unit/domain/contract","characterization/regression proof","SCENARIO / locked contracts","HIGH — migration/compatibility or protected contract","Retain in target test taxonomy and map to migration seam","YES","","","","","","","Protects predmet scenario application contract test behavior; assertions cover the named contract/screen/lifecycle.","unit/domain/contract","YES","Named test behavior and assertions in test/predmet_scenario_application_contract_test.dart; source/test inventory plus Phase 4 characterization register.","HIGH — migration/compatibility or protected contract","","",""
"TEST_DART","test/preminulo_lice_status_options_test.dart","551","5A82F3B5EEF1F74CEADBA5A2AA327CCF499B52B76ADEC1E955661EBB6B1E5D3D","cross-cutting test support","Executable test of the named contract/behavior","Test contract plus owning production block","test taxonomy / cross-cutting test support","TEST EVIDENCE / RETAIN AND TAXONOMIZE","Named test behavior and assertions in test/preminulo_lice_status_options_test.dart; source/test inventory plus Phase 4 characterization register.","BEHAVIORAL COVERAGE — assertion depth tied to named test","Protects owning block behavior; no external format obligation identified","Retain in target test taxonomy and map to migration seam","Cross-feature compatibility characterization and migration-seam acceptance","DIRECTLY ANALYZED","","Protects preminulo lice status options test behavior; assertions cover the named contract/screen/lifecycle. File-level test traceability reviewed; future action=Retain in target test taxonomy and map to migration seam. Explicit test traceability fields reconciled. Explicit test traceability fields reconciled.","Protects preminulo lice status options test behavior; assertions cover the named contract/screen/lifecycle.","unit/domain/contract","behavioral regression evidence","cross-cutting test support","MEDIUM — feature behavior","Retain in target test taxonomy and map to migration seam","NO","","","","","","","Protects preminulo lice status options test behavior; assertions cover the named contract/screen/lifecycle.","unit/domain/contract","NO","Named test behavior and assertions in test/preminulo_lice_status_options_test.dart; source/test inventory plus Phase 4 characterization register.","MEDIUM — feature behavior","","",""
"TEST_DART","test/presentation_potpun_entitlement_test.dart","7904","C5BC759E80D51F301DFF29C6A5060CF7860E892460862EE1A2D794E5674F190F","identity/settings","Executable test of the named contract/behavior","Test contract plus owning production block","test taxonomy / identity/settings","TEST EVIDENCE / RETAIN AND TAXONOMIZE","Named test behavior and assertions in test/presentation_potpun_entitlement_test.dart; source/test inventory plus Phase 4 characterization register.","BEHAVIORAL COVERAGE — assertion depth tied to named test","Protects compatibility, migration, locked contract or lifecycle behavior","Retain in target test taxonomy and map to migration seam","Identity/recovery and entitlement acceptance","DIRECTLY ANALYZED","","Protects presentation potpun entitlement test behavior; assertions cover the named contract/screen/lifecycle. File-level test traceability reviewed; future action=Retain in target test taxonomy and map to migration seam. Explicit test traceability fields reconciled. Explicit test traceability fields reconciled.","Protects presentation potpun entitlement test behavior; assertions cover the named contract/screen/lifecycle.","unit/domain/contract","behavioral regression evidence","identity/settings","HIGH — migration/compatibility or protected contract","Retain in target test taxonomy and map to migration seam","YES","","","","","","","Protects presentation potpun entitlement test behavior; assertions cover the named contract/screen/lifecycle.","unit/domain/contract","YES","Named test behavior and assertions in test/presentation_potpun_entitlement_test.dart; source/test inventory plus Phase 4 characterization register.","HIGH — migration/compatibility or protected contract","","",""
"TEST_DART","test/scenario_default_policy_characterization_test.dart","7009","87F21611058404FEE71A27A7D3F9A033A6C3FE7CD258D84C49F57555B9105666","SCENARIO / locked contracts","Executable test of the named contract/behavior","Test contract plus owning production block","test taxonomy / SCENARIO / locked contracts","TEST EVIDENCE / RETAIN AND TAXONOMIZE","Named test behavior and assertions in test/scenario_default_policy_characterization_test.dart; source/test inventory plus Phase 4 characterization register.","DIRECT CHARACTERIZATION / REGRESSION","Protects compatibility, migration, locked contract or lifecycle behavior","Retain in target test taxonomy and map to migration seam","SCENARIO-locked compatibility characterization","DIRECTLY ANALYZED","","Protects scenario default policy characterization test behavior; assertions cover the named contract/screen/lifecycle. File-level test traceability reviewed; future action=Retain in target test taxonomy and map to migration seam. Explicit test traceability fields reconciled. Explicit test traceability fields reconciled.","Protects scenario default policy characterization test behavior; assertions cover the named contract/screen/lifecycle.","unit/domain/contract","characterization/regression proof","SCENARIO / locked contracts","HIGH — migration/compatibility or protected contract","Retain in target test taxonomy and map to migration seam","YES","","","","","","","Protects scenario default policy characterization test behavior; assertions cover the named contract/screen/lifecycle.","unit/domain/contract","YES","Named test behavior and assertions in test/scenario_default_policy_characterization_test.dart; source/test inventory plus Phase 4 characterization register.","HIGH — migration/compatibility or protected contract","","",""
"TEST_DART","test/scenario_editable_business_policy_test.dart","5548","618F00CFF8336F781274AB8F24ABFCC6E813322B207C2C3BC0EBE6E77F10ED52","SCENARIO / locked contracts","Executable test of the named contract/behavior","Test contract plus owning production block","test taxonomy / SCENARIO / locked contracts","TEST EVIDENCE / RETAIN AND TAXONOMIZE","Named test behavior and assertions in test/scenario_editable_business_policy_test.dart; source/test inventory plus Phase 4 characterization register.","BEHAVIORAL COVERAGE — assertion depth tied to named test","Protects compatibility, migration, locked contract or lifecycle behavior","Retain in target test taxonomy and map to migration seam","SCENARIO-locked compatibility characterization","DIRECTLY ANALYZED","","Protects scenario editable business policy test behavior; assertions cover the named contract/screen/lifecycle. File-level test traceability reviewed; future action=Retain in target test taxonomy and map to migration seam. Explicit test traceability fields reconciled. Explicit test traceability fields reconciled.","Protects scenario editable business policy test behavior; assertions cover the named contract/screen/lifecycle.","unit/domain/contract","behavioral regression evidence","SCENARIO / locked contracts","HIGH — migration/compatibility or protected contract","Retain in target test taxonomy and map to migration seam","YES","","","","","","","Protects scenario editable business policy test behavior; assertions cover the named contract/screen/lifecycle.","unit/domain/contract","YES","Named test behavior and assertions in test/scenario_editable_business_policy_test.dart; source/test inventory plus Phase 4 characterization register.","HIGH — migration/compatibility or protected contract","","",""
"TEST_DART","test/scenario_end_to_end_runtime_forensic_stabilization_test.dart","9509","D55B97D20E9230A70BFA18C69185B5919650B3B28F13F54535F876C87BD7237F","SCENARIO / locked contracts","Executable test of the named contract/behavior","Test contract plus owning production block","test taxonomy / SCENARIO / locked contracts","TEST EVIDENCE / RETAIN AND TAXONOMIZE","Named test behavior and assertions in test/scenario_end_to_end_runtime_forensic_stabilization_test.dart; source/test inventory plus Phase 4 characterization register.","DIRECT CHARACTERIZATION / REGRESSION","Protects compatibility, migration, locked contract or lifecycle behavior","Retain in target test taxonomy and map to migration seam","SCENARIO-locked compatibility characterization","DIRECTLY ANALYZED","","Protects scenario end to end runtime forensic stabilization test behavior; assertions cover the named contract/screen/lifecycle. File-level test traceability reviewed; future action=Retain in target test taxonomy and map to migration seam. Explicit test traceability fields reconciled. Explicit test traceability fields reconciled.","Protects scenario end to end runtime forensic stabilization test behavior; assertions cover the named contract/screen/lifecycle.","unit/domain/contract","characterization/regression proof","SCENARIO / locked contracts","HIGH — migration/compatibility or protected contract","Retain in target test taxonomy and map to migration seam","YES","","","","","","","Protects scenario end to end runtime forensic stabilization test behavior; assertions cover the named contract/screen/lifecycle.","unit/domain/contract","YES","Named test behavior and assertions in test/scenario_end_to_end_runtime_forensic_stabilization_test.dart; source/test inventory plus Phase 4 characterization register.","HIGH — migration/compatibility or protected contract","","",""
"TEST_DART","test/scenario_iriu_change_diff_lifecycle_test.dart","14535","6E439557F25F4C19BFE5774411368BA0A5949F5B2F2E8C3DC271B80D504194DE","SCENARIO / locked contracts","Executable test of the named contract/behavior","Test contract plus owning production block","test taxonomy / SCENARIO / locked contracts","TEST EVIDENCE / RETAIN AND TAXONOMIZE","Named test behavior and assertions in test/scenario_iriu_change_diff_lifecycle_test.dart; source/test inventory plus Phase 4 characterization register.","BEHAVIORAL COVERAGE — assertion depth tied to named test","Protects compatibility, migration, locked contract or lifecycle behavior","Retain in target test taxonomy and map to migration seam","SCENARIO-locked compatibility characterization","DIRECTLY ANALYZED","","Protects scenario iriu change diff lifecycle test behavior; assertions cover the named contract/screen/lifecycle. File-level test traceability reviewed; future action=Retain in target test taxonomy and map to migration seam. Explicit test traceability fields reconciled. Explicit test traceability fields reconciled.","Protects scenario iriu change diff lifecycle test behavior; assertions cover the named contract/screen/lifecycle.","unit/domain/contract","behavioral regression evidence","SCENARIO / locked contracts","HIGH — migration/compatibility or protected contract","Retain in target test taxonomy and map to migration seam","YES","","","","","","","Protects scenario iriu change diff lifecycle test behavior; assertions cover the named contract/screen/lifecycle.","unit/domain/contract","YES","Named test behavior and assertions in test/scenario_iriu_change_diff_lifecycle_test.dart; source/test inventory plus Phase 4 characterization register.","HIGH — migration/compatibility or protected contract","","",""
"TEST_DART","test/scenario_map_1008_golden_consistency_test.dart","10560","1CFAFBBE5A46B505C5BEA6DAD4544DE3C7DDA0772A4F42BD9F42B6756C26926C","SCENARIO / locked contracts","Executable test of the named contract/behavior","Test contract plus owning production block","test taxonomy / SCENARIO / locked contracts","TEST EVIDENCE / RETAIN AND TAXONOMIZE","Named test behavior and assertions in test/scenario_map_1008_golden_consistency_test.dart; source/test inventory plus Phase 4 characterization register.","DIRECT CHARACTERIZATION / REGRESSION","Protects compatibility, migration, locked contract or lifecycle behavior","Retain in target test taxonomy and map to migration seam","SCENARIO-locked compatibility characterization","DIRECTLY ANALYZED","","Protects scenario map 1008 golden consistency test behavior; assertions cover the named contract/screen/lifecycle. File-level test traceability reviewed; future action=Retain in target test taxonomy and map to migration seam. Explicit test traceability fields reconciled. Explicit test traceability fields reconciled.","Protects scenario map 1008 golden consistency test behavior; assertions cover the named contract/screen/lifecycle.","unit/domain/contract","characterization/regression proof","SCENARIO / locked contracts","HIGH — migration/compatibility or protected contract","Retain in target test taxonomy and map to migration seam","YES","","","","","","","Protects scenario map 1008 golden consistency test behavior; assertions cover the named contract/screen/lifecycle.","unit/domain/contract","YES","Named test behavior and assertions in test/scenario_map_1008_golden_consistency_test.dart; source/test inventory plus Phase 4 characterization register.","HIGH — migration/compatibility or protected contract","","",""
"TEST_DART","test/scenario_module_narrow_responsive_test.dart","3866","A54295601E83470F8508729DC0DD14E497DD337294B242CCED0222D84DF41BD4","SCENARIO / locked contracts","Executable test of the named contract/behavior","Test contract plus owning production block","test taxonomy / SCENARIO / locked contracts","TEST EVIDENCE / RETAIN AND TAXONOMIZE","Named test behavior and assertions in test/scenario_module_narrow_responsive_test.dart; source/test inventory plus Phase 4 characterization register.","BEHAVIORAL COVERAGE — assertion depth tied to named test","Protects compatibility, migration, locked contract or lifecycle behavior","Retain in target test taxonomy and map to migration seam","SCENARIO-locked compatibility characterization","DIRECTLY ANALYZED","","Protects scenario module narrow responsive test behavior; assertions cover the named contract/screen/lifecycle. File-level test traceability reviewed; future action=Retain in target test taxonomy and map to migration seam. Explicit test traceability fields reconciled. Explicit test traceability fields reconciled.","Protects scenario module narrow responsive test behavior; assertions cover the named contract/screen/lifecycle.","unit/domain/contract","behavioral regression evidence","SCENARIO / locked contracts","HIGH — migration/compatibility or protected contract","Retain in target test taxonomy and map to migration seam","YES","","","","","","","Protects scenario module narrow responsive test behavior; assertions cover the named contract/screen/lifecycle.","unit/domain/contract","YES","Named test behavior and assertions in test/scenario_module_narrow_responsive_test.dart; source/test inventory plus Phase 4 characterization register.","HIGH — migration/compatibility or protected contract","","",""
"TEST_DART","test/scenario_module_repository_test.dart","28781","FBD46A9BDB94BBCA5C0D7353437E45418A41E258EDD49F6BCF8D01AE61A210F1","SCENARIO / locked contracts","Executable test of the named contract/behavior","Test contract plus owning production block","test taxonomy / SCENARIO / locked contracts","TEST EVIDENCE / RETAIN AND TAXONOMIZE","Named test behavior and assertions in test/scenario_module_repository_test.dart; source/test inventory plus Phase 4 characterization register.","BEHAVIORAL COVERAGE — assertion depth tied to named test","Protects compatibility, migration, locked contract or lifecycle behavior","Retain in target test taxonomy and map to migration seam","SCENARIO-locked compatibility characterization","DIRECTLY ANALYZED","","Protects scenario module repository test behavior; assertions cover the named contract/screen/lifecycle. File-level test traceability reviewed; future action=Retain in target test taxonomy and map to migration seam. Explicit test traceability fields reconciled. Explicit test traceability fields reconciled.","Protects scenario module repository test behavior; assertions cover the named contract/screen/lifecycle.","unit/domain/contract","behavioral regression evidence","SCENARIO / locked contracts","HIGH — migration/compatibility or protected contract","Retain in target test taxonomy and map to migration seam","YES","","","","","","","Protects scenario module repository test behavior; assertions cover the named contract/screen/lifecycle.","unit/domain/contract","YES","Named test behavior and assertions in test/scenario_module_repository_test.dart; source/test inventory plus Phase 4 characterization register.","HIGH — migration/compatibility or protected contract","","",""
"TEST_DART","test/scenario_module_screen_test.dart","13323","77A1B6D261774C453A0F3C98144D085ED67345569022D1B16D23DB0A69D8ABFB","SCENARIO / locked contracts","Executable test of the named contract/behavior","Test contract plus owning production block","test taxonomy / SCENARIO / locked contracts","TEST EVIDENCE / RETAIN AND TAXONOMIZE","Named test behavior and assertions in test/scenario_module_screen_test.dart; source/test inventory plus Phase 4 characterization register.","BEHAVIORAL COVERAGE — assertion depth tied to named test","Protects compatibility, migration, locked contract or lifecycle behavior","Retain in target test taxonomy and map to migration seam","SCENARIO-locked compatibility characterization","DIRECTLY ANALYZED","","Protects scenario module screen test behavior; assertions cover the named contract/screen/lifecycle. File-level test traceability reviewed; future action=Retain in target test taxonomy and map to migration seam. Explicit test traceability fields reconciled. Explicit test traceability fields reconciled.","Protects scenario module screen test behavior; assertions cover the named contract/screen/lifecycle.","widget/smoke","behavioral regression evidence","SCENARIO / locked contracts","HIGH — migration/compatibility or protected contract","Retain in target test taxonomy and map to migration seam","YES","","","","","","","Protects scenario module screen test behavior; assertions cover the named contract/screen/lifecycle.","widget/smoke","YES","Named test behavior and assertions in test/scenario_module_screen_test.dart; source/test inventory plus Phase 4 characterization register.","HIGH — migration/compatibility or protected contract","","",""
"TEST_DART","test/scenario_open_predmet_bounded_detail_test.dart","5251","9A2AD519939F9D1619DC9687E960319DE34C75EF35A257C87B3B8924BB5C0DD9","SCENARIO / locked contracts","Executable test of the named contract/behavior","Test contract plus owning production block","test taxonomy / SCENARIO / locked contracts","TEST EVIDENCE / RETAIN AND TAXONOMIZE","Named test behavior and assertions in test/scenario_open_predmet_bounded_detail_test.dart; source/test inventory plus Phase 4 characterization register.","BEHAVIORAL COVERAGE — assertion depth tied to named test","Protects compatibility, migration, locked contract or lifecycle behavior","Retain in target test taxonomy and map to migration seam","SCENARIO-locked compatibility characterization","DIRECTLY ANALYZED","","Protects scenario open predmet bounded detail test behavior; assertions cover the named contract/screen/lifecycle. File-level test traceability reviewed; future action=Retain in target test taxonomy and map to migration seam. Explicit test traceability fields reconciled. Explicit test traceability fields reconciled.","Protects scenario open predmet bounded detail test behavior; assertions cover the named contract/screen/lifecycle.","unit/domain/contract","behavioral regression evidence","SCENARIO / locked contracts","HIGH — migration/compatibility or protected contract","Retain in target test taxonomy and map to migration seam","YES","","","","","","","Protects scenario open predmet bounded detail test behavior; assertions cover the named contract/screen/lifecycle.","unit/domain/contract","YES","Named test behavior and assertions in test/scenario_open_predmet_bounded_detail_test.dart; source/test inventory plus Phase 4 characterization register.","HIGH — migration/compatibility or protected contract","","",""
"TEST_DART","test/scenario_owner_runtime_lifecycle_test.dart","9256","F7247467FEAD1ACFD28D93210DE0CCE9582817B7F2CDA761FA01217252EF83AE","SCENARIO / locked contracts","Executable test of the named contract/behavior","Test contract plus owning production block","test taxonomy / SCENARIO / locked contracts","TEST EVIDENCE / RETAIN AND TAXONOMIZE","Named test behavior and assertions in test/scenario_owner_runtime_lifecycle_test.dart; source/test inventory plus Phase 4 characterization register.","BEHAVIORAL COVERAGE — assertion depth tied to named test","Protects compatibility, migration, locked contract or lifecycle behavior","Retain in target test taxonomy and map to migration seam","SCENARIO-locked compatibility characterization","DIRECTLY ANALYZED","","Protects scenario owner runtime lifecycle test behavior; assertions cover the named contract/screen/lifecycle. File-level test traceability reviewed; future action=Retain in target test taxonomy and map to migration seam. Explicit test traceability fields reconciled. Explicit test traceability fields reconciled.","Protects scenario owner runtime lifecycle test behavior; assertions cover the named contract/screen/lifecycle.","unit/domain/contract","behavioral regression evidence","SCENARIO / locked contracts","HIGH — migration/compatibility or protected contract","Retain in target test taxonomy and map to migration seam","YES","","","","","","","Protects scenario owner runtime lifecycle test behavior; assertions cover the named contract/screen/lifecycle.","unit/domain/contract","YES","Named test behavior and assertions in test/scenario_owner_runtime_lifecycle_test.dart; source/test inventory plus Phase 4 characterization register.","HIGH — migration/compatibility or protected contract","","",""
"TEST_DART","test/scenario_package_contract_test.dart","5908","BD0818C1DAC6EA36D40FE9A95E090279D185448642C3009F121BAEDE5A039827","SCENARIO / locked contracts","Executable test of the named contract/behavior","Test contract plus owning production block","test taxonomy / SCENARIO / locked contracts","TEST EVIDENCE / RETAIN AND TAXONOMIZE","Named test behavior and assertions in test/scenario_package_contract_test.dart; source/test inventory plus Phase 4 characterization register.","DIRECT CHARACTERIZATION / REGRESSION","Protects compatibility, migration, locked contract or lifecycle behavior","Retain in target test taxonomy and map to migration seam","SCENARIO-locked compatibility characterization","DIRECTLY ANALYZED","","Protects scenario package contract test behavior; assertions cover the named contract/screen/lifecycle. File-level test traceability reviewed; future action=Retain in target test taxonomy and map to migration seam. Explicit test traceability fields reconciled. Explicit test traceability fields reconciled.","Protects scenario package contract test behavior; assertions cover the named contract/screen/lifecycle.","unit/domain/contract","characterization/regression proof","SCENARIO / locked contracts","HIGH — migration/compatibility or protected contract","Retain in target test taxonomy and map to migration seam","YES","","","","","","","Protects scenario package contract test behavior; assertions cover the named contract/screen/lifecycle.","unit/domain/contract","YES","Named test behavior and assertions in test/scenario_package_contract_test.dart; source/test inventory plus Phase 4 characterization register.","HIGH — migration/compatibility or protected contract","","",""
"TEST_DART","test/scenario_persistence_contract_test.dart","19999","843772BAC89DAE7E5D2592C49B834AD238F1CAC1D8581FDC0CB5159CA43B5AEC","SCENARIO / locked contracts","Executable test of the named contract/behavior","Test contract plus owning production block","test taxonomy / SCENARIO / locked contracts","TEST EVIDENCE / RETAIN AND TAXONOMIZE","Named test behavior and assertions in test/scenario_persistence_contract_test.dart; source/test inventory plus Phase 4 characterization register.","DIRECT CHARACTERIZATION / REGRESSION","Protects compatibility, migration, locked contract or lifecycle behavior","Retain in target test taxonomy and map to migration seam","SCENARIO-locked compatibility characterization","DIRECTLY ANALYZED","","Protects scenario persistence contract test behavior; assertions cover the named contract/screen/lifecycle. File-level test traceability reviewed; future action=Retain in target test taxonomy and map to migration seam. Explicit test traceability fields reconciled. Explicit test traceability fields reconciled.","Protects scenario persistence contract test behavior; assertions cover the named contract/screen/lifecycle.","unit/domain/contract","characterization/regression proof","SCENARIO / locked contracts","HIGH — migration/compatibility or protected contract","Retain in target test taxonomy and map to migration seam","YES","","","","","","","Protects scenario persistence contract test behavior; assertions cover the named contract/screen/lifecycle.","unit/domain/contract","YES","Named test behavior and assertions in test/scenario_persistence_contract_test.dart; source/test inventory plus Phase 4 characterization register.","HIGH — migration/compatibility or protected contract","","",""
"TEST_DART","test/scenario_reconciliation_contract_test.dart","8303","0002FDBD313F89C93819C67C454FD8E78A4D43E73AD8B66E77D37D1F17944332","SCENARIO / locked contracts","Executable test of the named contract/behavior","Test contract plus owning production block","test taxonomy / SCENARIO / locked contracts","TEST EVIDENCE / RETAIN AND TAXONOMIZE","Named test behavior and assertions in test/scenario_reconciliation_contract_test.dart; source/test inventory plus Phase 4 characterization register.","DIRECT CHARACTERIZATION / REGRESSION","Protects compatibility, migration, locked contract or lifecycle behavior","Retain in target test taxonomy and map to migration seam","SCENARIO-locked compatibility characterization","DIRECTLY ANALYZED","","Protects scenario reconciliation contract test behavior; assertions cover the named contract/screen/lifecycle. File-level test traceability reviewed; future action=Retain in target test taxonomy and map to migration seam. Explicit test traceability fields reconciled. Explicit test traceability fields reconciled.","Protects scenario reconciliation contract test behavior; assertions cover the named contract/screen/lifecycle.","unit/domain/contract","characterization/regression proof","SCENARIO / locked contracts","HIGH — migration/compatibility or protected contract","Retain in target test taxonomy and map to migration seam","YES","","","","","","","Protects scenario reconciliation contract test behavior; assertions cover the named contract/screen/lifecycle.","unit/domain/contract","YES","Named test behavior and assertions in test/scenario_reconciliation_contract_test.dart; source/test inventory plus Phase 4 characterization register.","HIGH — migration/compatibility or protected contract","","",""
"TEST_DART","test/scenario_runtime_application_test.dart","3290","509B5CC0390FB3E940590D57B6766ADF04F071F8502C20D1A3414DE203E9C7D1","SCENARIO / locked contracts","Executable test of the named contract/behavior","Test contract plus owning production block","test taxonomy / SCENARIO / locked contracts","TEST EVIDENCE / RETAIN AND TAXONOMIZE","Named test behavior and assertions in test/scenario_runtime_application_test.dart; source/test inventory plus Phase 4 characterization register.","BEHAVIORAL COVERAGE — assertion depth tied to named test","Protects compatibility, migration, locked contract or lifecycle behavior","Retain in target test taxonomy and map to migration seam","SCENARIO-locked compatibility characterization","DIRECTLY ANALYZED","","Protects scenario runtime application test behavior; assertions cover the named contract/screen/lifecycle. File-level test traceability reviewed; future action=Retain in target test taxonomy and map to migration seam. Explicit test traceability fields reconciled. Explicit test traceability fields reconciled.","Protects scenario runtime application test behavior; assertions cover the named contract/screen/lifecycle.","unit/domain/contract","behavioral regression evidence","SCENARIO / locked contracts","HIGH — migration/compatibility or protected contract","Retain in target test taxonomy and map to migration seam","YES","","","","","","","Protects scenario runtime application test behavior; assertions cover the named contract/screen/lifecycle.","unit/domain/contract","YES","Named test behavior and assertions in test/scenario_runtime_application_test.dart; source/test inventory plus Phase 4 characterization register.","HIGH — migration/compatibility or protected contract","","",""
"TEST_DART","test/scenario_runtime_single_truth_test.dart","3728","38D718CD39C13C41C93134FA966EA81CA96815F1F7BAC961C69A6BCD94FAE659","SCENARIO / locked contracts","Executable test of the named contract/behavior","Test contract plus owning production block","test taxonomy / SCENARIO / locked contracts","TEST EVIDENCE / RETAIN AND TAXONOMIZE","Named test behavior and assertions in test/scenario_runtime_single_truth_test.dart; source/test inventory plus Phase 4 characterization register.","BEHAVIORAL COVERAGE — assertion depth tied to named test","Protects compatibility, migration, locked contract or lifecycle behavior","Retain in target test taxonomy and map to migration seam","SCENARIO-locked compatibility characterization","DIRECTLY ANALYZED","","Protects scenario runtime single truth test behavior; assertions cover the named contract/screen/lifecycle. File-level test traceability reviewed; future action=Retain in target test taxonomy and map to migration seam. Explicit test traceability fields reconciled. Explicit test traceability fields reconciled.","Protects scenario runtime single truth test behavior; assertions cover the named contract/screen/lifecycle.","unit/domain/contract","behavioral regression evidence","SCENARIO / locked contracts","HIGH — migration/compatibility or protected contract","Retain in target test taxonomy and map to migration seam","YES","","","","","","","Protects scenario runtime single truth test behavior; assertions cover the named contract/screen/lifecycle.","unit/domain/contract","YES","Named test behavior and assertions in test/scenario_runtime_single_truth_test.dart; source/test inventory plus Phase 4 characterization register.","HIGH — migration/compatibility or protected contract","","",""
"TEST_DART","test/scenario_startup_noop_timestamp_mutation_characterization_test.dart","6696","EE6A00192A64F5BC8DD04779E5C8E8A688491FF03AF4A006C35F5451D7FB1024","SCENARIO / locked contracts","Executable test of the named contract/behavior","Test contract plus owning production block","test taxonomy / SCENARIO / locked contracts","TEST EVIDENCE / RETAIN AND TAXONOMIZE","Named test behavior and assertions in test/scenario_startup_noop_timestamp_mutation_characterization_test.dart; source/test inventory plus Phase 4 characterization register.","DIRECT CHARACTERIZATION / REGRESSION","Protects compatibility, migration, locked contract or lifecycle behavior","Retain in target test taxonomy and map to migration seam","SCENARIO-locked compatibility characterization","DIRECTLY ANALYZED","","Protects scenario startup noop timestamp mutation characterization test behavior; assertions cover the named contract/screen/lifecycle. File-level test traceability reviewed; future action=Retain in target test taxonomy and map to migration seam. Explicit test traceability fields reconciled. Explicit test traceability fields reconciled.","Protects scenario startup noop timestamp mutation characterization test behavior; assertions cover the named contract/screen/lifecycle.","unit/domain/contract","characterization/regression proof","SCENARIO / locked contracts","HIGH — migration/compatibility or protected contract","Retain in target test taxonomy and map to migration seam","YES","","","","","","","Protects scenario startup noop timestamp mutation characterization test behavior; assertions cover the named contract/screen/lifecycle.","unit/domain/contract","YES","Named test behavior and assertions in test/scenario_startup_noop_timestamp_mutation_characterization_test.dart; source/test inventory plus Phase 4 characterization register.","HIGH — migration/compatibility or protected contract","","",""
"TEST_DART","test/scenario_state_reset_runtime_contract_test.dart","6735","3E5CD53A608C508CEE5D7E7AC4157FC80CCFEC1B3DC721F99FF86D33DA379622","SCENARIO / locked contracts","Executable test of the named contract/behavior","Test contract plus owning production block","test taxonomy / SCENARIO / locked contracts","TEST EVIDENCE / RETAIN AND TAXONOMIZE","Named test behavior and assertions in test/scenario_state_reset_runtime_contract_test.dart; source/test inventory plus Phase 4 characterization register.","DIRECT CHARACTERIZATION / REGRESSION","Protects compatibility, migration, locked contract or lifecycle behavior","Retain in target test taxonomy and map to migration seam","SCENARIO-locked compatibility characterization","DIRECTLY ANALYZED","","Protects scenario state reset runtime contract test behavior; assertions cover the named contract/screen/lifecycle. File-level test traceability reviewed; future action=Retain in target test taxonomy and map to migration seam. Explicit test traceability fields reconciled. Explicit test traceability fields reconciled.","Protects scenario state reset runtime contract test behavior; assertions cover the named contract/screen/lifecycle.","unit/domain/contract","characterization/regression proof","SCENARIO / locked contracts","HIGH — migration/compatibility or protected contract","Retain in target test taxonomy and map to migration seam","YES","","","","","","","Protects scenario state reset runtime contract test behavior; assertions cover the named contract/screen/lifecycle.","unit/domain/contract","YES","Named test behavior and assertions in test/scenario_state_reset_runtime_contract_test.dart; source/test inventory plus Phase 4 characterization register.","HIGH — migration/compatibility or protected contract","","",""
"TEST_DART","test/scenario_transfer_envelope_test.dart","11308","4F17FF075E7755F6052836E7CEAE4F1EFD8B3AF518D2A85829229AC4E859FDF5","SCENARIO / locked contracts","Executable test of the named contract/behavior","Test contract plus owning production block","test taxonomy / SCENARIO / locked contracts","TEST EVIDENCE / RETAIN AND TAXONOMIZE","Named test behavior and assertions in test/scenario_transfer_envelope_test.dart; source/test inventory plus Phase 4 characterization register.","BEHAVIORAL COVERAGE — assertion depth tied to named test","Protects compatibility, migration, locked contract or lifecycle behavior","Retain in target test taxonomy and map to migration seam","SCENARIO-locked compatibility characterization","DIRECTLY ANALYZED","","Protects scenario transfer envelope test behavior; assertions cover the named contract/screen/lifecycle. File-level test traceability reviewed; future action=Retain in target test taxonomy and map to migration seam. Explicit test traceability fields reconciled. Explicit test traceability fields reconciled.","Protects scenario transfer envelope test behavior; assertions cover the named contract/screen/lifecycle.","unit/domain/contract","behavioral regression evidence","SCENARIO / locked contracts","HIGH — migration/compatibility or protected contract","Retain in target test taxonomy and map to migration seam","YES","","","","","","","Protects scenario transfer envelope test behavior; assertions cover the named contract/screen/lifecycle.","unit/domain/contract","YES","Named test behavior and assertions in test/scenario_transfer_envelope_test.dart; source/test inventory plus Phase 4 characterization register.","HIGH — migration/compatibility or protected contract","","",""
"TEST_DART","test/single_predmet_scenario_carrier_contract_test.dart","11090","6ED358788F2933DB6D77BED408A67A19A4C1A91930C448781737BDF238AB5087","SCENARIO / locked contracts","Executable test of the named contract/behavior","Test contract plus owning production block","test taxonomy / SCENARIO / locked contracts","TEST EVIDENCE / RETAIN AND TAXONOMIZE","Named test behavior and assertions in test/single_predmet_scenario_carrier_contract_test.dart; source/test inventory plus Phase 4 characterization register.","DIRECT CHARACTERIZATION / REGRESSION","Protects compatibility, migration, locked contract or lifecycle behavior","Retain in target test taxonomy and map to migration seam","SCENARIO-locked compatibility characterization","DIRECTLY ANALYZED","","Protects single predmet scenario carrier contract test behavior; assertions cover the named contract/screen/lifecycle. File-level test traceability reviewed; future action=Retain in target test taxonomy and map to migration seam. Explicit test traceability fields reconciled. Explicit test traceability fields reconciled.","Protects single predmet scenario carrier contract test behavior; assertions cover the named contract/screen/lifecycle.","unit/domain/contract","characterization/regression proof","SCENARIO / locked contracts","HIGH — migration/compatibility or protected contract","Retain in target test taxonomy and map to migration seam","YES","","","","","","","Protects single predmet scenario carrier contract test behavior; assertions cover the named contract/screen/lifecycle.","unit/domain/contract","YES","Named test behavior and assertions in test/single_predmet_scenario_carrier_contract_test.dart; source/test inventory plus Phase 4 characterization register.","HIGH — migration/compatibility or protected contract","","",""
"TEST_DART","test/stanje_robe_operational_toggle_test.dart","49753","0D1B49217809661FF8AA3482BC2AF575D072283A9BE553DCA920D668072AA1BD","STANJE ROBE","Executable test of the named contract/behavior","Test contract plus owning production block","test taxonomy / STANJE ROBE","TEST EVIDENCE / RETAIN AND TAXONOMIZE","Named test behavior and assertions in test/stanje_robe_operational_toggle_test.dart; source/test inventory plus Phase 4 characterization register.","BEHAVIORAL COVERAGE — assertion depth tied to named test","Protects compatibility, migration, locked contract or lifecycle behavior","Retain in target test taxonomy and map to migration seam","STANJE ROBE derived-state characterization","DIRECTLY ANALYZED","","Protects stanje robe operational toggle test behavior; assertions cover the named contract/screen/lifecycle. File-level test traceability reviewed; future action=Retain in target test taxonomy and map to migration seam. Explicit test traceability fields reconciled. Explicit test traceability fields reconciled.","Protects stanje robe operational toggle test behavior; assertions cover the named contract/screen/lifecycle.","unit/domain/contract","behavioral regression evidence","STANJE ROBE","HIGH — migration/compatibility or protected contract","Retain in target test taxonomy and map to migration seam","YES","","","","","","","Protects stanje robe operational toggle test behavior; assertions cover the named contract/screen/lifecycle.","unit/domain/contract","YES","Named test behavior and assertions in test/stanje_robe_operational_toggle_test.dart; source/test inventory plus Phase 4 characterization register.","HIGH — migration/compatibility or protected contract","","",""
"TEST_DART","test/statistika_filter_layout_test.dart","547","2AFC2987AFD9D62546B9D4793890E05C8F908A03225A536E7950B30E758AF99D","policy finance","Executable test of the named contract/behavior","Test contract plus owning production block","test taxonomy / policy finance","TEST EVIDENCE / RETAIN AND TAXONOMIZE","Named test behavior and assertions in test/statistika_filter_layout_test.dart; source/test inventory plus Phase 4 characterization register.","BEHAVIORAL COVERAGE — assertion depth tied to named test","Protects owning block behavior; no external format obligation identified","Retain in target test taxonomy and map to migration seam","Policy/finance acceptance matrix","DIRECTLY ANALYZED","","Protects statistika filter layout test behavior; assertions cover the named contract/screen/lifecycle. File-level test traceability reviewed; future action=Retain in target test taxonomy and map to migration seam. Explicit test traceability fields reconciled. Explicit test traceability fields reconciled.","Protects statistika filter layout test behavior; assertions cover the named contract/screen/lifecycle.","widget/smoke","behavioral regression evidence","policy finance","MEDIUM — feature behavior","Retain in target test taxonomy and map to migration seam","NO","","","","","","","Protects statistika filter layout test behavior; assertions cover the named contract/screen/lifecycle.","widget/smoke","NO","Named test behavior and assertions in test/statistika_filter_layout_test.dart; source/test inventory plus Phase 4 characterization register.","MEDIUM — feature behavior","","",""
"TEST_DART","test/test_bootstrap.dart","622","E39B4FF7B1C5F8BD592BD2631E935681EFF6E1E937D00AFFB05A015116963BD4","cross-cutting test support","Executable test of the named contract/behavior","Test contract plus owning production block","test taxonomy / cross-cutting test support","TEST EVIDENCE / RETAIN AND TAXONOMIZE","Named test behavior and assertions in test/test_bootstrap.dart; source/test inventory plus Phase 4 characterization register.","BEHAVIORAL COVERAGE — assertion depth tied to named test","Protects owning block behavior; no external format obligation identified","Retain as shared test fixture outside production lib","Cross-feature compatibility characterization and migration-seam acceptance","DIRECTLY ANALYZED","","Protects test bootstrap behavior; assertions cover the named contract/screen/lifecycle. File-level test traceability reviewed; future action=Retain as shared test fixture outside production lib. Explicit test traceability fields reconciled. Explicit test traceability fields reconciled.","Protects test bootstrap behavior; assertions cover the named contract/screen/lifecycle.","unit/domain/contract","behavioral regression evidence","cross-cutting test support","MEDIUM — feature behavior","Retain as shared test fixture outside production lib","NO","","","","","","","Protects test bootstrap behavior; assertions cover the named contract/screen/lifecycle.","unit/domain/contract","NO","Named test behavior and assertions in test/test_bootstrap.dart; source/test inventory plus Phase 4 characterization register.","MEDIUM — feature behavior","","",""
"TEST_DART","test/windows_admin_persistence_incident_audit_test.dart","3386","ED96F5CE1AC527458F8AC56305D36EB1273B3A97D46A25B1DAA4B66765099BD5","cross-cutting test support","Executable test of the named contract/behavior","Test contract plus owning production block","test taxonomy / cross-cutting test support","TEST EVIDENCE / RETAIN AND TAXONOMIZE","Named test behavior and assertions in test/windows_admin_persistence_incident_audit_test.dart; source/test inventory plus Phase 4 characterization register.","BEHAVIORAL COVERAGE — assertion depth tied to named test","Protects owning block behavior; no external format obligation identified","Retain in target test taxonomy and map to migration seam","Cross-feature compatibility characterization and migration-seam acceptance","DIRECTLY ANALYZED","","Protects windows admin persistence incident audit test behavior; assertions cover the named contract/screen/lifecycle. File-level test traceability reviewed; future action=Retain in target test taxonomy and map to migration seam. Explicit test traceability fields reconciled. Explicit test traceability fields reconciled.","Protects windows admin persistence incident audit test behavior; assertions cover the named contract/screen/lifecycle.","unit/domain/contract","behavioral regression evidence","cross-cutting test support","MEDIUM — feature behavior","Retain in target test taxonomy and map to migration seam","NO","","","","","","","Protects windows admin persistence incident audit test behavior; assertions cover the named contract/screen/lifecycle.","unit/domain/contract","NO","Named test behavior and assertions in test/windows_admin_persistence_incident_audit_test.dart; source/test inventory plus Phase 4 characterization register.","MEDIUM — feature behavior","","",""
"TEST_DART","test/support/opc_database_migration_fixture.dart","10095","F9320410725BE3B3DD5221B14F218031E76240ACC6C0C69F2B973940CBFB1A4D","persistence / interoperability","Executable test of the named contract/behavior","Test contract plus owning production block","test taxonomy / persistence / interoperability","TEST EVIDENCE / RETAIN AND TAXONOMIZE","Named test behavior and assertions in test/support/opc_database_migration_fixture.dart; source/test inventory plus Phase 4 characterization register.","BEHAVIORAL COVERAGE — assertion depth tied to named test","Protects compatibility, migration, locked contract or lifecycle behavior","Retain as shared test fixture outside production lib","Current-tip migration/recovery relational-integrity closure rehearsal","DIRECTLY ANALYZED","","Protects opc database migration fixture behavior; assertions cover the named contract/screen/lifecycle. File-level test traceability reviewed; future action=Retain as shared test fixture outside production lib. Explicit test traceability fields reconciled. Explicit test traceability fields reconciled.","Protects opc database migration fixture behavior; assertions cover the named contract/screen/lifecycle.","unit/domain/contract","behavioral regression evidence","persistence / interoperability","HIGH — migration/compatibility or protected contract","Retain as shared test fixture outside production lib","YES","","","","","","","Protects opc database migration fixture behavior; assertions cover the named contract/screen/lifecycle.","unit/domain/contract","YES","Named test behavior and assertions in test/support/opc_database_migration_fixture.dart; source/test inventory plus Phase 4 characterization register.","HIGH — migration/compatibility or protected contract","","",""
"PLATFORM_BUILD_SCRIPT_TOOL","android/.gitignore","219","3FC7281EDBA5FC5A22306D03D63E951D9F7483704C7F292D11076E24786FBE06","release/signing/provenance surface","Carries release/provenance support .","Platform/build/release contract","platform/release provenance","PLATFORM SUPPORT / RETAIN WITH BOUNDARY","Support-surface evidence for android/.gitignore (219 bytes; SHA-256 3FC7281EDBA5FC5A22306D03D63E951D9F7483704C7F292D11076E24786FBE06).","DIRECT SUPPORT-SURFACE REVIEW","Artifact identity, signing, native resource and provenance compatibility","Retain and verify during release acceptance","Release/signing/provenance acceptance","DIRECTLY ANALYZED","","Support class release/signing/provenance surface; unique behavior reviewed directly where present.","","","","","","","","Release metadata, native resource or packaging provenance","","","","","","","","","","","ACTIVE/SUPPORT — release/signing/provenance surface","Phase 1 authority; Phase 2 current reality; Phase 3 target boundary; Phase 4 support evidence","INDIVIDUAL — responsibility and compatibility reviewed for this path"
"PLATFORM_BUILD_SCRIPT_TOOL","android/build.gradle.kts","561","218F400E3FFF31C9C986A2535DFB974560E1B4D33CC27B7C1FEE96A2B7E44454","build/packaging configuration","Controls build/packaging setting build.gradle.","Platform/build/release contract","build/release configuration","PLATFORM SUPPORT / RETAIN WITH BOUNDARY","Support-surface evidence for android/build.gradle.kts (561 bytes; SHA-256 218F400E3FFF31C9C986A2535DFB974560E1B4D33CC27B7C1FEE96A2B7E44454).","DIRECT SUPPORT-SURFACE REVIEW","Reproducible build, SDK/dependency and signing inputs","Retain and validate in authorized release build","Release packaging/reproducibility acceptance","DIRECTLY ANALYZED","","Support class build/packaging configuration; unique behavior reviewed directly where present.","","","","","","","","Build, dependency, SDK or packaging configuration","","","","","","","","","","","ACTIVE/SUPPORT — build/packaging configuration","Phase 1 authority; Phase 2 current reality; Phase 3 target boundary; Phase 4 support evidence","INDIVIDUAL — responsibility and compatibility reviewed for this path"
"PLATFORM_BUILD_SCRIPT_TOOL","android/gradle.properties","163","B6007B93BE8C4D1E529B49E791446B19AD7069B9FDEAD6229AD230BE28471E90","build/packaging configuration","Controls build/packaging setting gradle.","Platform/build/release contract","build/release configuration","PLATFORM SUPPORT / RETAIN WITH BOUNDARY","Support-surface evidence for android/gradle.properties (163 bytes; SHA-256 B6007B93BE8C4D1E529B49E791446B19AD7069B9FDEAD6229AD230BE28471E90).","DIRECT SUPPORT-SURFACE REVIEW","Reproducible build, SDK/dependency and signing inputs","Retain and validate in authorized release build","Release packaging/reproducibility acceptance","DIRECTLY ANALYZED","","Support class build/packaging configuration; unique behavior reviewed directly where present.","","","","","","","","Build, dependency, SDK or packaging configuration","","","","","","","","","","","ACTIVE/SUPPORT — build/packaging configuration","Phase 1 authority; Phase 2 current reality; Phase 3 target boundary; Phase 4 support evidence","INDIVIDUAL — responsibility and compatibility reviewed for this path"
"PLATFORM_BUILD_SCRIPT_TOOL","android/gradlew","4971","EC56C02543666D92D9AC5AE7FCC48F88CE4DE0DEB8B7F9B39928CA46F68C1B2B","build/packaging configuration","Controls build/packaging setting gradlew.","Platform/build/release contract","build/release configuration","PLATFORM SUPPORT / RETAIN WITH BOUNDARY","Support-surface evidence for android/gradlew (4971 bytes; SHA-256 EC56C02543666D92D9AC5AE7FCC48F88CE4DE0DEB8B7F9B39928CA46F68C1B2B).","DIRECT SUPPORT-SURFACE REVIEW","Reproducible build, SDK/dependency and signing inputs","Retain and validate in authorized release build","Release packaging/reproducibility acceptance","DIRECTLY ANALYZED","","Support class build/packaging configuration; unique behavior reviewed directly where present.","","","","","","","","Build, dependency, SDK or packaging configuration","","","","","","","","","","","ACTIVE/SUPPORT — build/packaging configuration","Phase 1 authority; Phase 2 current reality; Phase 3 target boundary; Phase 4 support evidence","INDIVIDUAL — responsibility and compatibility reviewed for this path"
"PLATFORM_BUILD_SCRIPT_TOOL","android/gradlew.bat","2404","C13C6E91B9A517783976DE213D46398C661EA9E17651376D7301E839EAEDCC62","build/packaging configuration","Controls build/packaging setting gradlew.","Platform/build/release contract","build/release configuration","PLATFORM SUPPORT / RETAIN WITH BOUNDARY","Support-surface evidence for android/gradlew.bat (2404 bytes; SHA-256 C13C6E91B9A517783976DE213D46398C661EA9E17651376D7301E839EAEDCC62).","DIRECT SUPPORT-SURFACE REVIEW","Reproducible build, SDK/dependency and signing inputs","Retain and validate in authorized release build","Release packaging/reproducibility acceptance","DIRECTLY ANALYZED","","Support class build/packaging configuration; unique behavior reviewed directly where present.","","","","","","","","Build, dependency, SDK or packaging configuration","","","","","","","","","","","ACTIVE/SUPPORT — build/packaging configuration","Phase 1 authority; Phase 2 current reality; Phase 3 target boundary; Phase 4 support evidence","INDIVIDUAL — responsibility and compatibility reviewed for this path"
"PLATFORM_BUILD_SCRIPT_TOOL","android/hs_err_pid9816.log","128252","1DA5ECD3D0253B059ED8A40BBB53D477BE3190F017A5C69B28EF1FDCF75D584F","release/signing/provenance surface","Carries release/provenance support hs err pid9816.","Platform/build/release contract","platform/release provenance","PLATFORM SUPPORT / RETAIN WITH BOUNDARY","Support-surface evidence for android/hs_err_pid9816.log (128252 bytes; SHA-256 1DA5ECD3D0253B059ED8A40BBB53D477BE3190F017A5C69B28EF1FDCF75D584F).","DIRECT SUPPORT-SURFACE REVIEW","Artifact identity, signing, native resource and provenance compatibility","Retain and verify during release acceptance","Release/signing/provenance acceptance","DIRECTLY ANALYZED","","Support class release/signing/provenance surface; unique behavior reviewed directly where present.","","","","","","","","Release metadata, native resource or packaging provenance","","","","","","","","","","","ACTIVE/SUPPORT — release/signing/provenance surface","Phase 1 authority; Phase 2 current reality; Phase 3 target boundary; Phase 4 support evidence","INDIVIDUAL — responsibility and compatibility reviewed for this path"
"PLATFORM_BUILD_SCRIPT_TOOL","android/local.properties","152","7DC1454F4079A392F557E7883F0BE2916AFEE2C34920A6A81719A44AAD7570EA","build/packaging configuration","Controls build/packaging setting local.","Platform/build/release contract","build/release configuration","PLATFORM SUPPORT / RETAIN WITH BOUNDARY","Support-surface evidence for android/local.properties (152 bytes; SHA-256 7DC1454F4079A392F557E7883F0BE2916AFEE2C34920A6A81719A44AAD7570EA).","DIRECT SUPPORT-SURFACE REVIEW","Reproducible build, SDK/dependency and signing inputs","Retain and validate in authorized release build","Release packaging/reproducibility acceptance","DIRECTLY ANALYZED","","Support class build/packaging configuration; unique behavior reviewed directly where present.","","","","","","","","Build, dependency, SDK or packaging configuration","","","","","","","","","","","ACTIVE/SUPPORT — build/packaging configuration","Phase 1 authority; Phase 2 current reality; Phase 3 target boundary; Phase 4 support evidence","INDIVIDUAL — responsibility and compatibility reviewed for this path"
"PLATFORM_BUILD_SCRIPT_TOOL","android/opc_v4_android.iml","1630","C8E0091EDECA4E766E9DCF948E59C86A0427381FB5E31768AE396EEDDE5F1DFC","release/signing/provenance surface","Carries release/provenance support opc v4 android.","Platform/build/release contract","platform/release provenance","PLATFORM SUPPORT / RETAIN WITH BOUNDARY","Support-surface evidence for android/opc_v4_android.iml (1630 bytes; SHA-256 C8E0091EDECA4E766E9DCF948E59C86A0427381FB5E31768AE396EEDDE5F1DFC).","DIRECT SUPPORT-SURFACE REVIEW","Artifact identity, signing, native resource and provenance compatibility","Retain and verify during release acceptance","Release/signing/provenance acceptance","DIRECTLY ANALYZED","","Support class release/signing/provenance surface; unique behavior reviewed directly where present.","","","","","","","","Release metadata, native resource or packaging provenance","","","","","","","","","","","ACTIVE/SUPPORT — release/signing/provenance surface","Phase 1 authority; Phase 2 current reality; Phase 3 target boundary; Phase 4 support evidence","INDIVIDUAL — responsibility and compatibility reviewed for this path"
"PLATFORM_BUILD_SCRIPT_TOOL","android/settings.gradle.kts","798","4D438E37BD80CCC48DED4892C9026994CABE8CFB9C20D2947A609248495C869B","build/packaging configuration","Controls build/packaging setting settings.gradle.","Platform/build/release contract","build/release configuration","PLATFORM SUPPORT / RETAIN WITH BOUNDARY","Support-surface evidence for android/settings.gradle.kts (798 bytes; SHA-256 4D438E37BD80CCC48DED4892C9026994CABE8CFB9C20D2947A609248495C869B).","DIRECT SUPPORT-SURFACE REVIEW","Reproducible build, SDK/dependency and signing inputs","Retain and validate in authorized release build","Release packaging/reproducibility acceptance","DIRECTLY ANALYZED","","Support class build/packaging configuration; unique behavior reviewed directly where present.","","","","","","","","Build, dependency, SDK or packaging configuration","","","","","","","","","","","ACTIVE/SUPPORT — build/packaging configuration","Phase 1 authority; Phase 2 current reality; Phase 3 target boundary; Phase 4 support evidence","INDIVIDUAL — responsibility and compatibility reviewed for this path"
"PLATFORM_BUILD_SCRIPT_TOOL","android/.gradle/file-system.probe","8","12C8161036DCAEF9DBF086E7C3A483EC3F8B31DF3C96A300E0F1D5C6D260B419","build/packaging configuration","Controls build/packaging setting file-system.","Platform/build/release contract","build/release configuration","PLATFORM SUPPORT / RETAIN WITH BOUNDARY","Support-surface evidence for android/.gradle/file-system.probe (8 bytes; SHA-256 12C8161036DCAEF9DBF086E7C3A483EC3F8B31DF3C96A300E0F1D5C6D260B419).","DIRECT SUPPORT-SURFACE REVIEW","Reproducible build, SDK/dependency and signing inputs","Retain and validate in authorized release build","Release packaging/reproducibility acceptance","DIRECTLY ANALYZED","","Support class build/packaging configuration; unique behavior reviewed directly where present.","","","","","","","","Build, dependency, SDK or packaging configuration","","","","","","","","","","","ACTIVE/SUPPORT — build/packaging configuration","Phase 1 authority; Phase 2 current reality; Phase 3 target boundary; Phase 4 support evidence","INDIVIDUAL — responsibility and compatibility reviewed for this path"
"PLATFORM_BUILD_SCRIPT_TOOL","android/.gradle/8.14/gc.properties","0","E3B0C44298FC1C149AFBF4C8996FB92427AE41E4649B934CA495991B7852B855","build/packaging configuration","Controls build/packaging setting gc.","Platform/build/release contract","build/release configuration","PLATFORM SUPPORT / RETAIN WITH BOUNDARY","Support-surface evidence for android/.gradle/8.14/gc.properties (0 bytes; SHA-256 E3B0C44298FC1C149AFBF4C8996FB92427AE41E4649B934CA495991B7852B855).","DIRECT SUPPORT-SURFACE REVIEW","Reproducible build, SDK/dependency and signing inputs","Retain and validate in authorized release build","Release packaging/reproducibility acceptance","DIRECTLY ANALYZED","","Support class build/packaging configuration; unique behavior reviewed directly where present.","","","","","","","","Build, dependency, SDK or packaging configuration","","","","","","","","","","","ACTIVE/SUPPORT — build/packaging configuration","Phase 1 authority; Phase 2 current reality; Phase 3 target boundary; Phase 4 support evidence","INDIVIDUAL — responsibility and compatibility reviewed for this path"
"PLATFORM_BUILD_SCRIPT_TOOL","android/.gradle/8.14/checksums/checksums.lock","17","A2052274B4DFEDEA9B885483174A8CEFFA8F51B02B2EF7BA418199D6A77C5171","build/packaging configuration","Controls build/packaging setting checksums.","Platform/build/release contract","build/release configuration","PLATFORM SUPPORT / RETAIN WITH BOUNDARY","Support-surface evidence for android/.gradle/8.14/checksums/checksums.lock (17 bytes; SHA-256 A2052274B4DFEDEA9B885483174A8CEFFA8F51B02B2EF7BA418199D6A77C5171).","DIRECT SUPPORT-SURFACE REVIEW","Reproducible build, SDK/dependency and signing inputs","Retain and validate in authorized release build","Release packaging/reproducibility acceptance","DIRECTLY ANALYZED","","Support class build/packaging configuration; unique behavior reviewed directly where present.","","","","","","","","Build, dependency, SDK or packaging configuration","","","","","","","","","","","ACTIVE/SUPPORT — build/packaging configuration","Phase 1 authority; Phase 2 current reality; Phase 3 target boundary; Phase 4 support evidence","INDIVIDUAL — responsibility and compatibility reviewed for this path"
"PLATFORM_BUILD_SCRIPT_TOOL","android/.gradle/8.14/checksums/md5-checksums.bin","25147","EDF668F5C9B93529205157997F0F4525675CE68A056220D97FBA5655CF717DD7","build/packaging configuration","Controls build/packaging setting md5-checksums.","Platform/build/release contract","build/release configuration","PLATFORM SUPPORT / RETAIN WITH BOUNDARY","Support-surface evidence for android/.gradle/8.14/checksums/md5-checksums.bin (25147 bytes; SHA-256 EDF668F5C9B93529205157997F0F4525675CE68A056220D97FBA5655CF717DD7).","DIRECT SUPPORT-SURFACE REVIEW","Reproducible build, SDK/dependency and signing inputs","Retain and validate in authorized release build","Release packaging/reproducibility acceptance","DIRECTLY ANALYZED","","Support class build/packaging configuration; unique behavior reviewed directly where present.","","","","","","","","Build, dependency, SDK or packaging configuration","","","","","","","","","","","ACTIVE/SUPPORT — build/packaging configuration","Phase 1 authority; Phase 2 current reality; Phase 3 target boundary; Phase 4 support evidence","INDIVIDUAL — responsibility and compatibility reviewed for this path"
"PLATFORM_BUILD_SCRIPT_TOOL","android/.gradle/8.14/checksums/sha1-checksums.bin","39017","E37FF6132FD2661FC49C1E157BDABD73359400B56645E83EB8EE098FD41F75ED","build/packaging configuration","Controls build/packaging setting sha1-checksums.","Platform/build/release contract","build/release configuration","PLATFORM SUPPORT / RETAIN WITH BOUNDARY","Support-surface evidence for android/.gradle/8.14/checksums/sha1-checksums.bin (39017 bytes; SHA-256 E37FF6132FD2661FC49C1E157BDABD73359400B56645E83EB8EE098FD41F75ED).","DIRECT SUPPORT-SURFACE REVIEW","Reproducible build, SDK/dependency and signing inputs","Retain and validate in authorized release build","Release packaging/reproducibility acceptance","DIRECTLY ANALYZED","","Support class build/packaging configuration; unique behavior reviewed directly where present.","","","","","","","","Build, dependency, SDK or packaging configuration","","","","","","","","","","","ACTIVE/SUPPORT — build/packaging configuration","Phase 1 authority; Phase 2 current reality; Phase 3 target boundary; Phase 4 support evidence","INDIVIDUAL — responsibility and compatibility reviewed for this path"
"PLATFORM_BUILD_SCRIPT_TOOL","android/.gradle/8.14/executionHistory/executionHistory.bin","35664943","E882A5ED9B0BB2BF603D025BC2F40BB3D2FEDF65DA2687783C40E61348751C10","build/packaging configuration","Controls build/packaging setting executionHistory.","Platform/build/release contract","build/release configuration","PLATFORM SUPPORT / RETAIN WITH BOUNDARY","Support-surface evidence for android/.gradle/8.14/executionHistory/executionHistory.bin (35664943 bytes; SHA-256 E882A5ED9B0BB2BF603D025BC2F40BB3D2FEDF65DA2687783C40E61348751C10).","DIRECT SUPPORT-SURFACE REVIEW","Reproducible build, SDK/dependency and signing inputs","Retain and validate in authorized release build","Release packaging/reproducibility acceptance","DIRECTLY ANALYZED","","Support class build/packaging configuration; unique behavior reviewed directly where present.","","","","","","","","Build, dependency, SDK or packaging configuration","","","","","","","","","","","ACTIVE/SUPPORT — build/packaging configuration","Phase 1 authority; Phase 2 current reality; Phase 3 target boundary; Phase 4 support evidence","INDIVIDUAL — responsibility and compatibility reviewed for this path"
"PLATFORM_BUILD_SCRIPT_TOOL","android/.gradle/8.14/executionHistory/executionHistory.lock","17","E5ED0279640E18C82F0BA54CF918A4640B49CFF4EDF7A2B8EA9CC13444E30B4F","build/packaging configuration","Controls build/packaging setting executionHistory.","Platform/build/release contract","build/release configuration","PLATFORM SUPPORT / RETAIN WITH BOUNDARY","Support-surface evidence for android/.gradle/8.14/executionHistory/executionHistory.lock (17 bytes; SHA-256 E5ED0279640E18C82F0BA54CF918A4640B49CFF4EDF7A2B8EA9CC13444E30B4F).","DIRECT SUPPORT-SURFACE REVIEW","Reproducible build, SDK/dependency and signing inputs","Retain and validate in authorized release build","Release packaging/reproducibility acceptance","DIRECTLY ANALYZED","","Support class build/packaging configuration; unique behavior reviewed directly where present.","","","","","","","","Build, dependency, SDK or packaging configuration","","","","","","","","","","","ACTIVE/SUPPORT — build/packaging configuration","Phase 1 authority; Phase 2 current reality; Phase 3 target boundary; Phase 4 support evidence","INDIVIDUAL — responsibility and compatibility reviewed for this path"
"PLATFORM_BUILD_SCRIPT_TOOL","android/.gradle/8.14/fileChanges/last-build.bin","1","6E340B9CFFB37A989CA544E6BB780A2C78901D3FB33738768511A30617AFA01D","build/packaging configuration","Controls build/packaging setting last-build.","Platform/build/release contract","build/release configuration","PLATFORM SUPPORT / RETAIN WITH BOUNDARY","Support-surface evidence for android/.gradle/8.14/fileChanges/last-build.bin (1 bytes; SHA-256 6E340B9CFFB37A989CA544E6BB780A2C78901D3FB33738768511A30617AFA01D).","DIRECT SUPPORT-SURFACE REVIEW","Reproducible build, SDK/dependency and signing inputs","Retain and validate in authorized release build","Release packaging/reproducibility acceptance","DIRECTLY ANALYZED","","Support class build/packaging configuration; unique behavior reviewed directly where present.","","","","","","","","Build, dependency, SDK or packaging configuration","","","","","","","","","","","ACTIVE/SUPPORT — build/packaging configuration","Phase 1 authority; Phase 2 current reality; Phase 3 target boundary; Phase 4 support evidence","INDIVIDUAL — responsibility and compatibility reviewed for this path"
"PLATFORM_BUILD_SCRIPT_TOOL","android/.gradle/8.14/fileHashes/fileHashes.bin","2651389","D5EB6FDE301E9593C84F76240A5CB3CBD797EB096E20368392E1184E87D38BE6","build/packaging configuration","Controls build/packaging setting fileHashes.","Platform/build/release contract","build/release configuration","PLATFORM SUPPORT / RETAIN WITH BOUNDARY","Support-surface evidence for android/.gradle/8.14/fileHashes/fileHashes.bin (2651389 bytes; SHA-256 D5EB6FDE301E9593C84F76240A5CB3CBD797EB096E20368392E1184E87D38BE6).","DIRECT SUPPORT-SURFACE REVIEW","Reproducible build, SDK/dependency and signing inputs","Retain and validate in authorized release build","Release packaging/reproducibility acceptance","DIRECTLY ANALYZED","","Support class build/packaging configuration; unique behavior reviewed directly where present.","","","","","","","","Build, dependency, SDK or packaging configuration","","","","","","","","","","","ACTIVE/SUPPORT — build/packaging configuration","Phase 1 authority; Phase 2 current reality; Phase 3 target boundary; Phase 4 support evidence","INDIVIDUAL — responsibility and compatibility reviewed for this path"
"PLATFORM_BUILD_SCRIPT_TOOL","android/.gradle/8.14/fileHashes/fileHashes.lock","17","E9EF334A13CE9A762AEF41FA1C36E14A15F27321C0B6B798C6F2B77F449EAA53","build/packaging configuration","Controls build/packaging setting fileHashes.","Platform/build/release contract","build/release configuration","PLATFORM SUPPORT / RETAIN WITH BOUNDARY","Support-surface evidence for android/.gradle/8.14/fileHashes/fileHashes.lock (17 bytes; SHA-256 E9EF334A13CE9A762AEF41FA1C36E14A15F27321C0B6B798C6F2B77F449EAA53).","DIRECT SUPPORT-SURFACE REVIEW","Reproducible build, SDK/dependency and signing inputs","Retain and validate in authorized release build","Release packaging/reproducibility acceptance","DIRECTLY ANALYZED","","Support class build/packaging configuration; unique behavior reviewed directly where present.","","","","","","","","Build, dependency, SDK or packaging configuration","","","","","","","","","","","ACTIVE/SUPPORT — build/packaging configuration","Phase 1 authority; Phase 2 current reality; Phase 3 target boundary; Phase 4 support evidence","INDIVIDUAL — responsibility and compatibility reviewed for this path"
"PLATFORM_BUILD_SCRIPT_TOOL","android/.gradle/8.14/fileHashes/resourceHashesCache.bin","63617","412EE781EBD928A7218E86259996787DCC91A3C57B2DD9DD7F31CFD7A404DE26","build/packaging configuration","Controls build/packaging setting resourceHashesCache.","Platform/build/release contract","build/release configuration","PLATFORM SUPPORT / RETAIN WITH BOUNDARY","Support-surface evidence for android/.gradle/8.14/fileHashes/resourceHashesCache.bin (63617 bytes; SHA-256 412EE781EBD928A7218E86259996787DCC91A3C57B2DD9DD7F31CFD7A404DE26).","DIRECT SUPPORT-SURFACE REVIEW","Reproducible build, SDK/dependency and signing inputs","Retain and validate in authorized release build","Release packaging/reproducibility acceptance","DIRECTLY ANALYZED","","Support class build/packaging configuration; unique behavior reviewed directly where present.","","","","","","","","Build, dependency, SDK or packaging configuration","","","","","","","","","","","ACTIVE/SUPPORT — build/packaging configuration","Phase 1 authority; Phase 2 current reality; Phase 3 target boundary; Phase 4 support evidence","INDIVIDUAL — responsibility and compatibility reviewed for this path"
"PLATFORM_BUILD_SCRIPT_TOOL","android/.gradle/buildOutputCleanup/buildOutputCleanup.lock","17","95A58E5D3FD8048F232071D8C873BCE082484588AC9482ADE82D8BC522F77DC4","build/packaging configuration","Controls build/packaging setting buildOutputCleanup.","Platform/build/release contract","build/release configuration","PLATFORM SUPPORT / RETAIN WITH BOUNDARY","Support-surface evidence for android/.gradle/buildOutputCleanup/buildOutputCleanup.lock (17 bytes; SHA-256 95A58E5D3FD8048F232071D8C873BCE082484588AC9482ADE82D8BC522F77DC4).","DIRECT SUPPORT-SURFACE REVIEW","Reproducible build, SDK/dependency and signing inputs","Retain and validate in authorized release build","Release packaging/reproducibility acceptance","DIRECTLY ANALYZED","","Support class build/packaging configuration; unique behavior reviewed directly where present.","","","","","","","","Build, dependency, SDK or packaging configuration","","","","","","","","","","","ACTIVE/SUPPORT — build/packaging configuration","Phase 1 authority; Phase 2 current reality; Phase 3 target boundary; Phase 4 support evidence","INDIVIDUAL — responsibility and compatibility reviewed for this path"
"PLATFORM_BUILD_SCRIPT_TOOL","android/.gradle/buildOutputCleanup/cache.properties","52","0B8125B9AD9C8A348559FD3DCFC923389A35A3A2AF6F4375A35C95EC721D4441","build/packaging configuration","Controls build/packaging setting cache.","Platform/build/release contract","build/release configuration","PLATFORM SUPPORT / RETAIN WITH BOUNDARY","Support-surface evidence for android/.gradle/buildOutputCleanup/cache.properties (52 bytes; SHA-256 0B8125B9AD9C8A348559FD3DCFC923389A35A3A2AF6F4375A35C95EC721D4441).","DIRECT SUPPORT-SURFACE REVIEW","Reproducible build, SDK/dependency and signing inputs","Retain and validate in authorized release build","Release packaging/reproducibility acceptance","DIRECTLY ANALYZED","","Support class build/packaging configuration; unique behavior reviewed directly where present.","","","","","","","","Build, dependency, SDK or packaging configuration","","","","","","","","","","","ACTIVE/SUPPORT — build/packaging configuration","Phase 1 authority; Phase 2 current reality; Phase 3 target boundary; Phase 4 support evidence","INDIVIDUAL — responsibility and compatibility reviewed for this path"
"PLATFORM_BUILD_SCRIPT_TOOL","android/.gradle/buildOutputCleanup/outputFiles.bin","567512","392AFC21D8D9EFA6BAAAAB7323AD9A363CB2F0200D51926D15693F70B1CBD642","build/packaging configuration","Controls build/packaging setting outputFiles.","Platform/build/release contract","build/release configuration","PLATFORM SUPPORT / RETAIN WITH BOUNDARY","Support-surface evidence for android/.gradle/buildOutputCleanup/outputFiles.bin (567512 bytes; SHA-256 392AFC21D8D9EFA6BAAAAB7323AD9A363CB2F0200D51926D15693F70B1CBD642).","DIRECT SUPPORT-SURFACE REVIEW","Reproducible build, SDK/dependency and signing inputs","Retain and validate in authorized release build","Release packaging/reproducibility acceptance","DIRECTLY ANALYZED","","Support class build/packaging configuration; unique behavior reviewed directly where present.","","","","","","","","Build, dependency, SDK or packaging configuration","","","","","","","","","","","ACTIVE/SUPPORT — build/packaging configuration","Phase 1 authority; Phase 2 current reality; Phase 3 target boundary; Phase 4 support evidence","INDIVIDUAL — responsibility and compatibility reviewed for this path"
"PLATFORM_BUILD_SCRIPT_TOOL","android/.gradle/kotlin/errors/errors-1786888586161.log","4269","A457F2364322E930CC3D386ABFCFDCDA1EA1DB56225716049D8550BF72860624","build/packaging configuration","Controls build/packaging setting errors-1786888586161.","Platform/build/release contract","build/release configuration","PLATFORM SUPPORT / RETAIN WITH BOUNDARY","Support-surface evidence for android/.gradle/kotlin/errors/errors-1786888586161.log (4269 bytes; SHA-256 A457F2364322E930CC3D386ABFCFDCDA1EA1DB56225716049D8550BF72860624).","DIRECT SUPPORT-SURFACE REVIEW","Reproducible build, SDK/dependency and signing inputs","Retain and validate in authorized release build","Release packaging/reproducibility acceptance","DIRECTLY ANALYZED","","Support class build/packaging configuration; unique behavior reviewed directly where present.","","","","","","","","Build, dependency, SDK or packaging configuration","","","","","","","","","","","ACTIVE/SUPPORT — build/packaging configuration","Phase 1 authority; Phase 2 current reality; Phase 3 target boundary; Phase 4 support evidence","INDIVIDUAL — responsibility and compatibility reviewed for this path"
"PLATFORM_BUILD_SCRIPT_TOOL","android/.gradle/noVersion/buildLogic.lock","17","156F5D716EBD3EB0056DD421A62B0742BDD56AE188C30DE7BA34C43BB32434F6","build/packaging configuration","Controls build/packaging setting buildLogic.","Platform/build/release contract","build/release configuration","PLATFORM SUPPORT / RETAIN WITH BOUNDARY","Support-surface evidence for android/.gradle/noVersion/buildLogic.lock (17 bytes; SHA-256 156F5D716EBD3EB0056DD421A62B0742BDD56AE188C30DE7BA34C43BB32434F6).","DIRECT SUPPORT-SURFACE REVIEW","Reproducible build, SDK/dependency and signing inputs","Retain and validate in authorized release build","Release packaging/reproducibility acceptance","DIRECTLY ANALYZED","","Support class build/packaging configuration; unique behavior reviewed directly where present.","","","","","","","","Build, dependency, SDK or packaging configuration","","","","","","","","","","","ACTIVE/SUPPORT — build/packaging configuration","Phase 1 authority; Phase 2 current reality; Phase 3 target boundary; Phase 4 support evidence","INDIVIDUAL — responsibility and compatibility reviewed for this path"
"PLATFORM_BUILD_SCRIPT_TOOL","android/.gradle/vcs-1/gc.properties","0","E3B0C44298FC1C149AFBF4C8996FB92427AE41E4649B934CA495991B7852B855","build/packaging configuration","Controls build/packaging setting gc.","Platform/build/release contract","build/release configuration","PLATFORM SUPPORT / RETAIN WITH BOUNDARY","Support-surface evidence for android/.gradle/vcs-1/gc.properties (0 bytes; SHA-256 E3B0C44298FC1C149AFBF4C8996FB92427AE41E4649B934CA495991B7852B855).","DIRECT SUPPORT-SURFACE REVIEW","Reproducible build, SDK/dependency and signing inputs","Retain and validate in authorized release build","Release packaging/reproducibility acceptance","DIRECTLY ANALYZED","","Support class build/packaging configuration; unique behavior reviewed directly where present.","","","","","","","","Build, dependency, SDK or packaging configuration","","","","","","","","","","","ACTIVE/SUPPORT — build/packaging configuration","Phase 1 authority; Phase 2 current reality; Phase 3 target boundary; Phase 4 support evidence","INDIVIDUAL — responsibility and compatibility reviewed for this path"
"PLATFORM_BUILD_SCRIPT_TOOL","android/.kotlin/errors/errors-1786888586160.log","4269","A457F2364322E930CC3D386ABFCFDCDA1EA1DB56225716049D8550BF72860624","release/signing/provenance surface","Carries release/provenance support errors-1786888586160.","Platform/build/release contract","platform/release provenance","PLATFORM SUPPORT / RETAIN WITH BOUNDARY","Support-surface evidence for android/.kotlin/errors/errors-1786888586160.log (4269 bytes; SHA-256 A457F2364322E930CC3D386ABFCFDCDA1EA1DB56225716049D8550BF72860624).","DIRECT SUPPORT-SURFACE REVIEW","Artifact identity, signing, native resource and provenance compatibility","Retain and verify during release acceptance","Release/signing/provenance acceptance","DIRECTLY ANALYZED","","Support class release/signing/provenance surface; unique behavior reviewed directly where present.","","","","","","","","Release metadata, native resource or packaging provenance","","","","","","","","","","","ACTIVE/SUPPORT — release/signing/provenance surface","Phase 1 authority; Phase 2 current reality; Phase 3 target boundary; Phase 4 support evidence","INDIVIDUAL — responsibility and compatibility reviewed for this path"
"PLATFORM_BUILD_SCRIPT_TOOL","android/app/build.gradle.kts","1607","F884462E61FA424AC5EEE2CBD34BF89BC74D706F67D0649F33053C7D7B5069A7","build/packaging configuration","Controls build/packaging setting build.gradle.","Platform/build/release contract","build/release configuration","PLATFORM SUPPORT / RETAIN WITH BOUNDARY","Support-surface evidence for android/app/build.gradle.kts (1607 bytes; SHA-256 F884462E61FA424AC5EEE2CBD34BF89BC74D706F67D0649F33053C7D7B5069A7).","DIRECT SUPPORT-SURFACE REVIEW","Reproducible build, SDK/dependency and signing inputs","Retain and validate in authorized release build","Release packaging/reproducibility acceptance","DIRECTLY ANALYZED","","Support class build/packaging configuration; unique behavior reviewed directly where present.","","","","","","","","Build, dependency, SDK or packaging configuration","","","","","","","","","","","ACTIVE/SUPPORT — build/packaging configuration","Phase 1 authority; Phase 2 current reality; Phase 3 target boundary; Phase 4 support evidence","INDIVIDUAL — responsibility and compatibility reviewed for this path"
"PLATFORM_BUILD_SCRIPT_TOOL","android/app/src/debug/AndroidManifest.xml","385","B01A4541A8144C15BC617BAB7EB267C99FA1476368FBBDA5A12CDBF4E316A34C","active platform implementation","Implements platform integration AndroidManifest.","Platform/build/release contract","platform/android","PLATFORM SUPPORT / RETAIN WITH BOUNDARY","Support-surface evidence for android/app/src/debug/AndroidManifest.xml (385 bytes; SHA-256 B01A4541A8144C15BC617BAB7EB267C99FA1476368FBBDA5A12CDBF4E316A34C).","DIRECT SUPPORT-SURFACE REVIEW","OS lifecycle, filesystem, plugin and release runtime compatibility","Retain behind platform capability ports; validate runtime/release","Cross-platform release and restore acceptance rehearsal","DIRECTLY ANALYZED","","Support class active platform implementation; unique behavior reviewed directly where present.","","","","","","","","Platform runner, lifecycle, window, plugin, manifest or storage integration","","","","","","","","","","","ACTIVE/SUPPORT — active platform implementation","Phase 1 authority; Phase 2 current reality; Phase 3 target boundary; Phase 4 support evidence","INDIVIDUAL — responsibility and compatibility reviewed for this path"
"PLATFORM_BUILD_SCRIPT_TOOL","android/app/src/main/AndroidManifest.xml","3801","58BBC9E9F52636757760259199662137F357EA7C635ABC601DE65A68BF4CF4C2","active platform implementation","Implements platform integration AndroidManifest.","Platform/build/release contract","platform/android","PLATFORM SUPPORT / RETAIN WITH BOUNDARY","Support-surface evidence for android/app/src/main/AndroidManifest.xml (3801 bytes; SHA-256 58BBC9E9F52636757760259199662137F357EA7C635ABC601DE65A68BF4CF4C2).","DIRECT SUPPORT-SURFACE REVIEW","OS lifecycle, filesystem, plugin and release runtime compatibility","Retain behind platform capability ports; validate runtime/release","Cross-platform release and restore acceptance rehearsal","DIRECTLY ANALYZED","","Support class active platform implementation; unique behavior reviewed directly where present.","","","","","","","","Platform runner, lifecycle, window, plugin, manifest or storage integration","","","","","","","","","","","ACTIVE/SUPPORT — active platform implementation","Phase 1 authority; Phase 2 current reality; Phase 3 target boundary; Phase 4 support evidence","INDIVIDUAL — responsibility and compatibility reviewed for this path"
"PLATFORM_BUILD_SCRIPT_TOOL","android/app/src/main/java/io/flutter/plugins/GeneratedPluginRegistrant.java","2884","9C754D852431646C7F29463DB800499A7809325ADF5103360B974F9A63B5595A","release/signing/provenance surface","Carries release/provenance support GeneratedPluginRegistrant.","Platform/build/release contract","platform/release provenance","PLATFORM SUPPORT / RETAIN WITH BOUNDARY","Support-surface evidence for android/app/src/main/java/io/flutter/plugins/GeneratedPluginRegistrant.java (2884 bytes; SHA-256 9C754D852431646C7F29463DB800499A7809325ADF5103360B974F9A63B5595A).","DIRECT SUPPORT-SURFACE REVIEW","Artifact identity, signing, native resource and provenance compatibility","Retain and verify during release acceptance","Release/signing/provenance acceptance","DIRECTLY ANALYZED","","Support class release/signing/provenance surface; unique behavior reviewed directly where present.","","","","","","","","Release metadata, native resource or packaging provenance","","","","","","","","","","","ACTIVE/SUPPORT — release/signing/provenance surface","Phase 1 authority; Phase 2 current reality; Phase 3 target boundary; Phase 4 support evidence","INDIVIDUAL — responsibility and compatibility reviewed for this path"
"PLATFORM_BUILD_SCRIPT_TOOL","android/app/src/main/kotlin/com/tale/opc_v4/MainActivity.kt","17798","FC57A2ED9E823FA4A8DE10B5E01276B58874B8C271E789C5627BD79686DB2525","active platform implementation","Implements platform integration MainActivity.","Platform/build/release contract","platform/android","PLATFORM SUPPORT / RETAIN WITH BOUNDARY","Support-surface evidence for android/app/src/main/kotlin/com/tale/opc_v4/MainActivity.kt (17798 bytes; SHA-256 FC57A2ED9E823FA4A8DE10B5E01276B58874B8C271E789C5627BD79686DB2525).","DIRECT SUPPORT-SURFACE REVIEW","OS lifecycle, filesystem, plugin and release runtime compatibility","Retain behind platform capability ports; validate runtime/release","Cross-platform release and restore acceptance rehearsal","DIRECTLY ANALYZED","","Support class active platform implementation; unique behavior reviewed directly where present.","","","","","","","","Platform runner, lifecycle, window, plugin, manifest or storage integration","","","","","","","","","","","ACTIVE/SUPPORT — active platform implementation","Phase 1 authority; Phase 2 current reality; Phase 3 target boundary; Phase 4 support evidence","INDIVIDUAL — responsibility and compatibility reviewed for this path"
"PLATFORM_BUILD_SCRIPT_TOOL","android/app/src/main/res/drawable/launch_background.xml","446","2DF60E2CFBEE873CE2858088CF003E6B93498F2F568476DA437610467EA1A9D7","release/signing/provenance surface","Carries release/provenance support launch background.","Platform/build/release contract","platform/release provenance","PLATFORM SUPPORT / RETAIN WITH BOUNDARY","Support-surface evidence for android/app/src/main/res/drawable/launch_background.xml (446 bytes; SHA-256 2DF60E2CFBEE873CE2858088CF003E6B93498F2F568476DA437610467EA1A9D7).","DIRECT SUPPORT-SURFACE REVIEW","Artifact identity, signing, native resource and provenance compatibility","Retain and verify during release acceptance","Release/signing/provenance acceptance","DIRECTLY ANALYZED","","Support class release/signing/provenance surface; unique behavior reviewed directly where present.","","","","","","","","Release metadata, native resource or packaging provenance","","","","","","","","","","","ACTIVE/SUPPORT — release/signing/provenance surface","Phase 1 authority; Phase 2 current reality; Phase 3 target boundary; Phase 4 support evidence","INDIVIDUAL — responsibility and compatibility reviewed for this path"
"PLATFORM_BUILD_SCRIPT_TOOL","android/app/src/main/res/drawable-v21/launch_background.xml","450","DCA312EC77DE83E43EF70A825C299B51451247286C29167D62F19165750B8793","release/signing/provenance surface","Carries release/provenance support launch background.","Platform/build/release contract","platform/release provenance","PLATFORM SUPPORT / RETAIN WITH BOUNDARY","Support-surface evidence for android/app/src/main/res/drawable-v21/launch_background.xml (450 bytes; SHA-256 DCA312EC77DE83E43EF70A825C299B51451247286C29167D62F19165750B8793).","DIRECT SUPPORT-SURFACE REVIEW","Artifact identity, signing, native resource and provenance compatibility","Retain and verify during release acceptance","Release/signing/provenance acceptance","DIRECTLY ANALYZED","","Support class release/signing/provenance surface; unique behavior reviewed directly where present.","","","","","","","","Release metadata, native resource or packaging provenance","","","","","","","","","","","ACTIVE/SUPPORT — release/signing/provenance surface","Phase 1 authority; Phase 2 current reality; Phase 3 target boundary; Phase 4 support evidence","INDIVIDUAL — responsibility and compatibility reviewed for this path"
"PLATFORM_BUILD_SCRIPT_TOOL","android/app/src/main/res/mipmap-hdpi/ic_launcher.png","3434","AA3CC2FCBE2BC7257305EC62652D0E7C9189117E2EEA4AB7FA222E80DC896FAE","release/signing/provenance surface","Carries release/provenance support ic launcher.","Platform/build/release contract","platform/release provenance","PLATFORM SUPPORT / RETAIN WITH BOUNDARY","Support-surface evidence for android/app/src/main/res/mipmap-hdpi/ic_launcher.png (3434 bytes; SHA-256 AA3CC2FCBE2BC7257305EC62652D0E7C9189117E2EEA4AB7FA222E80DC896FAE).","DIRECT SUPPORT-SURFACE REVIEW","Artifact identity, signing, native resource and provenance compatibility","Retain and verify during release acceptance","Release/signing/provenance acceptance","DIRECTLY ANALYZED","","Support class release/signing/provenance surface; unique behavior reviewed directly where present.","","","","","","","","Release metadata, native resource or packaging provenance","","","","","","","","","","","ACTIVE/SUPPORT — release/signing/provenance surface","Phase 1 authority; Phase 2 current reality; Phase 3 target boundary; Phase 4 support evidence","INDIVIDUAL — responsibility and compatibility reviewed for this path"
"PLATFORM_BUILD_SCRIPT_TOOL","android/app/src/main/res/mipmap-mdpi/ic_launcher.png","2291","137F4C203A5D5F098B2C4E890FE9950EDE49045421300E10BCA17C05D8F53768","release/signing/provenance surface","Carries release/provenance support ic launcher.","Platform/build/release contract","platform/release provenance","PLATFORM SUPPORT / RETAIN WITH BOUNDARY","Support-surface evidence for android/app/src/main/res/mipmap-mdpi/ic_launcher.png (2291 bytes; SHA-256 137F4C203A5D5F098B2C4E890FE9950EDE49045421300E10BCA17C05D8F53768).","DIRECT SUPPORT-SURFACE REVIEW","Artifact identity, signing, native resource and provenance compatibility","Retain and verify during release acceptance","Release/signing/provenance acceptance","DIRECTLY ANALYZED","","Support class release/signing/provenance surface; unique behavior reviewed directly where present.","","","","","","","","Release metadata, native resource or packaging provenance","","","","","","","","","","","ACTIVE/SUPPORT — release/signing/provenance surface","Phase 1 authority; Phase 2 current reality; Phase 3 target boundary; Phase 4 support evidence","INDIVIDUAL — responsibility and compatibility reviewed for this path"
"PLATFORM_BUILD_SCRIPT_TOOL","android/app/src/main/res/mipmap-xhdpi/ic_launcher.png","4820","EFA807312DF59A00C3FD50E85FA0EA19C1651A40E7CE19C9AE0E8854F304A73D","release/signing/provenance surface","Carries release/provenance support ic launcher.","Platform/build/release contract","platform/release provenance","PLATFORM SUPPORT / RETAIN WITH BOUNDARY","Support-surface evidence for android/app/src/main/res/mipmap-xhdpi/ic_launcher.png (4820 bytes; SHA-256 EFA807312DF59A00C3FD50E85FA0EA19C1651A40E7CE19C9AE0E8854F304A73D).","DIRECT SUPPORT-SURFACE REVIEW","Artifact identity, signing, native resource and provenance compatibility","Retain and verify during release acceptance","Release/signing/provenance acceptance","DIRECTLY ANALYZED","","Support class release/signing/provenance surface; unique behavior reviewed directly where present.","","","","","","","","Release metadata, native resource or packaging provenance","","","","","","","","","","","ACTIVE/SUPPORT — release/signing/provenance surface","Phase 1 authority; Phase 2 current reality; Phase 3 target boundary; Phase 4 support evidence","INDIVIDUAL — responsibility and compatibility reviewed for this path"
"PLATFORM_BUILD_SCRIPT_TOOL","android/app/src/main/res/mipmap-xxhdpi/ic_launcher.png","7394","EA6A20CD05E6AA05882734BA86426F4E5EE8565E45A0A844C39D8E5591CB35FE","release/signing/provenance surface","Carries release/provenance support ic launcher.","Platform/build/release contract","platform/release provenance","PLATFORM SUPPORT / RETAIN WITH BOUNDARY","Support-surface evidence for android/app/src/main/res/mipmap-xxhdpi/ic_launcher.png (7394 bytes; SHA-256 EA6A20CD05E6AA05882734BA86426F4E5EE8565E45A0A844C39D8E5591CB35FE).","DIRECT SUPPORT-SURFACE REVIEW","Artifact identity, signing, native resource and provenance compatibility","Retain and verify during release acceptance","Release/signing/provenance acceptance","DIRECTLY ANALYZED","","Support class release/signing/provenance surface; unique behavior reviewed directly where present.","","","","","","","","Release metadata, native resource or packaging provenance","","","","","","","","","","","ACTIVE/SUPPORT — release/signing/provenance surface","Phase 1 authority; Phase 2 current reality; Phase 3 target boundary; Phase 4 support evidence","INDIVIDUAL — responsibility and compatibility reviewed for this path"
"PLATFORM_BUILD_SCRIPT_TOOL","android/app/src/main/res/mipmap-xxxhdpi/ic_launcher.png","9970","8E0F316F462883BDDAADF5F848A7B896D48D081A0DD194DB3EDCCA6243526071","release/signing/provenance surface","Carries release/provenance support ic launcher.","Platform/build/release contract","platform/release provenance","PLATFORM SUPPORT / RETAIN WITH BOUNDARY","Support-surface evidence for android/app/src/main/res/mipmap-xxxhdpi/ic_launcher.png (9970 bytes; SHA-256 8E0F316F462883BDDAADF5F848A7B896D48D081A0DD194DB3EDCCA6243526071).","DIRECT SUPPORT-SURFACE REVIEW","Artifact identity, signing, native resource and provenance compatibility","Retain and verify during release acceptance","Release/signing/provenance acceptance","DIRECTLY ANALYZED","","Support class release/signing/provenance surface; unique behavior reviewed directly where present.","","","","","","","","Release metadata, native resource or packaging provenance","","","","","","","","","","","ACTIVE/SUPPORT — release/signing/provenance surface","Phase 1 authority; Phase 2 current reality; Phase 3 target boundary; Phase 4 support evidence","INDIVIDUAL — responsibility and compatibility reviewed for this path"
"PLATFORM_BUILD_SCRIPT_TOOL","android/app/src/main/res/values/styles.xml","1014","CCA15A99B59380A548BF6A890F7CA5380EE509B1F9BBB2F5F9EC3589FA25C2F7","release/signing/provenance surface","Carries release/provenance support styles.","Platform/build/release contract","platform/release provenance","PLATFORM SUPPORT / RETAIN WITH BOUNDARY","Support-surface evidence for android/app/src/main/res/values/styles.xml (1014 bytes; SHA-256 CCA15A99B59380A548BF6A890F7CA5380EE509B1F9BBB2F5F9EC3589FA25C2F7).","DIRECT SUPPORT-SURFACE REVIEW","Artifact identity, signing, native resource and provenance compatibility","Retain and verify during release acceptance","Release/signing/provenance acceptance","DIRECTLY ANALYZED","","Support class release/signing/provenance surface; unique behavior reviewed directly where present.","","","","","","","","Release metadata, native resource or packaging provenance","","","","","","","","","","","ACTIVE/SUPPORT — release/signing/provenance surface","Phase 1 authority; Phase 2 current reality; Phase 3 target boundary; Phase 4 support evidence","INDIVIDUAL — responsibility and compatibility reviewed for this path"
"PLATFORM_BUILD_SCRIPT_TOOL","android/app/src/main/res/values-night/styles.xml","1013","EA763597DC1A84C8034251CAEE98D7753E0FBF57340FFC94677427DE4B537516","release/signing/provenance surface","Carries release/provenance support styles.","Platform/build/release contract","platform/release provenance","PLATFORM SUPPORT / RETAIN WITH BOUNDARY","Support-surface evidence for android/app/src/main/res/values-night/styles.xml (1013 bytes; SHA-256 EA763597DC1A84C8034251CAEE98D7753E0FBF57340FFC94677427DE4B537516).","DIRECT SUPPORT-SURFACE REVIEW","Artifact identity, signing, native resource and provenance compatibility","Retain and verify during release acceptance","Release/signing/provenance acceptance","DIRECTLY ANALYZED","","Support class release/signing/provenance surface; unique behavior reviewed directly where present.","","","","","","","","Release metadata, native resource or packaging provenance","","","","","","","","","","","ACTIVE/SUPPORT — release/signing/provenance surface","Phase 1 authority; Phase 2 current reality; Phase 3 target boundary; Phase 4 support evidence","INDIVIDUAL — responsibility and compatibility reviewed for this path"
"PLATFORM_BUILD_SCRIPT_TOOL","android/app/src/main/res/xml/file_paths.xml","184","DD073A01FE6ECF0CC0716C23BC2C5930D1BC966BA3E5297B5FF2C573E780ED31","release/signing/provenance surface","Carries release/provenance support file paths.","Platform/build/release contract","platform/release provenance","PLATFORM SUPPORT / RETAIN WITH BOUNDARY","Support-surface evidence for android/app/src/main/res/xml/file_paths.xml (184 bytes; SHA-256 DD073A01FE6ECF0CC0716C23BC2C5930D1BC966BA3E5297B5FF2C573E780ED31).","DIRECT SUPPORT-SURFACE REVIEW","Artifact identity, signing, native resource and provenance compatibility","Retain and verify during release acceptance","Release/signing/provenance acceptance","DIRECTLY ANALYZED","","Support class release/signing/provenance surface; unique behavior reviewed directly where present.","","","","","","","","Release metadata, native resource or packaging provenance","","","","","","","","","","","ACTIVE/SUPPORT — release/signing/provenance surface","Phase 1 authority; Phase 2 current reality; Phase 3 target boundary; Phase 4 support evidence","INDIVIDUAL — responsibility and compatibility reviewed for this path"
"PLATFORM_BUILD_SCRIPT_TOOL","android/app/src/profile/AndroidManifest.xml","385","B01A4541A8144C15BC617BAB7EB267C99FA1476368FBBDA5A12CDBF4E316A34C","active platform implementation","Implements platform integration AndroidManifest.","Platform/build/release contract","platform/android","PLATFORM SUPPORT / RETAIN WITH BOUNDARY","Support-surface evidence for android/app/src/profile/AndroidManifest.xml (385 bytes; SHA-256 B01A4541A8144C15BC617BAB7EB267C99FA1476368FBBDA5A12CDBF4E316A34C).","DIRECT SUPPORT-SURFACE REVIEW","OS lifecycle, filesystem, plugin and release runtime compatibility","Retain behind platform capability ports; validate runtime/release","Cross-platform release and restore acceptance rehearsal","DIRECTLY ANALYZED","","Support class active platform implementation; unique behavior reviewed directly where present.","","","","","","","","Platform runner, lifecycle, window, plugin, manifest or storage integration","","","","","","","","","","","ACTIVE/SUPPORT — active platform implementation","Phase 1 authority; Phase 2 current reality; Phase 3 target boundary; Phase 4 support evidence","INDIVIDUAL — responsibility and compatibility reviewed for this path"
"PLATFORM_BUILD_SCRIPT_TOOL","android/gradle/wrapper/gradle-wrapper.jar","53636","16CAEAF66D57A0D1D2087FEF6A97EFA62DE8DA69AFA5B908F40DB35AFC4342DA","build/packaging configuration","Controls build/packaging setting gradle-wrapper.","Platform/build/release contract","build/release configuration","PLATFORM SUPPORT / RETAIN WITH BOUNDARY","Support-surface evidence for android/gradle/wrapper/gradle-wrapper.jar (53636 bytes; SHA-256 16CAEAF66D57A0D1D2087FEF6A97EFA62DE8DA69AFA5B908F40DB35AFC4342DA).","DIRECT SUPPORT-SURFACE REVIEW","Reproducible build, SDK/dependency and signing inputs","Retain and validate in authorized release build","Release packaging/reproducibility acceptance","DIRECTLY ANALYZED","","Support class build/packaging configuration; unique behavior reviewed directly where present.","","","","","","","","Build, dependency, SDK or packaging configuration","","","","","","","","","","","ACTIVE/SUPPORT — build/packaging configuration","Phase 1 authority; Phase 2 current reality; Phase 3 target boundary; Phase 4 support evidence","INDIVIDUAL — responsibility and compatibility reviewed for this path"
"PLATFORM_BUILD_SCRIPT_TOOL","android/gradle/wrapper/gradle-wrapper.properties","206","1220FDD333A881E47441DE07B23F9DD1EBD35459730543AE429CF249847D91BF","build/packaging configuration","Controls build/packaging setting gradle-wrapper.","Platform/build/release contract","build/release configuration","PLATFORM SUPPORT / RETAIN WITH BOUNDARY","Support-surface evidence for android/gradle/wrapper/gradle-wrapper.properties (206 bytes; SHA-256 1220FDD333A881E47441DE07B23F9DD1EBD35459730543AE429CF249847D91BF).","DIRECT SUPPORT-SURFACE REVIEW","Reproducible build, SDK/dependency and signing inputs","Retain and validate in authorized release build","Release packaging/reproducibility acceptance","DIRECTLY ANALYZED","","Support class build/packaging configuration; unique behavior reviewed directly where present.","","","","","","","","Build, dependency, SDK or packaging configuration","","","","","","","","","","","ACTIVE/SUPPORT — build/packaging configuration","Phase 1 authority; Phase 2 current reality; Phase 3 target boundary; Phase 4 support evidence","INDIVIDUAL — responsibility and compatibility reviewed for this path"
"PLATFORM_BUILD_SCRIPT_TOOL","windows/.gitignore","308","955E3110CB16494EE76E1CD5DF47E2C212309EB94A49A123FE87F718DE413CB8","release/signing/provenance surface","Carries release/provenance support .","Platform/build/release contract","platform/release provenance","PLATFORM SUPPORT / RETAIN WITH BOUNDARY","Support-surface evidence for windows/.gitignore (308 bytes; SHA-256 955E3110CB16494EE76E1CD5DF47E2C212309EB94A49A123FE87F718DE413CB8).","DIRECT SUPPORT-SURFACE REVIEW","Artifact identity, signing, native resource and provenance compatibility","Retain and verify during release acceptance","Release/signing/provenance acceptance","DIRECTLY ANALYZED","","Support class release/signing/provenance surface; unique behavior reviewed directly where present.","","","","","","","","Release metadata, native resource or packaging provenance","","","","","","","","","","","ACTIVE/SUPPORT — release/signing/provenance surface","Phase 1 authority; Phase 2 current reality; Phase 3 target boundary; Phase 4 support evidence","INDIVIDUAL — responsibility and compatibility reviewed for this path"
"PLATFORM_BUILD_SCRIPT_TOOL","windows/CMakeLists.txt","4248","29D8D99D0A9FC2BA25D5C457F4A7B02624576B63F771EF765D95CB2EF6BFB1B6","active platform implementation","Implements platform integration CMakeLists.","Platform/build/release contract","platform/windows","PLATFORM SUPPORT / RETAIN WITH BOUNDARY","Support-surface evidence for windows/CMakeLists.txt (4248 bytes; SHA-256 29D8D99D0A9FC2BA25D5C457F4A7B02624576B63F771EF765D95CB2EF6BFB1B6).","DIRECT SUPPORT-SURFACE REVIEW","OS lifecycle, filesystem, plugin and release runtime compatibility","Retain behind platform capability ports; validate runtime/release","Cross-platform release and restore acceptance rehearsal","DIRECTLY ANALYZED","","Support class active platform implementation; unique behavior reviewed directly where present.","","","","","","","","Platform runner, lifecycle, window, plugin, manifest or storage integration","","","","","","","","","","","ACTIVE/SUPPORT — active platform implementation","Phase 1 authority; Phase 2 current reality; Phase 3 target boundary; Phase 4 support evidence","INDIVIDUAL — responsibility and compatibility reviewed for this path"
"PLATFORM_BUILD_SCRIPT_TOOL","windows/flutter/CMakeLists.txt","3851","BD05E3268B2F246BCBAFDB778165FE67A7BAFDBA04EB73599502563A67B8AE7E","active platform implementation","Implements platform integration CMakeLists.","Platform/build/release contract","platform/windows","PLATFORM SUPPORT / RETAIN WITH BOUNDARY","Support-surface evidence for windows/flutter/CMakeLists.txt (3851 bytes; SHA-256 BD05E3268B2F246BCBAFDB778165FE67A7BAFDBA04EB73599502563A67B8AE7E).","DIRECT SUPPORT-SURFACE REVIEW","OS lifecycle, filesystem, plugin and release runtime compatibility","Retain behind platform capability ports; validate runtime/release","Cross-platform release and restore acceptance rehearsal","DIRECTLY ANALYZED","","Support class active platform implementation; unique behavior reviewed directly where present.","","","","","","","","Platform runner, lifecycle, window, plugin, manifest or storage integration","","","","","","","","","","","ACTIVE/SUPPORT — active platform implementation","Phase 1 authority; Phase 2 current reality; Phase 3 target boundary; Phase 4 support evidence","INDIVIDUAL — responsibility and compatibility reviewed for this path"
"PLATFORM_BUILD_SCRIPT_TOOL","windows/flutter/generated_plugins.cmake","921","432C08DFB966D631481C24E2E26572C45667A486F3BC1AB806D46378670BA658","release/signing/provenance surface","Carries release/provenance support generated plugins.","Platform/build/release contract","platform/release provenance","PLATFORM SUPPORT / RETAIN WITH BOUNDARY","Support-surface evidence for windows/flutter/generated_plugins.cmake (921 bytes; SHA-256 432C08DFB966D631481C24E2E26572C45667A486F3BC1AB806D46378670BA658).","DIRECT SUPPORT-SURFACE REVIEW","Artifact identity, signing, native resource and provenance compatibility","Retain and verify during release acceptance","Release/signing/provenance acceptance","DIRECTLY ANALYZED","","Support class release/signing/provenance surface; unique behavior reviewed directly where present.","","","","","","","","Release metadata, native resource or packaging provenance","","","","","","","","","","","ACTIVE/SUPPORT — release/signing/provenance surface","Phase 1 authority; Phase 2 current reality; Phase 3 target boundary; Phase 4 support evidence","INDIVIDUAL — responsibility and compatibility reviewed for this path"
"PLATFORM_BUILD_SCRIPT_TOOL","windows/flutter/generated_plugin_registrant.cc","1345","F47972C895415A503ACC8349D317F9579870031B9B3096EEEB1DED7594CB832A","release/signing/provenance surface","Carries release/provenance support generated plugin registrant.","Platform/build/release contract","platform/release provenance","PLATFORM SUPPORT / RETAIN WITH BOUNDARY","Support-surface evidence for windows/flutter/generated_plugin_registrant.cc (1345 bytes; SHA-256 F47972C895415A503ACC8349D317F9579870031B9B3096EEEB1DED7594CB832A).","DIRECT SUPPORT-SURFACE REVIEW","Artifact identity, signing, native resource and provenance compatibility","Retain and verify during release acceptance","Release/signing/provenance acceptance","DIRECTLY ANALYZED","","Support class release/signing/provenance surface; unique behavior reviewed directly where present.","","","","","","","","Release metadata, native resource or packaging provenance","","","","","","","","","","","ACTIVE/SUPPORT — release/signing/provenance surface","Phase 1 authority; Phase 2 current reality; Phase 3 target boundary; Phase 4 support evidence","INDIVIDUAL — responsibility and compatibility reviewed for this path"
"PLATFORM_BUILD_SCRIPT_TOOL","windows/flutter/generated_plugin_registrant.h","302","DBC11635D7B1BA1887ADF40DF5B83D634E9C3AB0BEE34510C71528BB4D73602A","release/signing/provenance surface","Carries release/provenance support generated plugin registrant.","Platform/build/release contract","platform/release provenance","PLATFORM SUPPORT / RETAIN WITH BOUNDARY","Support-surface evidence for windows/flutter/generated_plugin_registrant.h (302 bytes; SHA-256 DBC11635D7B1BA1887ADF40DF5B83D634E9C3AB0BEE34510C71528BB4D73602A).","DIRECT SUPPORT-SURFACE REVIEW","Artifact identity, signing, native resource and provenance compatibility","Retain and verify during release acceptance","Release/signing/provenance acceptance","DIRECTLY ANALYZED","","Support class release/signing/provenance surface; unique behavior reviewed directly where present.","","","","","","","","Release metadata, native resource or packaging provenance","","","","","","","","","","","ACTIVE/SUPPORT — release/signing/provenance surface","Phase 1 authority; Phase 2 current reality; Phase 3 target boundary; Phase 4 support evidence","INDIVIDUAL — responsibility and compatibility reviewed for this path"
"PLATFORM_BUILD_SCRIPT_TOOL","windows/flutter/ephemeral/flutter_export.h","838","DC37C1D36F5410374DC93C1780809FF03E456CBCF0EFE2D07205F3E541E29CDB","generated/toolchain artifact","Generated support artifact flutter export; no hand-authored product behavior.","Platform/build/release contract","toolchain-generated support boundary","PLATFORM SUPPORT / RETAIN WITH BOUNDARY","Support-surface evidence for windows/flutter/ephemeral/flutter_export.h (838 bytes; SHA-256 DC37C1D36F5410374DC93C1780809FF03E456CBCF0EFE2D07205F3E541E29CDB).","GROUP CHARACTERIZATION — homogeneous generated invariant","Flutter/Gradle toolchain reproducibility","Regenerate from pinned toolchain; do not hand-edit","Pinned toolchain regeneration/reproducibility validation","BLOCK-LEVEL INVARIANT","PLAT-GEN-001: platform ephemeral/generated files are regenerated and validated as one homogeneous group.","Support class generated/toolchain artifact; unique behavior reviewed directly where present.","","","","","","","","Mechanically generated Flutter/Gradle output","","","","","","","","","","","SUPPORT — generated/toolchain","Phase 1 authority; Phase 2 current reality; Phase 3 target boundary; Phase 4 support evidence","GROUPED — explicit homogeneous generated invariant PLAT-GEN-001: platform ephemeral/generated files are regenerated and validated as one homogeneous group."
"PLATFORM_BUILD_SCRIPT_TOOL","windows/flutter/ephemeral/flutter_messenger.h","5204","0BC7ADEB55FE45C555135B17A02F9D357D4006658DF633873D705AD253599619","generated/toolchain artifact","Generated support artifact flutter messenger; no hand-authored product behavior.","Platform/build/release contract","toolchain-generated support boundary","PLATFORM SUPPORT / RETAIN WITH BOUNDARY","Support-surface evidence for windows/flutter/ephemeral/flutter_messenger.h (5204 bytes; SHA-256 0BC7ADEB55FE45C555135B17A02F9D357D4006658DF633873D705AD253599619).","GROUP CHARACTERIZATION — homogeneous generated invariant","Flutter/Gradle toolchain reproducibility","Regenerate from pinned toolchain; do not hand-edit","Pinned toolchain regeneration/reproducibility validation","BLOCK-LEVEL INVARIANT","PLAT-GEN-001: platform ephemeral/generated files are regenerated and validated as one homogeneous group.","Support class generated/toolchain artifact; unique behavior reviewed directly where present.","","","","","","","","Mechanically generated Flutter/Gradle output","","","","","","","","","","","SUPPORT — generated/toolchain","Phase 1 authority; Phase 2 current reality; Phase 3 target boundary; Phase 4 support evidence","GROUPED — explicit homogeneous generated invariant PLAT-GEN-001: platform ephemeral/generated files are regenerated and validated as one homogeneous group."
"PLATFORM_BUILD_SCRIPT_TOOL","windows/flutter/ephemeral/flutter_plugin_registrar.h","1638","0C39B36D8B0FF7D307AFA58C97F9C4607D9E8673B2F85969CE2A0BF3E50532B8","generated/toolchain artifact","Generated support artifact flutter plugin registrar; no hand-authored product behavior.","Platform/build/release contract","toolchain-generated support boundary","PLATFORM SUPPORT / RETAIN WITH BOUNDARY","Support-surface evidence for windows/flutter/ephemeral/flutter_plugin_registrar.h (1638 bytes; SHA-256 0C39B36D8B0FF7D307AFA58C97F9C4607D9E8673B2F85969CE2A0BF3E50532B8).","GROUP CHARACTERIZATION — homogeneous generated invariant","Flutter/Gradle toolchain reproducibility","Regenerate from pinned toolchain; do not hand-edit","Pinned toolchain regeneration/reproducibility validation","BLOCK-LEVEL INVARIANT","PLAT-GEN-001: platform ephemeral/generated files are regenerated and validated as one homogeneous group.","Support class generated/toolchain artifact; unique behavior reviewed directly where present.","","","","","","","","Mechanically generated Flutter/Gradle output","","","","","","","","","","","SUPPORT — generated/toolchain","Phase 1 authority; Phase 2 current reality; Phase 3 target boundary; Phase 4 support evidence","GROUPED — explicit homogeneous generated invariant PLAT-GEN-001: platform ephemeral/generated files are regenerated and validated as one homogeneous group."
"PLATFORM_BUILD_SCRIPT_TOOL","windows/flutter/ephemeral/flutter_texture_registrar.h","7332","F5CA8A82F76E5DE09D5F9A68599CB4BAED2CD866E98AF8C6EC45F14F66A87E96","generated/toolchain artifact","Generated support artifact flutter texture registrar; no hand-authored product behavior.","Platform/build/release contract","toolchain-generated support boundary","PLATFORM SUPPORT / RETAIN WITH BOUNDARY","Support-surface evidence for windows/flutter/ephemeral/flutter_texture_registrar.h (7332 bytes; SHA-256 F5CA8A82F76E5DE09D5F9A68599CB4BAED2CD866E98AF8C6EC45F14F66A87E96).","GROUP CHARACTERIZATION — homogeneous generated invariant","Flutter/Gradle toolchain reproducibility","Regenerate from pinned toolchain; do not hand-edit","Pinned toolchain regeneration/reproducibility validation","BLOCK-LEVEL INVARIANT","PLAT-GEN-001: platform ephemeral/generated files are regenerated and validated as one homogeneous group.","Support class generated/toolchain artifact; unique behavior reviewed directly where present.","","","","","","","","Mechanically generated Flutter/Gradle output","","","","","","","","","","","SUPPORT — generated/toolchain","Phase 1 authority; Phase 2 current reality; Phase 3 target boundary; Phase 4 support evidence","GROUPED — explicit homogeneous generated invariant PLAT-GEN-001: platform ephemeral/generated files are regenerated and validated as one homogeneous group."
"PLATFORM_BUILD_SCRIPT_TOOL","windows/flutter/ephemeral/flutter_windows.dll","20803584","C0304BEBA5FE98477177E151C673ADAD98D0442F50EFA25D03FF5F207CC21056","generated/toolchain artifact","Generated support artifact flutter windows; no hand-authored product behavior.","Platform/build/release contract","toolchain-generated support boundary","PLATFORM SUPPORT / RETAIN WITH BOUNDARY","Support-surface evidence for windows/flutter/ephemeral/flutter_windows.dll (20803584 bytes; SHA-256 C0304BEBA5FE98477177E151C673ADAD98D0442F50EFA25D03FF5F207CC21056).","GROUP CHARACTERIZATION — homogeneous generated invariant","Flutter/Gradle toolchain reproducibility","Regenerate from pinned toolchain; do not hand-edit","Pinned toolchain regeneration/reproducibility validation","BLOCK-LEVEL INVARIANT","PLAT-GEN-001: platform ephemeral/generated files are regenerated and validated as one homogeneous group.","Support class generated/toolchain artifact; unique behavior reviewed directly where present.","","","","","","","","Mechanically generated Flutter/Gradle output","","","","","","","","","","","SUPPORT — generated/toolchain","Phase 1 authority; Phase 2 current reality; Phase 3 target boundary; Phase 4 support evidence","GROUPED — explicit homogeneous generated invariant PLAT-GEN-001: platform ephemeral/generated files are regenerated and validated as one homogeneous group."
"PLATFORM_BUILD_SCRIPT_TOOL","windows/flutter/ephemeral/flutter_windows.dll.exp","20732","186862FF62933FF75E75E796AD48911AA0C0AF66EFDF978D6131B0F6DB98A0BD","generated/toolchain artifact","Generated support artifact flutter windows.dll; no hand-authored product behavior.","Platform/build/release contract","toolchain-generated support boundary","PLATFORM SUPPORT / RETAIN WITH BOUNDARY","Support-surface evidence for windows/flutter/ephemeral/flutter_windows.dll.exp (20732 bytes; SHA-256 186862FF62933FF75E75E796AD48911AA0C0AF66EFDF978D6131B0F6DB98A0BD).","GROUP CHARACTERIZATION — homogeneous generated invariant","Flutter/Gradle toolchain reproducibility","Regenerate from pinned toolchain; do not hand-edit","Pinned toolchain regeneration/reproducibility validation","BLOCK-LEVEL INVARIANT","PLAT-GEN-001: platform ephemeral/generated files are regenerated and validated as one homogeneous group.","Support class generated/toolchain artifact; unique behavior reviewed directly where present.","","","","","","","","Mechanically generated Flutter/Gradle output","","","","","","","","","","","SUPPORT — generated/toolchain","Phase 1 authority; Phase 2 current reality; Phase 3 target boundary; Phase 4 support evidence","GROUPED — explicit homogeneous generated invariant PLAT-GEN-001: platform ephemeral/generated files are regenerated and validated as one homogeneous group."
"PLATFORM_BUILD_SCRIPT_TOOL","windows/flutter/ephemeral/flutter_windows.dll.lib","35656","26BAE8669F51E8C68D230B2BD6999C4BF61352ECF1121B1105F0C24A3475C60C","generated/toolchain artifact","Generated support artifact flutter windows.dll; no hand-authored product behavior.","Platform/build/release contract","toolchain-generated support boundary","PLATFORM SUPPORT / RETAIN WITH BOUNDARY","Support-surface evidence for windows/flutter/ephemeral/flutter_windows.dll.lib (35656 bytes; SHA-256 26BAE8669F51E8C68D230B2BD6999C4BF61352ECF1121B1105F0C24A3475C60C).","GROUP CHARACTERIZATION — homogeneous generated invariant","Flutter/Gradle toolchain reproducibility","Regenerate from pinned toolchain; do not hand-edit","Pinned toolchain regeneration/reproducibility validation","BLOCK-LEVEL INVARIANT","PLAT-GEN-001: platform ephemeral/generated files are regenerated and validated as one homogeneous group.","Support class generated/toolchain artifact; unique behavior reviewed directly where present.","","","","","","","","Mechanically generated Flutter/Gradle output","","","","","","","","","","","SUPPORT — generated/toolchain","Phase 1 authority; Phase 2 current reality; Phase 3 target boundary; Phase 4 support evidence","GROUPED — explicit homogeneous generated invariant PLAT-GEN-001: platform ephemeral/generated files are regenerated and validated as one homogeneous group."
"PLATFORM_BUILD_SCRIPT_TOOL","windows/flutter/ephemeral/flutter_windows.dll.pdb","246460416","61D3FC55935E55CED8FECEB3C3104C7C6F6DCBE356ACF2AEA517F864480698E5","generated/toolchain artifact","Generated support artifact flutter windows.dll; no hand-authored product behavior.","Platform/build/release contract","toolchain-generated support boundary","PLATFORM SUPPORT / RETAIN WITH BOUNDARY","Support-surface evidence for windows/flutter/ephemeral/flutter_windows.dll.pdb (246460416 bytes; SHA-256 61D3FC55935E55CED8FECEB3C3104C7C6F6DCBE356ACF2AEA517F864480698E5).","GROUP CHARACTERIZATION — homogeneous generated invariant","Flutter/Gradle toolchain reproducibility","Regenerate from pinned toolchain; do not hand-edit","Pinned toolchain regeneration/reproducibility validation","BLOCK-LEVEL INVARIANT","PLAT-GEN-001: platform ephemeral/generated files are regenerated and validated as one homogeneous group.","Support class generated/toolchain artifact; unique behavior reviewed directly where present.","","","","","","","","Mechanically generated Flutter/Gradle output","","","","","","","","","","","SUPPORT — generated/toolchain","Phase 1 authority; Phase 2 current reality; Phase 3 target boundary; Phase 4 support evidence","GROUPED — explicit homogeneous generated invariant PLAT-GEN-001: platform ephemeral/generated files are regenerated and validated as one homogeneous group."
"PLATFORM_BUILD_SCRIPT_TOOL","windows/flutter/ephemeral/flutter_windows.h","14140","5DED0EA1A99FC330FDDB63D607EBCA189901D32D9A602C2B8756B337F26603BF","generated/toolchain artifact","Generated support artifact flutter windows; no hand-authored product behavior.","Platform/build/release contract","toolchain-generated support boundary","PLATFORM SUPPORT / RETAIN WITH BOUNDARY","Support-surface evidence for windows/flutter/ephemeral/flutter_windows.h (14140 bytes; SHA-256 5DED0EA1A99FC330FDDB63D607EBCA189901D32D9A602C2B8756B337F26603BF).","GROUP CHARACTERIZATION — homogeneous generated invariant","Flutter/Gradle toolchain reproducibility","Regenerate from pinned toolchain; do not hand-edit","Pinned toolchain regeneration/reproducibility validation","BLOCK-LEVEL INVARIANT","PLAT-GEN-001: platform ephemeral/generated files are regenerated and validated as one homogeneous group.","Support class generated/toolchain artifact; unique behavior reviewed directly where present.","","","","","","","","Mechanically generated Flutter/Gradle output","","","","","","","","","","","SUPPORT — generated/toolchain","Phase 1 authority; Phase 2 current reality; Phase 3 target boundary; Phase 4 support evidence","GROUPED — explicit homogeneous generated invariant PLAT-GEN-001: platform ephemeral/generated files are regenerated and validated as one homogeneous group."
"PLATFORM_BUILD_SCRIPT_TOOL","windows/flutter/ephemeral/generated_config.cmake","1202","B02329F2BFB2A0CB6F1BE3A49409CF2FF16D3DAC0771852A1E26869C15A9440F","generated/toolchain artifact","Generated support artifact generated config; no hand-authored product behavior.","Platform/build/release contract","toolchain-generated support boundary","PLATFORM SUPPORT / RETAIN WITH BOUNDARY","Support-surface evidence for windows/flutter/ephemeral/generated_config.cmake (1202 bytes; SHA-256 B02329F2BFB2A0CB6F1BE3A49409CF2FF16D3DAC0771852A1E26869C15A9440F).","GROUP CHARACTERIZATION — homogeneous generated invariant","Flutter/Gradle toolchain reproducibility","Regenerate from pinned toolchain; do not hand-edit","Pinned toolchain regeneration/reproducibility validation","BLOCK-LEVEL INVARIANT","PLAT-GEN-001: platform ephemeral/generated files are regenerated and validated as one homogeneous group.","Support class generated/toolchain artifact; unique behavior reviewed directly where present.","","","","","","","","Mechanically generated Flutter/Gradle output","","","","","","","","","","","SUPPORT — generated/toolchain","Phase 1 authority; Phase 2 current reality; Phase 3 target boundary; Phase 4 support evidence","GROUPED — explicit homogeneous generated invariant PLAT-GEN-001: platform ephemeral/generated files are regenerated and validated as one homogeneous group."
"PLATFORM_BUILD_SCRIPT_TOOL","windows/flutter/ephemeral/icudtl.dat","862304","998367809A821D595928089C197B3F7959F0420F81F79D4D0DAEE53378492ED5","generated/toolchain artifact","Generated support artifact icudtl; no hand-authored product behavior.","Platform/build/release contract","toolchain-generated support boundary","PLATFORM SUPPORT / RETAIN WITH BOUNDARY","Support-surface evidence for windows/flutter/ephemeral/icudtl.dat (862304 bytes; SHA-256 998367809A821D595928089C197B3F7959F0420F81F79D4D0DAEE53378492ED5).","GROUP CHARACTERIZATION — homogeneous generated invariant","Flutter/Gradle toolchain reproducibility","Regenerate from pinned toolchain; do not hand-edit","Pinned toolchain regeneration/reproducibility validation","BLOCK-LEVEL INVARIANT","PLAT-GEN-001: platform ephemeral/generated files are regenerated and validated as one homogeneous group.","Support class generated/toolchain artifact; unique behavior reviewed directly where present.","","","","","","","","Mechanically generated Flutter/Gradle output","","","","","","","","","","","SUPPORT — generated/toolchain","Phase 1 authority; Phase 2 current reality; Phase 3 target boundary; Phase 4 support evidence","GROUPED — explicit homogeneous generated invariant PLAT-GEN-001: platform ephemeral/generated files are regenerated and validated as one homogeneous group."
"PLATFORM_BUILD_SCRIPT_TOOL","windows/flutter/ephemeral/cpp_client_wrapper/binary_messenger_impl.h","1651","E88A83B20F44A2454594D0BD6D9AC158A9BEB30B40BBCE10DDBEF482053D9C7F","generated/toolchain artifact","Generated support artifact binary messenger impl; no hand-authored product behavior.","Platform/build/release contract","toolchain-generated support boundary","PLATFORM SUPPORT / RETAIN WITH BOUNDARY","Support-surface evidence for windows/flutter/ephemeral/cpp_client_wrapper/binary_messenger_impl.h (1651 bytes; SHA-256 E88A83B20F44A2454594D0BD6D9AC158A9BEB30B40BBCE10DDBEF482053D9C7F).","GROUP CHARACTERIZATION — homogeneous generated invariant","Flutter/Gradle toolchain reproducibility","Regenerate from pinned toolchain; do not hand-edit","Pinned toolchain regeneration/reproducibility validation","BLOCK-LEVEL INVARIANT","PLAT-GEN-001: platform ephemeral/generated files are regenerated and validated as one homogeneous group.","Support class generated/toolchain artifact; unique behavior reviewed directly where present.","","","","","","","","Mechanically generated Flutter/Gradle output","","","","","","","","","","","SUPPORT — generated/toolchain","Phase 1 authority; Phase 2 current reality; Phase 3 target boundary; Phase 4 support evidence","GROUPED — explicit homogeneous generated invariant PLAT-GEN-001: platform ephemeral/generated files are regenerated and validated as one homogeneous group."
"PLATFORM_BUILD_SCRIPT_TOOL","windows/flutter/ephemeral/cpp_client_wrapper/byte_buffer_streams.h","2946","B6CF6E45871AB2FAC6BA6F50FEFC68B4BD377C16345AC06F8D196AA2800F7B57","generated/toolchain artifact","Generated support artifact byte buffer streams; no hand-authored product behavior.","Platform/build/release contract","toolchain-generated support boundary","PLATFORM SUPPORT / RETAIN WITH BOUNDARY","Support-surface evidence for windows/flutter/ephemeral/cpp_client_wrapper/byte_buffer_streams.h (2946 bytes; SHA-256 B6CF6E45871AB2FAC6BA6F50FEFC68B4BD377C16345AC06F8D196AA2800F7B57).","GROUP CHARACTERIZATION — homogeneous generated invariant","Flutter/Gradle toolchain reproducibility","Regenerate from pinned toolchain; do not hand-edit","Pinned toolchain regeneration/reproducibility validation","BLOCK-LEVEL INVARIANT","PLAT-GEN-001: platform ephemeral/generated files are regenerated and validated as one homogeneous group.","Support class generated/toolchain artifact; unique behavior reviewed directly where present.","","","","","","","","Mechanically generated Flutter/Gradle output","","","","","","","","","","","SUPPORT — generated/toolchain","Phase 1 authority; Phase 2 current reality; Phase 3 target boundary; Phase 4 support evidence","GROUPED — explicit homogeneous generated invariant PLAT-GEN-001: platform ephemeral/generated files are regenerated and validated as one homogeneous group."
"PLATFORM_BUILD_SCRIPT_TOOL","windows/flutter/ephemeral/cpp_client_wrapper/core_implementations.cc","10693","3D6157197EDFE8996358739A2ADCFB25DC8FA5786571CE9E5D60D2A42943E1C8","generated/toolchain artifact","Generated support artifact core implementations; no hand-authored product behavior.","Platform/build/release contract","toolchain-generated support boundary","PLATFORM SUPPORT / RETAIN WITH BOUNDARY","Support-surface evidence for windows/flutter/ephemeral/cpp_client_wrapper/core_implementations.cc (10693 bytes; SHA-256 3D6157197EDFE8996358739A2ADCFB25DC8FA5786571CE9E5D60D2A42943E1C8).","GROUP CHARACTERIZATION — homogeneous generated invariant","Flutter/Gradle toolchain reproducibility","Regenerate from pinned toolchain; do not hand-edit","Pinned toolchain regeneration/reproducibility validation","BLOCK-LEVEL INVARIANT","PLAT-GEN-001: platform ephemeral/generated files are regenerated and validated as one homogeneous group.","Support class generated/toolchain artifact; unique behavior reviewed directly where present.","","","","","","","","Mechanically generated Flutter/Gradle output","","","","","","","","","","","SUPPORT — generated/toolchain","Phase 1 authority; Phase 2 current reality; Phase 3 target boundary; Phase 4 support evidence","GROUPED — explicit homogeneous generated invariant PLAT-GEN-001: platform ephemeral/generated files are regenerated and validated as one homogeneous group."
"PLATFORM_BUILD_SCRIPT_TOOL","windows/flutter/ephemeral/cpp_client_wrapper/engine_method_result.cc","529","53794963D2397E381492B04298C6B8B31E2243F9E6FB2C4153689640F50EF4C8","generated/toolchain artifact","Generated support artifact engine method result; no hand-authored product behavior.","Platform/build/release contract","toolchain-generated support boundary","PLATFORM SUPPORT / RETAIN WITH BOUNDARY","Support-surface evidence for windows/flutter/ephemeral/cpp_client_wrapper/engine_method_result.cc (529 bytes; SHA-256 53794963D2397E381492B04298C6B8B31E2243F9E6FB2C4153689640F50EF4C8).","GROUP CHARACTERIZATION — homogeneous generated invariant","Flutter/Gradle toolchain reproducibility","Regenerate from pinned toolchain; do not hand-edit","Pinned toolchain regeneration/reproducibility validation","BLOCK-LEVEL INVARIANT","PLAT-GEN-001: platform ephemeral/generated files are regenerated and validated as one homogeneous group.","Support class generated/toolchain artifact; unique behavior reviewed directly where present.","","","","","","","","Mechanically generated Flutter/Gradle output","","","","","","","","","","","SUPPORT — generated/toolchain","Phase 1 authority; Phase 2 current reality; Phase 3 target boundary; Phase 4 support evidence","GROUPED — explicit homogeneous generated invariant PLAT-GEN-001: platform ephemeral/generated files are regenerated and validated as one homogeneous group."
"PLATFORM_BUILD_SCRIPT_TOOL","windows/flutter/ephemeral/cpp_client_wrapper/flutter_engine.cc","4030","68C5C465429594BE184B81B403D91CC5C460B75B0EE0FFA880D3479884E22D1D","generated/toolchain artifact","Generated support artifact flutter engine; no hand-authored product behavior.","Platform/build/release contract","toolchain-generated support boundary","PLATFORM SUPPORT / RETAIN WITH BOUNDARY","Support-surface evidence for windows/flutter/ephemeral/cpp_client_wrapper/flutter_engine.cc (4030 bytes; SHA-256 68C5C465429594BE184B81B403D91CC5C460B75B0EE0FFA880D3479884E22D1D).","GROUP CHARACTERIZATION — homogeneous generated invariant","Flutter/Gradle toolchain reproducibility","Regenerate from pinned toolchain; do not hand-edit","Pinned toolchain regeneration/reproducibility validation","BLOCK-LEVEL INVARIANT","PLAT-GEN-001: platform ephemeral/generated files are regenerated and validated as one homogeneous group.","Support class generated/toolchain artifact; unique behavior reviewed directly where present.","","","","","","","","Mechanically generated Flutter/Gradle output","","","","","","","","","","","SUPPORT — generated/toolchain","Phase 1 authority; Phase 2 current reality; Phase 3 target boundary; Phase 4 support evidence","GROUPED — explicit homogeneous generated invariant PLAT-GEN-001: platform ephemeral/generated files are regenerated and validated as one homogeneous group."
"PLATFORM_BUILD_SCRIPT_TOOL","windows/flutter/ephemeral/cpp_client_wrapper/flutter_view_controller.cc","1726","EA67EBEA6A75638512D39D09160A8EC3FE1D66BEE7212146457D45CFDA74F7DB","generated/toolchain artifact","Generated support artifact flutter view controller; no hand-authored product behavior.","Platform/build/release contract","toolchain-generated support boundary","PLATFORM SUPPORT / RETAIN WITH BOUNDARY","Support-surface evidence for windows/flutter/ephemeral/cpp_client_wrapper/flutter_view_controller.cc (1726 bytes; SHA-256 EA67EBEA6A75638512D39D09160A8EC3FE1D66BEE7212146457D45CFDA74F7DB).","GROUP CHARACTERIZATION — homogeneous generated invariant","Flutter/Gradle toolchain reproducibility","Regenerate from pinned toolchain; do not hand-edit","Pinned toolchain regeneration/reproducibility validation","BLOCK-LEVEL INVARIANT","PLAT-GEN-001: platform ephemeral/generated files are regenerated and validated as one homogeneous group.","Support class generated/toolchain artifact; unique behavior reviewed directly where present.","","","","","","","","Mechanically generated Flutter/Gradle output","","","","","","","","","","","SUPPORT — generated/toolchain","Phase 1 authority; Phase 2 current reality; Phase 3 target boundary; Phase 4 support evidence","GROUPED — explicit homogeneous generated invariant PLAT-GEN-001: platform ephemeral/generated files are regenerated and validated as one homogeneous group."
"PLATFORM_BUILD_SCRIPT_TOOL","windows/flutter/ephemeral/cpp_client_wrapper/plugin_registrar.cc","1783","1E1A5242AC2DBDEBB2E3DA99BB34D5FD9BEB003C8621E1A155931B3342E7D7A0","generated/toolchain artifact","Generated support artifact plugin registrar; no hand-authored product behavior.","Platform/build/release contract","toolchain-generated support boundary","PLATFORM SUPPORT / RETAIN WITH BOUNDARY","Support-surface evidence for windows/flutter/ephemeral/cpp_client_wrapper/plugin_registrar.cc (1783 bytes; SHA-256 1E1A5242AC2DBDEBB2E3DA99BB34D5FD9BEB003C8621E1A155931B3342E7D7A0).","GROUP CHARACTERIZATION — homogeneous generated invariant","Flutter/Gradle toolchain reproducibility","Regenerate from pinned toolchain; do not hand-edit","Pinned toolchain regeneration/reproducibility validation","BLOCK-LEVEL INVARIANT","PLAT-GEN-001: platform ephemeral/generated files are regenerated and validated as one homogeneous group.","Support class generated/toolchain artifact; unique behavior reviewed directly where present.","","","","","","","","Mechanically generated Flutter/Gradle output","","","","","","","","","","","SUPPORT — generated/toolchain","Phase 1 authority; Phase 2 current reality; Phase 3 target boundary; Phase 4 support evidence","GROUPED — explicit homogeneous generated invariant PLAT-GEN-001: platform ephemeral/generated files are regenerated and validated as one homogeneous group."
"PLATFORM_BUILD_SCRIPT_TOOL","windows/flutter/ephemeral/cpp_client_wrapper/readme","496","3AF2C979E3AAFD0999BEE2C37A0F79CCB906D489B06F9D20C054C4142F2DFC2F","generated/toolchain artifact","Generated support artifact readme; no hand-authored product behavior.","Platform/build/release contract","toolchain-generated support boundary","PLATFORM SUPPORT / RETAIN WITH BOUNDARY","Support-surface evidence for windows/flutter/ephemeral/cpp_client_wrapper/readme (496 bytes; SHA-256 3AF2C979E3AAFD0999BEE2C37A0F79CCB906D489B06F9D20C054C4142F2DFC2F).","GROUP CHARACTERIZATION — homogeneous generated invariant","Flutter/Gradle toolchain reproducibility","Regenerate from pinned toolchain; do not hand-edit","Pinned toolchain regeneration/reproducibility validation","BLOCK-LEVEL INVARIANT","PLAT-GEN-001: platform ephemeral/generated files are regenerated and validated as one homogeneous group.","Support class generated/toolchain artifact; unique behavior reviewed directly where present.","","","","","","","","Mechanically generated Flutter/Gradle output","","","","","","","","","","","SUPPORT — generated/toolchain","Phase 1 authority; Phase 2 current reality; Phase 3 target boundary; Phase 4 support evidence","GROUPED — explicit homogeneous generated invariant PLAT-GEN-001: platform ephemeral/generated files are regenerated and validated as one homogeneous group."
"PLATFORM_BUILD_SCRIPT_TOOL","windows/flutter/ephemeral/cpp_client_wrapper/standard_codec.cc","15447","3D75B7F17D482E0047672EA5E3CB7ADF309976E7877FD3C5CC04D293BA671641","generated/toolchain artifact","Generated support artifact standard codec; no hand-authored product behavior.","Platform/build/release contract","toolchain-generated support boundary","PLATFORM SUPPORT / RETAIN WITH BOUNDARY","Support-surface evidence for windows/flutter/ephemeral/cpp_client_wrapper/standard_codec.cc (15447 bytes; SHA-256 3D75B7F17D482E0047672EA5E3CB7ADF309976E7877FD3C5CC04D293BA671641).","GROUP CHARACTERIZATION — homogeneous generated invariant","Flutter/Gradle toolchain reproducibility","Regenerate from pinned toolchain; do not hand-edit","Pinned toolchain regeneration/reproducibility validation","BLOCK-LEVEL INVARIANT","PLAT-GEN-001: platform ephemeral/generated files are regenerated and validated as one homogeneous group.","Support class generated/toolchain artifact; unique behavior reviewed directly where present.","","","","","","","","Mechanically generated Flutter/Gradle output","","","","","","","","","","","SUPPORT — generated/toolchain","Phase 1 authority; Phase 2 current reality; Phase 3 target boundary; Phase 4 support evidence","GROUPED — explicit homogeneous generated invariant PLAT-GEN-001: platform ephemeral/generated files are regenerated and validated as one homogeneous group."
"PLATFORM_BUILD_SCRIPT_TOOL","windows/flutter/ephemeral/cpp_client_wrapper/texture_registrar_impl.h","1543","B61F467D683D8C43F9BFB59DA797F23B33E397398E31B9960B4BD1751E6F5D41","generated/toolchain artifact","Generated support artifact texture registrar impl; no hand-authored product behavior.","Platform/build/release contract","toolchain-generated support boundary","PLATFORM SUPPORT / RETAIN WITH BOUNDARY","Support-surface evidence for windows/flutter/ephemeral/cpp_client_wrapper/texture_registrar_impl.h (1543 bytes; SHA-256 B61F467D683D8C43F9BFB59DA797F23B33E397398E31B9960B4BD1751E6F5D41).","GROUP CHARACTERIZATION — homogeneous generated invariant","Flutter/Gradle toolchain reproducibility","Regenerate from pinned toolchain; do not hand-edit","Pinned toolchain regeneration/reproducibility validation","BLOCK-LEVEL INVARIANT","PLAT-GEN-001: platform ephemeral/generated files are regenerated and validated as one homogeneous group.","Support class generated/toolchain artifact; unique behavior reviewed directly where present.","","","","","","","","Mechanically generated Flutter/Gradle output","","","","","","","","","","","SUPPORT — generated/toolchain","Phase 1 authority; Phase 2 current reality; Phase 3 target boundary; Phase 4 support evidence","GROUPED — explicit homogeneous generated invariant PLAT-GEN-001: platform ephemeral/generated files are regenerated and validated as one homogeneous group."
"PLATFORM_BUILD_SCRIPT_TOOL","windows/flutter/ephemeral/cpp_client_wrapper/include/flutter/basic_message_channel.h","5866","2B483D016862C88E403137C77E28CB290213901B806670B970B9FB5606D3D25D","generated/toolchain artifact","Generated support artifact basic message channel; no hand-authored product behavior.","Platform/build/release contract","toolchain-generated support boundary","PLATFORM SUPPORT / RETAIN WITH BOUNDARY","Support-surface evidence for windows/flutter/ephemeral/cpp_client_wrapper/include/flutter/basic_message_channel.h (5866 bytes; SHA-256 2B483D016862C88E403137C77E28CB290213901B806670B970B9FB5606D3D25D).","GROUP CHARACTERIZATION — homogeneous generated invariant","Flutter/Gradle toolchain reproducibility","Regenerate from pinned toolchain; do not hand-edit","Pinned toolchain regeneration/reproducibility validation","BLOCK-LEVEL INVARIANT","PLAT-GEN-001: platform ephemeral/generated files are regenerated and validated as one homogeneous group.","Support class generated/toolchain artifact; unique behavior reviewed directly where present.","","","","","","","","Mechanically generated Flutter/Gradle output","","","","","","","","","","","SUPPORT — generated/toolchain","Phase 1 authority; Phase 2 current reality; Phase 3 target boundary; Phase 4 support evidence","GROUPED — explicit homogeneous generated invariant PLAT-GEN-001: platform ephemeral/generated files are regenerated and validated as one homogeneous group."
"PLATFORM_BUILD_SCRIPT_TOOL","windows/flutter/ephemeral/cpp_client_wrapper/include/flutter/binary_messenger.h","1947","A9C148126433A73CF45BEE50A830047F5C54CBE9F97E6D0FF1236691246F7964","generated/toolchain artifact","Generated support artifact binary messenger; no hand-authored product behavior.","Platform/build/release contract","toolchain-generated support boundary","PLATFORM SUPPORT / RETAIN WITH BOUNDARY","Support-surface evidence for windows/flutter/ephemeral/cpp_client_wrapper/include/flutter/binary_messenger.h (1947 bytes; SHA-256 A9C148126433A73CF45BEE50A830047F5C54CBE9F97E6D0FF1236691246F7964).","GROUP CHARACTERIZATION — homogeneous generated invariant","Flutter/Gradle toolchain reproducibility","Regenerate from pinned toolchain; do not hand-edit","Pinned toolchain regeneration/reproducibility validation","BLOCK-LEVEL INVARIANT","PLAT-GEN-001: platform ephemeral/generated files are regenerated and validated as one homogeneous group.","Support class generated/toolchain artifact; unique behavior reviewed directly where present.","","","","","","","","Mechanically generated Flutter/Gradle output","","","","","","","","","","","SUPPORT — generated/toolchain","Phase 1 authority; Phase 2 current reality; Phase 3 target boundary; Phase 4 support evidence","GROUPED — explicit homogeneous generated invariant PLAT-GEN-001: platform ephemeral/generated files are regenerated and validated as one homogeneous group."
"PLATFORM_BUILD_SCRIPT_TOOL","windows/flutter/ephemeral/cpp_client_wrapper/include/flutter/byte_streams.h","2908","5B4852D2DC1BFBE58187D9BC262A01042845510C7029D044B64D71309B128E83","generated/toolchain artifact","Generated support artifact byte streams; no hand-authored product behavior.","Platform/build/release contract","toolchain-generated support boundary","PLATFORM SUPPORT / RETAIN WITH BOUNDARY","Support-surface evidence for windows/flutter/ephemeral/cpp_client_wrapper/include/flutter/byte_streams.h (2908 bytes; SHA-256 5B4852D2DC1BFBE58187D9BC262A01042845510C7029D044B64D71309B128E83).","GROUP CHARACTERIZATION — homogeneous generated invariant","Flutter/Gradle toolchain reproducibility","Regenerate from pinned toolchain; do not hand-edit","Pinned toolchain regeneration/reproducibility validation","BLOCK-LEVEL INVARIANT","PLAT-GEN-001: platform ephemeral/generated files are regenerated and validated as one homogeneous group.","Support class generated/toolchain artifact; unique behavior reviewed directly where present.","","","","","","","","Mechanically generated Flutter/Gradle output","","","","","","","","","","","SUPPORT — generated/toolchain","Phase 1 authority; Phase 2 current reality; Phase 3 target boundary; Phase 4 support evidence","GROUPED — explicit homogeneous generated invariant PLAT-GEN-001: platform ephemeral/generated files are regenerated and validated as one homogeneous group."
"PLATFORM_BUILD_SCRIPT_TOOL","windows/flutter/ephemeral/cpp_client_wrapper/include/flutter/dart_project.h","5718","21ACDAFDD7A339C9BD5D9EB234B3413F973A231B61A3CD3656767542F61F071B","generated/toolchain artifact","Generated support artifact dart project; no hand-authored product behavior.","Platform/build/release contract","toolchain-generated support boundary","PLATFORM SUPPORT / RETAIN WITH BOUNDARY","Support-surface evidence for windows/flutter/ephemeral/cpp_client_wrapper/include/flutter/dart_project.h (5718 bytes; SHA-256 21ACDAFDD7A339C9BD5D9EB234B3413F973A231B61A3CD3656767542F61F071B).","GROUP CHARACTERIZATION — homogeneous generated invariant","Flutter/Gradle toolchain reproducibility","Regenerate from pinned toolchain; do not hand-edit","Pinned toolchain regeneration/reproducibility validation","BLOCK-LEVEL INVARIANT","PLAT-GEN-001: platform ephemeral/generated files are regenerated and validated as one homogeneous group.","Support class generated/toolchain artifact; unique behavior reviewed directly where present.","","","","","","","","Mechanically generated Flutter/Gradle output","","","","","","","","","","","SUPPORT — generated/toolchain","Phase 1 authority; Phase 2 current reality; Phase 3 target boundary; Phase 4 support evidence","GROUPED — explicit homogeneous generated invariant PLAT-GEN-001: platform ephemeral/generated files are regenerated and validated as one homogeneous group."
"PLATFORM_BUILD_SCRIPT_TOOL","windows/flutter/ephemeral/cpp_client_wrapper/include/flutter/encodable_value.h","11663","2672440B287EBF0551A4475A54BC0E8F888A1C8BE556BFCD9F4B3D9C15E1FD37","generated/toolchain artifact","Generated support artifact encodable value; no hand-authored product behavior.","Platform/build/release contract","toolchain-generated support boundary","PLATFORM SUPPORT / RETAIN WITH BOUNDARY","Support-surface evidence for windows/flutter/ephemeral/cpp_client_wrapper/include/flutter/encodable_value.h (11663 bytes; SHA-256 2672440B287EBF0551A4475A54BC0E8F888A1C8BE556BFCD9F4B3D9C15E1FD37).","GROUP CHARACTERIZATION — homogeneous generated invariant","Flutter/Gradle toolchain reproducibility","Regenerate from pinned toolchain; do not hand-edit","Pinned toolchain regeneration/reproducibility validation","BLOCK-LEVEL INVARIANT","PLAT-GEN-001: platform ephemeral/generated files are regenerated and validated as one homogeneous group.","Support class generated/toolchain artifact; unique behavior reviewed directly where present.","","","","","","","","Mechanically generated Flutter/Gradle output","","","","","","","","","","","SUPPORT — generated/toolchain","Phase 1 authority; Phase 2 current reality; Phase 3 target boundary; Phase 4 support evidence","GROUPED — explicit homogeneous generated invariant PLAT-GEN-001: platform ephemeral/generated files are regenerated and validated as one homogeneous group."
"PLATFORM_BUILD_SCRIPT_TOOL","windows/flutter/ephemeral/cpp_client_wrapper/include/flutter/engine_method_result.h","2933","3300D3FE6AC2282DE919076E17DFAD9C014832E8CE1FD0794897BDFAD60BCCFD","generated/toolchain artifact","Generated support artifact engine method result; no hand-authored product behavior.","Platform/build/release contract","toolchain-generated support boundary","PLATFORM SUPPORT / RETAIN WITH BOUNDARY","Support-surface evidence for windows/flutter/ephemeral/cpp_client_wrapper/include/flutter/engine_method_result.h (2933 bytes; SHA-256 3300D3FE6AC2282DE919076E17DFAD9C014832E8CE1FD0794897BDFAD60BCCFD).","GROUP CHARACTERIZATION — homogeneous generated invariant","Flutter/Gradle toolchain reproducibility","Regenerate from pinned toolchain; do not hand-edit","Pinned toolchain regeneration/reproducibility validation","BLOCK-LEVEL INVARIANT","PLAT-GEN-001: platform ephemeral/generated files are regenerated and validated as one homogeneous group.","Support class generated/toolchain artifact; unique behavior reviewed directly where present.","","","","","","","","Mechanically generated Flutter/Gradle output","","","","","","","","","","","SUPPORT — generated/toolchain","Phase 1 authority; Phase 2 current reality; Phase 3 target boundary; Phase 4 support evidence","GROUPED — explicit homogeneous generated invariant PLAT-GEN-001: platform ephemeral/generated files are regenerated and validated as one homogeneous group."
"PLATFORM_BUILD_SCRIPT_TOOL","windows/flutter/ephemeral/cpp_client_wrapper/include/flutter/event_channel.h","7606","EAF20BAE4076A3645DE7FA4F0D6803D3599C43983CDB4197923A8BD0BFA60DAF","generated/toolchain artifact","Generated support artifact event channel; no hand-authored product behavior.","Platform/build/release contract","toolchain-generated support boundary","PLATFORM SUPPORT / RETAIN WITH BOUNDARY","Support-surface evidence for windows/flutter/ephemeral/cpp_client_wrapper/include/flutter/event_channel.h (7606 bytes; SHA-256 EAF20BAE4076A3645DE7FA4F0D6803D3599C43983CDB4197923A8BD0BFA60DAF).","GROUP CHARACTERIZATION — homogeneous generated invariant","Flutter/Gradle toolchain reproducibility","Regenerate from pinned toolchain; do not hand-edit","Pinned toolchain regeneration/reproducibility validation","BLOCK-LEVEL INVARIANT","PLAT-GEN-001: platform ephemeral/generated files are regenerated and validated as one homogeneous group.","Support class generated/toolchain artifact; unique behavior reviewed directly where present.","","","","","","","","Mechanically generated Flutter/Gradle output","","","","","","","","","","","SUPPORT — generated/toolchain","Phase 1 authority; Phase 2 current reality; Phase 3 target boundary; Phase 4 support evidence","GROUPED — explicit homogeneous generated invariant PLAT-GEN-001: platform ephemeral/generated files are regenerated and validated as one homogeneous group."
"PLATFORM_BUILD_SCRIPT_TOOL","windows/flutter/ephemeral/cpp_client_wrapper/include/flutter/event_sink.h","2167","206EEFCDC44C679B3944ECCECFAB55817B681EE01EB2876744C92DCB4BEFD5CC","generated/toolchain artifact","Generated support artifact event sink; no hand-authored product behavior.","Platform/build/release contract","toolchain-generated support boundary","PLATFORM SUPPORT / RETAIN WITH BOUNDARY","Support-surface evidence for windows/flutter/ephemeral/cpp_client_wrapper/include/flutter/event_sink.h (2167 bytes; SHA-256 206EEFCDC44C679B3944ECCECFAB55817B681EE01EB2876744C92DCB4BEFD5CC).","GROUP CHARACTERIZATION — homogeneous generated invariant","Flutter/Gradle toolchain reproducibility","Regenerate from pinned toolchain; do not hand-edit","Pinned toolchain regeneration/reproducibility validation","BLOCK-LEVEL INVARIANT","PLAT-GEN-001: platform ephemeral/generated files are regenerated and validated as one homogeneous group.","Support class generated/toolchain artifact; unique behavior reviewed directly where present.","","","","","","","","Mechanically generated Flutter/Gradle output","","","","","","","","","","","SUPPORT — generated/toolchain","Phase 1 authority; Phase 2 current reality; Phase 3 target boundary; Phase 4 support evidence","GROUPED — explicit homogeneous generated invariant PLAT-GEN-001: platform ephemeral/generated files are regenerated and validated as one homogeneous group."
"PLATFORM_BUILD_SCRIPT_TOOL","windows/flutter/ephemeral/cpp_client_wrapper/include/flutter/event_stream_handler.h","2954","6500DC235B0756F316794D31409894B95E0A3932FD0590ED011522E1017814B9","generated/toolchain artifact","Generated support artifact event stream handler; no hand-authored product behavior.","Platform/build/release contract","toolchain-generated support boundary","PLATFORM SUPPORT / RETAIN WITH BOUNDARY","Support-surface evidence for windows/flutter/ephemeral/cpp_client_wrapper/include/flutter/event_stream_handler.h (2954 bytes; SHA-256 6500DC235B0756F316794D31409894B95E0A3932FD0590ED011522E1017814B9).","GROUP CHARACTERIZATION — homogeneous generated invariant","Flutter/Gradle toolchain reproducibility","Regenerate from pinned toolchain; do not hand-edit","Pinned toolchain regeneration/reproducibility validation","BLOCK-LEVEL INVARIANT","PLAT-GEN-001: platform ephemeral/generated files are regenerated and validated as one homogeneous group.","Support class generated/toolchain artifact; unique behavior reviewed directly where present.","","","","","","","","Mechanically generated Flutter/Gradle output","","","","","","","","","","","SUPPORT — generated/toolchain","Phase 1 authority; Phase 2 current reality; Phase 3 target boundary; Phase 4 support evidence","GROUPED — explicit homogeneous generated invariant PLAT-GEN-001: platform ephemeral/generated files are regenerated and validated as one homogeneous group."
"PLATFORM_BUILD_SCRIPT_TOOL","windows/flutter/ephemeral/cpp_client_wrapper/include/flutter/event_stream_handler_functions.h","2654","14EB1DA5C1B8DCE313D363BDDD560C4DB1F3DBCB43BB91C8A11889E51F531DE2","generated/toolchain artifact","Generated support artifact event stream handler functions; no hand-authored product behavior.","Platform/build/release contract","toolchain-generated support boundary","PLATFORM SUPPORT / RETAIN WITH BOUNDARY","Support-surface evidence for windows/flutter/ephemeral/cpp_client_wrapper/include/flutter/event_stream_handler_functions.h (2654 bytes; SHA-256 14EB1DA5C1B8DCE313D363BDDD560C4DB1F3DBCB43BB91C8A11889E51F531DE2).","GROUP CHARACTERIZATION — homogeneous generated invariant","Flutter/Gradle toolchain reproducibility","Regenerate from pinned toolchain; do not hand-edit","Pinned toolchain regeneration/reproducibility validation","BLOCK-LEVEL INVARIANT","PLAT-GEN-001: platform ephemeral/generated files are regenerated and validated as one homogeneous group.","Support class generated/toolchain artifact; unique behavior reviewed directly where present.","","","","","","","","Mechanically generated Flutter/Gradle output","","","","","","","","","","","SUPPORT — generated/toolchain","Phase 1 authority; Phase 2 current reality; Phase 3 target boundary; Phase 4 support evidence","GROUPED — explicit homogeneous generated invariant PLAT-GEN-001: platform ephemeral/generated files are regenerated and validated as one homogeneous group."
"PLATFORM_BUILD_SCRIPT_TOOL","windows/flutter/ephemeral/cpp_client_wrapper/include/flutter/flutter_engine.h","5085","BD057A1026C24054942FDC20286DF172F06B79CCCF44E2006F0E38EFE7707FD3","generated/toolchain artifact","Generated support artifact flutter engine; no hand-authored product behavior.","Platform/build/release contract","toolchain-generated support boundary","PLATFORM SUPPORT / RETAIN WITH BOUNDARY","Support-surface evidence for windows/flutter/ephemeral/cpp_client_wrapper/include/flutter/flutter_engine.h (5085 bytes; SHA-256 BD057A1026C24054942FDC20286DF172F06B79CCCF44E2006F0E38EFE7707FD3).","GROUP CHARACTERIZATION — homogeneous generated invariant","Flutter/Gradle toolchain reproducibility","Regenerate from pinned toolchain; do not hand-edit","Pinned toolchain regeneration/reproducibility validation","BLOCK-LEVEL INVARIANT","PLAT-GEN-001: platform ephemeral/generated files are regenerated and validated as one homogeneous group.","Support class generated/toolchain artifact; unique behavior reviewed directly where present.","","","","","","","","Mechanically generated Flutter/Gradle output","","","","","","","","","","","SUPPORT — generated/toolchain","Phase 1 authority; Phase 2 current reality; Phase 3 target boundary; Phase 4 support evidence","GROUPED — explicit homogeneous generated invariant PLAT-GEN-001: platform ephemeral/generated files are regenerated and validated as one homogeneous group."
"PLATFORM_BUILD_SCRIPT_TOOL","windows/flutter/ephemeral/cpp_client_wrapper/include/flutter/flutter_view.h","1388","2785B219B1F4BB430BD97B8737E7511DA2D54EFAA163336F2323D4AC58384FCA","generated/toolchain artifact","Generated support artifact flutter view; no hand-authored product behavior.","Platform/build/release contract","toolchain-generated support boundary","PLATFORM SUPPORT / RETAIN WITH BOUNDARY","Support-surface evidence for windows/flutter/ephemeral/cpp_client_wrapper/include/flutter/flutter_view.h (1388 bytes; SHA-256 2785B219B1F4BB430BD97B8737E7511DA2D54EFAA163336F2323D4AC58384FCA).","GROUP CHARACTERIZATION — homogeneous generated invariant","Flutter/Gradle toolchain reproducibility","Regenerate from pinned toolchain; do not hand-edit","Pinned toolchain regeneration/reproducibility validation","BLOCK-LEVEL INVARIANT","PLAT-GEN-001: platform ephemeral/generated files are regenerated and validated as one homogeneous group.","Support class generated/toolchain artifact; unique behavior reviewed directly where present.","","","","","","","","Mechanically generated Flutter/Gradle output","","","","","","","","","","","SUPPORT — generated/toolchain","Phase 1 authority; Phase 2 current reality; Phase 3 target boundary; Phase 4 support evidence","GROUPED — explicit homogeneous generated invariant PLAT-GEN-001: platform ephemeral/generated files are regenerated and validated as one homogeneous group."
"PLATFORM_BUILD_SCRIPT_TOOL","windows/flutter/ephemeral/cpp_client_wrapper/include/flutter/flutter_view_controller.h","2719","F8E58F453C1AF8892E452D259C6A9405B7847E2B49DC95C6DCDF883F6D7F7A9F","generated/toolchain artifact","Generated support artifact flutter view controller; no hand-authored product behavior.","Platform/build/release contract","toolchain-generated support boundary","PLATFORM SUPPORT / RETAIN WITH BOUNDARY","Support-surface evidence for windows/flutter/ephemeral/cpp_client_wrapper/include/flutter/flutter_view_controller.h (2719 bytes; SHA-256 F8E58F453C1AF8892E452D259C6A9405B7847E2B49DC95C6DCDF883F6D7F7A9F).","GROUP CHARACTERIZATION — homogeneous generated invariant","Flutter/Gradle toolchain reproducibility","Regenerate from pinned toolchain; do not hand-edit","Pinned toolchain regeneration/reproducibility validation","BLOCK-LEVEL INVARIANT","PLAT-GEN-001: platform ephemeral/generated files are regenerated and validated as one homogeneous group.","Support class generated/toolchain artifact; unique behavior reviewed directly where present.","","","","","","","","Mechanically generated Flutter/Gradle output","","","","","","","","","","","SUPPORT — generated/toolchain","Phase 1 authority; Phase 2 current reality; Phase 3 target boundary; Phase 4 support evidence","GROUPED — explicit homogeneous generated invariant PLAT-GEN-001: platform ephemeral/generated files are regenerated and validated as one homogeneous group."
"PLATFORM_BUILD_SCRIPT_TOOL","windows/flutter/ephemeral/cpp_client_wrapper/include/flutter/message_codec.h","2305","3186A27F7D5073BB52F3ED2E1AD1F0D5D23C5CFFC0BDEBDF833354470BF232F1","generated/toolchain artifact","Generated support artifact message codec; no hand-authored product behavior.","Platform/build/release contract","toolchain-generated support boundary","PLATFORM SUPPORT / RETAIN WITH BOUNDARY","Support-surface evidence for windows/flutter/ephemeral/cpp_client_wrapper/include/flutter/message_codec.h (2305 bytes; SHA-256 3186A27F7D5073BB52F3ED2E1AD1F0D5D23C5CFFC0BDEBDF833354470BF232F1).","GROUP CHARACTERIZATION — homogeneous generated invariant","Flutter/Gradle toolchain reproducibility","Regenerate from pinned toolchain; do not hand-edit","Pinned toolchain regeneration/reproducibility validation","BLOCK-LEVEL INVARIANT","PLAT-GEN-001: platform ephemeral/generated files are regenerated and validated as one homogeneous group.","Support class generated/toolchain artifact; unique behavior reviewed directly where present.","","","","","","","","Mechanically generated Flutter/Gradle output","","","","","","","","","","","SUPPORT — generated/toolchain","Phase 1 authority; Phase 2 current reality; Phase 3 target boundary; Phase 4 support evidence","GROUPED — explicit homogeneous generated invariant PLAT-GEN-001: platform ephemeral/generated files are regenerated and validated as one homogeneous group."
"PLATFORM_BUILD_SCRIPT_TOOL","windows/flutter/ephemeral/cpp_client_wrapper/include/flutter/method_call.h","1402","951B7BB05C0D7335D1D8929FCE451FE4A5815CD83B9BB6F7FB70F0080C4215E9","generated/toolchain artifact","Generated support artifact method call; no hand-authored product behavior.","Platform/build/release contract","toolchain-generated support boundary","PLATFORM SUPPORT / RETAIN WITH BOUNDARY","Support-surface evidence for windows/flutter/ephemeral/cpp_client_wrapper/include/flutter/method_call.h (1402 bytes; SHA-256 951B7BB05C0D7335D1D8929FCE451FE4A5815CD83B9BB6F7FB70F0080C4215E9).","GROUP CHARACTERIZATION — homogeneous generated invariant","Flutter/Gradle toolchain reproducibility","Regenerate from pinned toolchain; do not hand-edit","Pinned toolchain regeneration/reproducibility validation","BLOCK-LEVEL INVARIANT","PLAT-GEN-001: platform ephemeral/generated files are regenerated and validated as one homogeneous group.","Support class generated/toolchain artifact; unique behavior reviewed directly where present.","","","","","","","","Mechanically generated Flutter/Gradle output","","","","","","","","","","","SUPPORT — generated/toolchain","Phase 1 authority; Phase 2 current reality; Phase 3 target boundary; Phase 4 support evidence","GROUPED — explicit homogeneous generated invariant PLAT-GEN-001: platform ephemeral/generated files are regenerated and validated as one homogeneous group."
"PLATFORM_BUILD_SCRIPT_TOOL","windows/flutter/ephemeral/cpp_client_wrapper/include/flutter/method_channel.h","5949","560BD71EF4C34B302F32747CDBC42F27DB0F3310BA9AF3837BAE0B41B06FF87B","generated/toolchain artifact","Generated support artifact method channel; no hand-authored product behavior.","Platform/build/release contract","toolchain-generated support boundary","PLATFORM SUPPORT / RETAIN WITH BOUNDARY","Support-surface evidence for windows/flutter/ephemeral/cpp_client_wrapper/include/flutter/method_channel.h (5949 bytes; SHA-256 560BD71EF4C34B302F32747CDBC42F27DB0F3310BA9AF3837BAE0B41B06FF87B).","GROUP CHARACTERIZATION — homogeneous generated invariant","Flutter/Gradle toolchain reproducibility","Regenerate from pinned toolchain; do not hand-edit","Pinned toolchain regeneration/reproducibility validation","BLOCK-LEVEL INVARIANT","PLAT-GEN-001: platform ephemeral/generated files are regenerated and validated as one homogeneous group.","Support class generated/toolchain artifact; unique behavior reviewed directly where present.","","","","","","","","Mechanically generated Flutter/Gradle output","","","","","","","","","","","SUPPORT — generated/toolchain","Phase 1 authority; Phase 2 current reality; Phase 3 target boundary; Phase 4 support evidence","GROUPED — explicit homogeneous generated invariant PLAT-GEN-001: platform ephemeral/generated files are regenerated and validated as one homogeneous group."
"PLATFORM_BUILD_SCRIPT_TOOL","windows/flutter/ephemeral/cpp_client_wrapper/include/flutter/method_codec.h","4381","361E3C353D2F32B5781375B5BC6A930DA994AA4AC5C86F27BD95DB302D6CD8F4","generated/toolchain artifact","Generated support artifact method codec; no hand-authored product behavior.","Platform/build/release contract","toolchain-generated support boundary","PLATFORM SUPPORT / RETAIN WITH BOUNDARY","Support-surface evidence for windows/flutter/ephemeral/cpp_client_wrapper/include/flutter/method_codec.h (4381 bytes; SHA-256 361E3C353D2F32B5781375B5BC6A930DA994AA4AC5C86F27BD95DB302D6CD8F4).","GROUP CHARACTERIZATION — homogeneous generated invariant","Flutter/Gradle toolchain reproducibility","Regenerate from pinned toolchain; do not hand-edit","Pinned toolchain regeneration/reproducibility validation","BLOCK-LEVEL INVARIANT","PLAT-GEN-001: platform ephemeral/generated files are regenerated and validated as one homogeneous group.","Support class generated/toolchain artifact; unique behavior reviewed directly where present.","","","","","","","","Mechanically generated Flutter/Gradle output","","","","","","","","","","","SUPPORT — generated/toolchain","Phase 1 authority; Phase 2 current reality; Phase 3 target boundary; Phase 4 support evidence","GROUPED — explicit homogeneous generated invariant PLAT-GEN-001: platform ephemeral/generated files are regenerated and validated as one homogeneous group."
"PLATFORM_BUILD_SCRIPT_TOOL","windows/flutter/ephemeral/cpp_client_wrapper/include/flutter/method_result.h","2860","906538745431284E00F2857DDFF03666FD61422F704518BAABB860D75DF4FA81","generated/toolchain artifact","Generated support artifact method result; no hand-authored product behavior.","Platform/build/release contract","toolchain-generated support boundary","PLATFORM SUPPORT / RETAIN WITH BOUNDARY","Support-surface evidence for windows/flutter/ephemeral/cpp_client_wrapper/include/flutter/method_result.h (2860 bytes; SHA-256 906538745431284E00F2857DDFF03666FD61422F704518BAABB860D75DF4FA81).","GROUP CHARACTERIZATION — homogeneous generated invariant","Flutter/Gradle toolchain reproducibility","Regenerate from pinned toolchain; do not hand-edit","Pinned toolchain regeneration/reproducibility validation","BLOCK-LEVEL INVARIANT","PLAT-GEN-001: platform ephemeral/generated files are regenerated and validated as one homogeneous group.","Support class generated/toolchain artifact; unique behavior reviewed directly where present.","","","","","","","","Mechanically generated Flutter/Gradle output","","","","","","","","","","","SUPPORT — generated/toolchain","Phase 1 authority; Phase 2 current reality; Phase 3 target boundary; Phase 4 support evidence","GROUPED — explicit homogeneous generated invariant PLAT-GEN-001: platform ephemeral/generated files are regenerated and validated as one homogeneous group."
"PLATFORM_BUILD_SCRIPT_TOOL","windows/flutter/ephemeral/cpp_client_wrapper/include/flutter/method_result_functions.h","2800","EC341CF21CCD93B04725A564D2A9ED0D05AAC088E1FE153DE2B529BB2C061DD4","generated/toolchain artifact","Generated support artifact method result functions; no hand-authored product behavior.","Platform/build/release contract","toolchain-generated support boundary","PLATFORM SUPPORT / RETAIN WITH BOUNDARY","Support-surface evidence for windows/flutter/ephemeral/cpp_client_wrapper/include/flutter/method_result_functions.h (2800 bytes; SHA-256 EC341CF21CCD93B04725A564D2A9ED0D05AAC088E1FE153DE2B529BB2C061DD4).","GROUP CHARACTERIZATION — homogeneous generated invariant","Flutter/Gradle toolchain reproducibility","Regenerate from pinned toolchain; do not hand-edit","Pinned toolchain regeneration/reproducibility validation","BLOCK-LEVEL INVARIANT","PLAT-GEN-001: platform ephemeral/generated files are regenerated and validated as one homogeneous group.","Support class generated/toolchain artifact; unique behavior reviewed directly where present.","","","","","","","","Mechanically generated Flutter/Gradle output","","","","","","","","","","","SUPPORT — generated/toolchain","Phase 1 authority; Phase 2 current reality; Phase 3 target boundary; Phase 4 support evidence","GROUPED — explicit homogeneous generated invariant PLAT-GEN-001: platform ephemeral/generated files are regenerated and validated as one homogeneous group."
"PLATFORM_BUILD_SCRIPT_TOOL","windows/flutter/ephemeral/cpp_client_wrapper/include/flutter/plugin_registrar.h","4812","EF4BE66C6DA2EFA835E6CFDFCDE3B09E8FFA714F7579783CF470C0E95744CB69","generated/toolchain artifact","Generated support artifact plugin registrar; no hand-authored product behavior.","Platform/build/release contract","toolchain-generated support boundary","PLATFORM SUPPORT / RETAIN WITH BOUNDARY","Support-surface evidence for windows/flutter/ephemeral/cpp_client_wrapper/include/flutter/plugin_registrar.h (4812 bytes; SHA-256 EF4BE66C6DA2EFA835E6CFDFCDE3B09E8FFA714F7579783CF470C0E95744CB69).","GROUP CHARACTERIZATION — homogeneous generated invariant","Flutter/Gradle toolchain reproducibility","Regenerate from pinned toolchain; do not hand-edit","Pinned toolchain regeneration/reproducibility validation","BLOCK-LEVEL INVARIANT","PLAT-GEN-001: platform ephemeral/generated files are regenerated and validated as one homogeneous group.","Support class generated/toolchain artifact; unique behavior reviewed directly where present.","","","","","","","","Mechanically generated Flutter/Gradle output","","","","","","","","","","","SUPPORT — generated/toolchain","Phase 1 authority; Phase 2 current reality; Phase 3 target boundary; Phase 4 support evidence","GROUPED — explicit homogeneous generated invariant PLAT-GEN-001: platform ephemeral/generated files are regenerated and validated as one homogeneous group."
"PLATFORM_BUILD_SCRIPT_TOOL","windows/flutter/ephemeral/cpp_client_wrapper/include/flutter/plugin_registrar_windows.h","5957","4BBF64581E6A84586B7896BA5B845B222A71946B5369340525623B638EB73C44","generated/toolchain artifact","Generated support artifact plugin registrar windows; no hand-authored product behavior.","Platform/build/release contract","toolchain-generated support boundary","PLATFORM SUPPORT / RETAIN WITH BOUNDARY","Support-surface evidence for windows/flutter/ephemeral/cpp_client_wrapper/include/flutter/plugin_registrar_windows.h (5957 bytes; SHA-256 4BBF64581E6A84586B7896BA5B845B222A71946B5369340525623B638EB73C44).","GROUP CHARACTERIZATION — homogeneous generated invariant","Flutter/Gradle toolchain reproducibility","Regenerate from pinned toolchain; do not hand-edit","Pinned toolchain regeneration/reproducibility validation","BLOCK-LEVEL INVARIANT","PLAT-GEN-001: platform ephemeral/generated files are regenerated and validated as one homogeneous group.","Support class generated/toolchain artifact; unique behavior reviewed directly where present.","","","","","","","","Mechanically generated Flutter/Gradle output","","","","","","","","","","","SUPPORT — generated/toolchain","Phase 1 authority; Phase 2 current reality; Phase 3 target boundary; Phase 4 support evidence","GROUPED — explicit homogeneous generated invariant PLAT-GEN-001: platform ephemeral/generated files are regenerated and validated as one homogeneous group."
"PLATFORM_BUILD_SCRIPT_TOOL","windows/flutter/ephemeral/cpp_client_wrapper/include/flutter/plugin_registry.h","1225","45CA53F15F1E7BD5A41E9358F586C5FA76AA2EF39B5383F38086DBACF43C50A3","generated/toolchain artifact","Generated support artifact plugin registry; no hand-authored product behavior.","Platform/build/release contract","toolchain-generated support boundary","PLATFORM SUPPORT / RETAIN WITH BOUNDARY","Support-surface evidence for windows/flutter/ephemeral/cpp_client_wrapper/include/flutter/plugin_registry.h (1225 bytes; SHA-256 45CA53F15F1E7BD5A41E9358F586C5FA76AA2EF39B5383F38086DBACF43C50A3).","GROUP CHARACTERIZATION — homogeneous generated invariant","Flutter/Gradle toolchain reproducibility","Regenerate from pinned toolchain; do not hand-edit","Pinned toolchain regeneration/reproducibility validation","BLOCK-LEVEL INVARIANT","PLAT-GEN-001: platform ephemeral/generated files are regenerated and validated as one homogeneous group.","Support class generated/toolchain artifact; unique behavior reviewed directly where present.","","","","","","","","Mechanically generated Flutter/Gradle output","","","","","","","","","","","SUPPORT — generated/toolchain","Phase 1 authority; Phase 2 current reality; Phase 3 target boundary; Phase 4 support evidence","GROUPED — explicit homogeneous generated invariant PLAT-GEN-001: platform ephemeral/generated files are regenerated and validated as one homogeneous group."
"PLATFORM_BUILD_SCRIPT_TOOL","windows/flutter/ephemeral/cpp_client_wrapper/include/flutter/standard_codec_serializer.h","2957","EB20D05F9BF201125FEA8332BD1216F773976AD4B2C2E0D0BF8931F2BDED68C2","generated/toolchain artifact","Generated support artifact standard codec serializer; no hand-authored product behavior.","Platform/build/release contract","toolchain-generated support boundary","PLATFORM SUPPORT / RETAIN WITH BOUNDARY","Support-surface evidence for windows/flutter/ephemeral/cpp_client_wrapper/include/flutter/standard_codec_serializer.h (2957 bytes; SHA-256 EB20D05F9BF201125FEA8332BD1216F773976AD4B2C2E0D0BF8931F2BDED68C2).","GROUP CHARACTERIZATION — homogeneous generated invariant","Flutter/Gradle toolchain reproducibility","Regenerate from pinned toolchain; do not hand-edit","Pinned toolchain regeneration/reproducibility validation","BLOCK-LEVEL INVARIANT","PLAT-GEN-001: platform ephemeral/generated files are regenerated and validated as one homogeneous group.","Support class generated/toolchain artifact; unique behavior reviewed directly where present.","","","","","","","","Mechanically generated Flutter/Gradle output","","","","","","","","","","","SUPPORT — generated/toolchain","Phase 1 authority; Phase 2 current reality; Phase 3 target boundary; Phase 4 support evidence","GROUPED — explicit homogeneous generated invariant PLAT-GEN-001: platform ephemeral/generated files are regenerated and validated as one homogeneous group."
"PLATFORM_BUILD_SCRIPT_TOOL","windows/flutter/ephemeral/cpp_client_wrapper/include/flutter/standard_message_codec.h","2108","178070C1353C533F7AB082DDD4018923629E345963A72D9FFAB71D555B17D732","generated/toolchain artifact","Generated support artifact standard message codec; no hand-authored product behavior.","Platform/build/release contract","toolchain-generated support boundary","PLATFORM SUPPORT / RETAIN WITH BOUNDARY","Support-surface evidence for windows/flutter/ephemeral/cpp_client_wrapper/include/flutter/standard_message_codec.h (2108 bytes; SHA-256 178070C1353C533F7AB082DDD4018923629E345963A72D9FFAB71D555B17D732).","GROUP CHARACTERIZATION — homogeneous generated invariant","Flutter/Gradle toolchain reproducibility","Regenerate from pinned toolchain; do not hand-edit","Pinned toolchain regeneration/reproducibility validation","BLOCK-LEVEL INVARIANT","PLAT-GEN-001: platform ephemeral/generated files are regenerated and validated as one homogeneous group.","Support class generated/toolchain artifact; unique behavior reviewed directly where present.","","","","","","","","Mechanically generated Flutter/Gradle output","","","","","","","","","","","SUPPORT — generated/toolchain","Phase 1 authority; Phase 2 current reality; Phase 3 target boundary; Phase 4 support evidence","GROUPED — explicit homogeneous generated invariant PLAT-GEN-001: platform ephemeral/generated files are regenerated and validated as one homogeneous group."
"PLATFORM_BUILD_SCRIPT_TOOL","windows/flutter/ephemeral/cpp_client_wrapper/include/flutter/standard_method_codec.h","2688","DE3EE98C8F1D13A5685F442914CAA8820C024959419BC70049484C8E54DD10BE","generated/toolchain artifact","Generated support artifact standard method codec; no hand-authored product behavior.","Platform/build/release contract","toolchain-generated support boundary","PLATFORM SUPPORT / RETAIN WITH BOUNDARY","Support-surface evidence for windows/flutter/ephemeral/cpp_client_wrapper/include/flutter/standard_method_codec.h (2688 bytes; SHA-256 DE3EE98C8F1D13A5685F442914CAA8820C024959419BC70049484C8E54DD10BE).","GROUP CHARACTERIZATION — homogeneous generated invariant","Flutter/Gradle toolchain reproducibility","Regenerate from pinned toolchain; do not hand-edit","Pinned toolchain regeneration/reproducibility validation","BLOCK-LEVEL INVARIANT","PLAT-GEN-001: platform ephemeral/generated files are regenerated and validated as one homogeneous group.","Support class generated/toolchain artifact; unique behavior reviewed directly where present.","","","","","","","","Mechanically generated Flutter/Gradle output","","","","","","","","","","","SUPPORT — generated/toolchain","Phase 1 authority; Phase 2 current reality; Phase 3 target boundary; Phase 4 support evidence","GROUPED — explicit homogeneous generated invariant PLAT-GEN-001: platform ephemeral/generated files are regenerated and validated as one homogeneous group."
"PLATFORM_BUILD_SCRIPT_TOOL","windows/flutter/ephemeral/cpp_client_wrapper/include/flutter/texture_registrar.h","4341","5083EFBB90D1C0999A4A64330880C08D0E3D9F354CC6ACE04AB332A79CD5C2DF","generated/toolchain artifact","Generated support artifact texture registrar; no hand-authored product behavior.","Platform/build/release contract","toolchain-generated support boundary","PLATFORM SUPPORT / RETAIN WITH BOUNDARY","Support-surface evidence for windows/flutter/ephemeral/cpp_client_wrapper/include/flutter/texture_registrar.h (4341 bytes; SHA-256 5083EFBB90D1C0999A4A64330880C08D0E3D9F354CC6ACE04AB332A79CD5C2DF).","GROUP CHARACTERIZATION — homogeneous generated invariant","Flutter/Gradle toolchain reproducibility","Regenerate from pinned toolchain; do not hand-edit","Pinned toolchain regeneration/reproducibility validation","BLOCK-LEVEL INVARIANT","PLAT-GEN-001: platform ephemeral/generated files are regenerated and validated as one homogeneous group.","Support class generated/toolchain artifact; unique behavior reviewed directly where present.","","","","","","","","Mechanically generated Flutter/Gradle output","","","","","","","","","","","SUPPORT — generated/toolchain","Phase 1 authority; Phase 2 current reality; Phase 3 target boundary; Phase 4 support evidence","GROUPED — explicit homogeneous generated invariant PLAT-GEN-001: platform ephemeral/generated files are regenerated and validated as one homogeneous group."
"PLATFORM_BUILD_SCRIPT_TOOL","windows/runner/CMakeLists.txt","1836","D765FDD05F63AD099E585A2CCED0CBFF13EC3229B7DE68C8681B2107DB850089","active platform implementation","Implements platform integration CMakeLists.","Platform/build/release contract","platform/windows","PLATFORM SUPPORT / RETAIN WITH BOUNDARY","Support-surface evidence for windows/runner/CMakeLists.txt (1836 bytes; SHA-256 D765FDD05F63AD099E585A2CCED0CBFF13EC3229B7DE68C8681B2107DB850089).","DIRECT SUPPORT-SURFACE REVIEW","OS lifecycle, filesystem, plugin and release runtime compatibility","Retain behind platform capability ports; validate runtime/release","Cross-platform release and restore acceptance rehearsal","DIRECTLY ANALYZED","","Support class active platform implementation; unique behavior reviewed directly where present.","","","","","","","","Platform runner, lifecycle, window, plugin, manifest or storage integration","","","","","","","","","","","ACTIVE/SUPPORT — active platform implementation","Phase 1 authority; Phase 2 current reality; Phase 3 target boundary; Phase 4 support evidence","INDIVIDUAL — responsibility and compatibility reviewed for this path"
"PLATFORM_BUILD_SCRIPT_TOOL","windows/runner/flutter_window.cpp","2222","5EDDE0695F47E869C5437D8686913A11BBB7F3A6C1C3C090A45D2A00A18F7F6E","active platform implementation","Implements platform integration flutter window.","Platform/build/release contract","platform/windows","PLATFORM SUPPORT / RETAIN WITH BOUNDARY","Support-surface evidence for windows/runner/flutter_window.cpp (2222 bytes; SHA-256 5EDDE0695F47E869C5437D8686913A11BBB7F3A6C1C3C090A45D2A00A18F7F6E).","DIRECT SUPPORT-SURFACE REVIEW","OS lifecycle, filesystem, plugin and release runtime compatibility","Retain behind platform capability ports; validate runtime/release","Cross-platform release and restore acceptance rehearsal","DIRECTLY ANALYZED","","Support class active platform implementation; unique behavior reviewed directly where present.","","","","","","","","Platform runner, lifecycle, window, plugin, manifest or storage integration","","","","","","","","","","","ACTIVE/SUPPORT — active platform implementation","Phase 1 authority; Phase 2 current reality; Phase 3 target boundary; Phase 4 support evidence","INDIVIDUAL — responsibility and compatibility reviewed for this path"
"PLATFORM_BUILD_SCRIPT_TOOL","windows/runner/flutter_window.h","961","0252B804F5DA380C7709CBE1DAFF2B8D18DAF6C49D7E6DD43E5AF3C99C19F56C","active platform implementation","Implements platform integration flutter window.","Platform/build/release contract","platform/windows","PLATFORM SUPPORT / RETAIN WITH BOUNDARY","Support-surface evidence for windows/runner/flutter_window.h (961 bytes; SHA-256 0252B804F5DA380C7709CBE1DAFF2B8D18DAF6C49D7E6DD43E5AF3C99C19F56C).","DIRECT SUPPORT-SURFACE REVIEW","OS lifecycle, filesystem, plugin and release runtime compatibility","Retain behind platform capability ports; validate runtime/release","Cross-platform release and restore acceptance rehearsal","DIRECTLY ANALYZED","","Support class active platform implementation; unique behavior reviewed directly where present.","","","","","","","","Platform runner, lifecycle, window, plugin, manifest or storage integration","","","","","","","","","","","ACTIVE/SUPPORT — active platform implementation","Phase 1 authority; Phase 2 current reality; Phase 3 target boundary; Phase 4 support evidence","INDIVIDUAL — responsibility and compatibility reviewed for this path"
"PLATFORM_BUILD_SCRIPT_TOOL","windows/runner/main.cpp","2316","FFD03CCA5821FB1813CDF2D9CAADB687C79DB1E8AFA0CB27976EE8C379885863","active platform implementation","Implements platform integration main.","Platform/build/release contract","platform/windows","PLATFORM SUPPORT / RETAIN WITH BOUNDARY","Support-surface evidence for windows/runner/main.cpp (2316 bytes; SHA-256 FFD03CCA5821FB1813CDF2D9CAADB687C79DB1E8AFA0CB27976EE8C379885863).","DIRECT SUPPORT-SURFACE REVIEW","OS lifecycle, filesystem, plugin and release runtime compatibility","Retain behind platform capability ports; validate runtime/release","Cross-platform release and restore acceptance rehearsal","DIRECTLY ANALYZED","","Support class active platform implementation; unique behavior reviewed directly where present.","","","","","","","","Platform runner, lifecycle, window, plugin, manifest or storage integration","","","","","","","","","","","ACTIVE/SUPPORT — active platform implementation","Phase 1 authority; Phase 2 current reality; Phase 3 target boundary; Phase 4 support evidence","INDIVIDUAL — responsibility and compatibility reviewed for this path"
"PLATFORM_BUILD_SCRIPT_TOOL","windows/runner/resource.h","448","D0E8BF7835468B4B6B1F8F0747F2E8F25C19841F2DF2AC60AAA584DDAE3AA7C6","active platform implementation","Implements platform integration resource.","Platform/build/release contract","platform/windows","PLATFORM SUPPORT / RETAIN WITH BOUNDARY","Support-surface evidence for windows/runner/resource.h (448 bytes; SHA-256 D0E8BF7835468B4B6B1F8F0747F2E8F25C19841F2DF2AC60AAA584DDAE3AA7C6).","DIRECT SUPPORT-SURFACE REVIEW","OS lifecycle, filesystem, plugin and release runtime compatibility","Retain behind platform capability ports; validate runtime/release","Cross-platform release and restore acceptance rehearsal","DIRECTLY ANALYZED","","Support class active platform implementation; unique behavior reviewed directly where present.","","","","","","","","Platform runner, lifecycle, window, plugin, manifest or storage integration","","","","","","","","","","","ACTIVE/SUPPORT — active platform implementation","Phase 1 authority; Phase 2 current reality; Phase 3 target boundary; Phase 4 support evidence","INDIVIDUAL — responsibility and compatibility reviewed for this path"
"PLATFORM_BUILD_SCRIPT_TOOL","windows/runner/runner.exe.manifest","616","639A56233FCD8CBCB8BBEFCD93E4680EC2664F32D9ACFB3D2EC1D8726A96E090","active platform implementation","Implements platform integration runner.exe.","Platform/build/release contract","platform/windows","PLATFORM SUPPORT / RETAIN WITH BOUNDARY","Support-surface evidence for windows/runner/runner.exe.manifest (616 bytes; SHA-256 639A56233FCD8CBCB8BBEFCD93E4680EC2664F32D9ACFB3D2EC1D8726A96E090).","DIRECT SUPPORT-SURFACE REVIEW","OS lifecycle, filesystem, plugin and release runtime compatibility","Retain behind platform capability ports; validate runtime/release","Cross-platform release and restore acceptance rehearsal","DIRECTLY ANALYZED","","Support class active platform implementation; unique behavior reviewed directly where present.","","","","","","","","Platform runner, lifecycle, window, plugin, manifest or storage integration","","","","","","","","","","","ACTIVE/SUPPORT — active platform implementation","Phase 1 authority; Phase 2 current reality; Phase 3 target boundary; Phase 4 support evidence","INDIVIDUAL — responsibility and compatibility reviewed for this path"
"PLATFORM_BUILD_SCRIPT_TOOL","windows/runner/Runner.rc","3120","3475C08ABF1BB0C016E850997B0CE97782B8A913327D70A20451923D39C9339C","active platform implementation","Implements platform integration Runner.","Platform/build/release contract","platform/windows","PLATFORM SUPPORT / RETAIN WITH BOUNDARY","Support-surface evidence for windows/runner/Runner.rc (3120 bytes; SHA-256 3475C08ABF1BB0C016E850997B0CE97782B8A913327D70A20451923D39C9339C).","DIRECT SUPPORT-SURFACE REVIEW","OS lifecycle, filesystem, plugin and release runtime compatibility","Retain behind platform capability ports; validate runtime/release","Cross-platform release and restore acceptance rehearsal","DIRECTLY ANALYZED","","Support class active platform implementation; unique behavior reviewed directly where present.","","","","","","","","Platform runner, lifecycle, window, plugin, manifest or storage integration","","","","","","","","","","","ACTIVE/SUPPORT — active platform implementation","Phase 1 authority; Phase 2 current reality; Phase 3 target boundary; Phase 4 support evidence","INDIVIDUAL — responsibility and compatibility reviewed for this path"
"PLATFORM_BUILD_SCRIPT_TOOL","windows/runner/utils.cpp","1862","FBB18524C22593D0CE7869B0733E237BE38E668FE045E3023BCF2D0B31784FA3","active platform implementation","Implements platform integration utils.","Platform/build/release contract","platform/windows","PLATFORM SUPPORT / RETAIN WITH BOUNDARY","Support-surface evidence for windows/runner/utils.cpp (1862 bytes; SHA-256 FBB18524C22593D0CE7869B0733E237BE38E668FE045E3023BCF2D0B31784FA3).","DIRECT SUPPORT-SURFACE REVIEW","OS lifecycle, filesystem, plugin and release runtime compatibility","Retain behind platform capability ports; validate runtime/release","Cross-platform release and restore acceptance rehearsal","DIRECTLY ANALYZED","","Support class active platform implementation; unique behavior reviewed directly where present.","","","","","","","","Platform runner, lifecycle, window, plugin, manifest or storage integration","","","","","","","","","","","ACTIVE/SUPPORT — active platform implementation","Phase 1 authority; Phase 2 current reality; Phase 3 target boundary; Phase 4 support evidence","INDIVIDUAL — responsibility and compatibility reviewed for this path"
"PLATFORM_BUILD_SCRIPT_TOOL","windows/runner/utils.h","691","832E246B6758253F89016FB0374B30791242E97AD950D27FC678B3D9FEACFDC4","active platform implementation","Implements platform integration utils.","Platform/build/release contract","platform/windows","PLATFORM SUPPORT / RETAIN WITH BOUNDARY","Support-surface evidence for windows/runner/utils.h (691 bytes; SHA-256 832E246B6758253F89016FB0374B30791242E97AD950D27FC678B3D9FEACFDC4).","DIRECT SUPPORT-SURFACE REVIEW","OS lifecycle, filesystem, plugin and release runtime compatibility","Retain behind platform capability ports; validate runtime/release","Cross-platform release and restore acceptance rehearsal","DIRECTLY ANALYZED","","Support class active platform implementation; unique behavior reviewed directly where present.","","","","","","","","Platform runner, lifecycle, window, plugin, manifest or storage integration","","","","","","","","","","","ACTIVE/SUPPORT — active platform implementation","Phase 1 authority; Phase 2 current reality; Phase 3 target boundary; Phase 4 support evidence","INDIVIDUAL — responsibility and compatibility reviewed for this path"
"PLATFORM_BUILD_SCRIPT_TOOL","windows/runner/win32_window.cpp","8822","4E4F4DCF8E86EA6E097562CB3476039E693449BD8045367538AFEE579C017511","active platform implementation","Implements platform integration win32 window.","Platform/build/release contract","platform/windows","PLATFORM SUPPORT / RETAIN WITH BOUNDARY","Support-surface evidence for windows/runner/win32_window.cpp (8822 bytes; SHA-256 4E4F4DCF8E86EA6E097562CB3476039E693449BD8045367538AFEE579C017511).","DIRECT SUPPORT-SURFACE REVIEW","OS lifecycle, filesystem, plugin and release runtime compatibility","Retain behind platform capability ports; validate runtime/release","Cross-platform release and restore acceptance rehearsal","DIRECTLY ANALYZED","","Support class active platform implementation; unique behavior reviewed directly where present.","","","","","","","","Platform runner, lifecycle, window, plugin, manifest or storage integration","","","","","","","","","","","ACTIVE/SUPPORT — active platform implementation","Phase 1 authority; Phase 2 current reality; Phase 3 target boundary; Phase 4 support evidence","INDIVIDUAL — responsibility and compatibility reviewed for this path"
"PLATFORM_BUILD_SCRIPT_TOOL","windows/runner/win32_window.h","3624","D154CF89BA85F820631A9B5BEDACBE64FC5815E428FE6BC5DA579CE649F69841","active platform implementation","Implements platform integration win32 window.","Platform/build/release contract","platform/windows","PLATFORM SUPPORT / RETAIN WITH BOUNDARY","Support-surface evidence for windows/runner/win32_window.h (3624 bytes; SHA-256 D154CF89BA85F820631A9B5BEDACBE64FC5815E428FE6BC5DA579CE649F69841).","DIRECT SUPPORT-SURFACE REVIEW","OS lifecycle, filesystem, plugin and release runtime compatibility","Retain behind platform capability ports; validate runtime/release","Cross-platform release and restore acceptance rehearsal","DIRECTLY ANALYZED","","Support class active platform implementation; unique behavior reviewed directly where present.","","","","","","","","Platform runner, lifecycle, window, plugin, manifest or storage integration","","","","","","","","","","","ACTIVE/SUPPORT — active platform implementation","Phase 1 authority; Phase 2 current reality; Phase 3 target boundary; Phase 4 support evidence","INDIVIDUAL — responsibility and compatibility reviewed for this path"
"PLATFORM_BUILD_SCRIPT_TOOL","windows/runner/resources/app_icon.ico","30644","3D44688997E64A69B341AA7428B9E94CA75A24C42724E37F28C2330C37DBF4BA","active platform implementation","Implements platform integration app icon.","Platform/build/release contract","platform/windows","PLATFORM SUPPORT / RETAIN WITH BOUNDARY","Support-surface evidence for windows/runner/resources/app_icon.ico (30644 bytes; SHA-256 3D44688997E64A69B341AA7428B9E94CA75A24C42724E37F28C2330C37DBF4BA).","DIRECT SUPPORT-SURFACE REVIEW","OS lifecycle, filesystem, plugin and release runtime compatibility","Retain behind platform capability ports; validate runtime/release","Cross-platform release and restore acceptance rehearsal","DIRECTLY ANALYZED","","Support class active platform implementation; unique behavior reviewed directly where present.","","","","","","","","Platform runner, lifecycle, window, plugin, manifest or storage integration","","","","","","","","","","","ACTIVE/SUPPORT — active platform implementation","Phase 1 authority; Phase 2 current reality; Phase 3 target boundary; Phase 4 support evidence","INDIVIDUAL — responsibility and compatibility reviewed for this path"
"PLATFORM_BUILD_SCRIPT_TOOL","scripts/validate_opc_manifest_gate.py","4271","6DA4E97E37806A1CA4034E7B8F56B911D9025E01D499D3B9DCC36E0A4D011E43","migration/recovery/script/tool surface","Provides validate opc manifest gate automation/tool behavior.","Platform/build/release contract","tooling/migration/recovery support","PLATFORM SUPPORT / RETAIN WITH BOUNDARY","Support-surface evidence for scripts/validate_opc_manifest_gate.py (4271 bytes; SHA-256 6DA4E97E37806A1CA4034E7B8F56B911D9025E01D499D3B9DCC36E0A4D011E43).","DIRECT SUPPORT-SURFACE REVIEW","Validation gate, fixture or migration reproducibility","Retain in documented validation/recovery workflow","Migration/recovery validation workflow","DIRECTLY ANALYZED","","Support class migration/recovery/script/tool surface; unique behavior reviewed directly where present.","","","","","","","","Validation, fixture generation, migration or forensic tooling","","","","","","","","","","","ACTIVE/SUPPORT — migration/recovery/script/tool surface","Phase 1 authority; Phase 2 current reality; Phase 3 target boundary; Phase 4 support evidence","INDIVIDUAL — responsibility and compatibility reviewed for this path"
"PLATFORM_BUILD_SCRIPT_TOOL","scripts/validate_utf8_bom.cs","1248","E6A4ED7B5D6F64741CE4A8355C23B0C1F9C332D179F09851139637982A5DEDBD","migration/recovery/script/tool surface","Provides validate utf8 bom automation/tool behavior.","Platform/build/release contract","tooling/migration/recovery support","PLATFORM SUPPORT / RETAIN WITH BOUNDARY","Support-surface evidence for scripts/validate_utf8_bom.cs (1248 bytes; SHA-256 E6A4ED7B5D6F64741CE4A8355C23B0C1F9C332D179F09851139637982A5DEDBD).","DIRECT SUPPORT-SURFACE REVIEW","Validation gate, fixture or migration reproducibility","Retain in documented validation/recovery workflow","Migration/recovery validation workflow","DIRECTLY ANALYZED","","Support class migration/recovery/script/tool surface; unique behavior reviewed directly where present.","","","","","","","","Validation, fixture generation, migration or forensic tooling","","","","","","","","","","","ACTIVE/SUPPORT — migration/recovery/script/tool surface","Phase 1 authority; Phase 2 current reality; Phase 3 target boundary; Phase 4 support evidence","INDIVIDUAL — responsibility and compatibility reviewed for this path"
"PLATFORM_BUILD_SCRIPT_TOOL","tool/generate_scenario_owner_golden_fixture.dart","8844","3160A57DC527A1F864F79C0130DD90262CD172E8CDDC366AFA4E41E03E3422F9","release/signing/provenance surface","Carries release/provenance support generate scenario owner golden fixture.","Platform/build/release contract","platform/release provenance","PLATFORM SUPPORT / RETAIN WITH BOUNDARY","Support-surface evidence for tool/generate_scenario_owner_golden_fixture.dart (8844 bytes; SHA-256 3160A57DC527A1F864F79C0130DD90262CD172E8CDDC366AFA4E41E03E3422F9).","DIRECT SUPPORT-SURFACE REVIEW","Artifact identity, signing, native resource and provenance compatibility","Retain and verify during release acceptance","Release/signing/provenance acceptance","DIRECTLY ANALYZED","","Support class release/signing/provenance surface; unique behavior reviewed directly where present.","","","","","","","","Release metadata, native resource or packaging provenance","","","","","","","","","","","ACTIVE/SUPPORT — release/signing/provenance surface","Phase 1 authority; Phase 2 current reality; Phase 3 target boundary; Phase 4 support evidence","INDIVIDUAL — responsibility and compatibility reviewed for this path"
